####
#
# OBJ File Generated by Meshlab
#
####
# Object angel_rem.obj
#
# Vertices: 4468
# Faces: 8932
#
####
v -27.033400 -1.568870 -11.154900
v -27.047400 -1.263410 -10.117600
v -26.170500 -0.814468 -10.232200
v -26.135099 -1.179240 -11.317200
v -26.854200 -1.536270 -9.173420
v -25.991400 -1.154010 -9.171380
v -25.220900 -0.417467 -10.280900
v -25.151100 -0.762314 -11.401200
v -25.085600 -0.685630 -9.176850
v 5.032860 -20.447500 3.554840
v 3.848360 -20.717400 3.772950
v 3.855230 -21.834400 3.161780
v 4.974510 -21.608101 2.953020
v 6.219700 -20.247801 3.334800
v 6.175270 -21.285601 2.670070
v 5.031030 -22.447100 1.803760
v 6.212290 -22.097900 1.549860
v 3.761280 -22.772600 2.051500
v 14.730400 2.515700 -7.083230
v 14.691700 2.578710 -6.254060
v 15.452400 2.501060 -6.293040
v 15.517300 2.500930 -6.999340
v 14.698500 2.263270 -5.468760
v 15.448600 2.158900 -5.611640
v 13.990900 2.692340 -7.191070
v 13.914400 2.847680 -6.303650
v 13.850200 2.428880 -5.273820
v 16.093300 2.407140 -6.279290
v 16.225700 2.450470 -6.843010
v 16.079201 2.042960 -5.771680
v 6.509300 3.169400 1.113830
v 7.215960 4.219070 0.345725
v 6.699880 5.250130 1.464030
v 5.625040 3.703270 2.248240
v 5.733550 5.845100 2.684600
v 5.103690 4.685180 3.176470
v 5.967560 2.075810 1.543920
v 5.238810 2.235270 2.387030
v 4.205710 2.045360 2.984070
v 4.363570 3.048480 3.168780
v 4.180420 3.964530 3.637630
v 27.148500 -10.812500 -6.993720
v 26.201700 -11.142700 -6.796800
v 25.476200 -10.995000 -7.935170
v 26.807699 -10.705200 -8.000470
v 26.506701 -9.937950 -8.874330
v 25.312401 -10.006000 -8.867410
v 27.590700 -9.811060 -8.917230
v 27.854601 -10.428700 -8.155400
v 28.069700 -10.485500 -7.194150
v 32.704399 -7.496710 -9.873780
v 32.411999 -6.711590 -10.285800
v 33.052101 -6.198750 -9.734660
v 33.523800 -6.983840 -9.319270
v 32.045200 -6.000080 -10.550900
v 32.573898 -5.567300 -10.033300
v 33.279099 -5.675270 -8.926940
v 33.738300 -6.395740 -8.461620
v 32.749199 -5.084940 -9.298960
v 9.921170 -0.094734 -2.787950
v 10.873000 -0.201629 -2.673280
v 11.148400 0.832936 -3.266680
v 10.163300 0.744627 -3.276830
v 11.943900 -0.382450 -2.844570
v 12.315100 0.683492 -3.495140
v 10.560700 -1.096250 -2.213110
v 11.532200 -1.464950 -2.399840
v 9.544880 -1.020330 -2.328940
v 13.000600 1.038440 -10.471800
v 13.168100 1.689070 -9.681090
v 13.846300 1.348760 -9.353320
v 13.719700 0.754793 -10.132500
v 12.770800 0.321331 -11.335100
v 13.516000 0.094061 -10.995100
v 12.433400 0.889040 -11.909500
v 12.638400 1.656480 -11.032600
v 12.829700 2.360560 -10.252400
v -11.047000 -9.601220 -1.839040
v -9.978900 -9.645860 -1.800200
v -10.070100 -8.625830 -1.875920
v -11.124500 -8.555740 -1.868020
v -10.965400 -7.555570 -1.683330
v -11.739600 -7.144540 -2.124360
v -12.213200 -8.272130 -2.427650
v -12.101400 -9.614680 -2.144980
v -10.101400 -7.723190 -1.705650
v 3.512870 17.584801 -7.300040
v 3.745890 17.596500 -5.903090
v 4.663030 17.236700 -6.065970
v 4.502880 17.187300 -7.304230
v 3.328450 17.455999 -8.686500
v 4.408280 16.939301 -8.620940
v 2.445500 17.906500 -7.253470
v 2.745580 17.799999 -5.812520
v 2.214570 17.761200 -8.771700
v 5.379180 16.650801 -7.279100
v 5.345880 16.413099 -8.454300
v 5.457810 16.785700 -6.158860
v 6.083390 16.157000 -7.173480
v 6.203910 15.825900 -8.314720
v 4.301180 16.666201 -9.845680
v 5.375930 16.052200 -9.704800
v 6.336770 15.481200 -9.409020
v 6.057600 16.315500 -6.262200
v 28.972500 -3.813070 -11.679500
v 29.463499 -4.547750 -11.498700
v 28.291700 -4.848300 -11.705500
v 28.154400 -4.094460 -11.957800
v 28.612000 -3.249050 -11.738000
v 28.004200 -3.425280 -12.030900
v 27.219601 -4.156260 -12.103300
v 27.239100 -3.425860 -12.252700
v 27.222700 -4.942510 -11.747800
v -3.002990 -22.073200 -1.875610
v -3.058690 -23.134800 -0.738705
v -4.086390 -23.024599 -0.763682
v -3.997100 -22.090200 -1.842230
v -2.991420 -20.798000 -2.671040
v -3.894050 -20.837999 -2.640960
v -5.025540 -22.893600 -0.780549
v -4.920670 -22.033300 -1.838720
v -4.836620 -20.879499 -2.608330
v -2.040150 -22.040600 -1.892210
v -2.029030 -23.042700 -0.801944
v -2.031360 -20.733700 -2.710050
v 11.668800 -14.092000 -0.256239
v 12.786100 -14.105000 -0.484078
v 12.812500 -13.257900 -1.045100
v 11.741900 -13.197900 -0.800328
v 13.854400 -14.164000 -0.661978
v 13.985700 -13.379200 -1.194660
v 11.679800 -15.051900 0.353241
v 12.773100 -15.008900 0.072413
v 13.795700 -14.968800 -0.123042
v 14.106700 -12.583900 -1.767910
v 12.918500 -12.478300 -1.469630
v 11.829800 -12.358500 -1.252470
v 31.266199 -4.324180 -10.545800
v 31.354099 -3.932700 -9.949140
v 31.825701 -4.272440 -9.771600
v 31.743099 -4.624200 -10.342400
v 32.129398 -5.024250 -10.200800
v 32.279202 -4.638610 -9.567090
v 31.360001 -3.620910 -9.289500
v 31.837500 -3.949280 -9.176080
v 32.207802 -4.273920 -8.915230
v -20.512600 -5.161010 -11.708300
v -20.279499 -6.127390 -11.157900
v -21.270599 -6.231350 -11.096200
v -21.554199 -5.253460 -11.652400
v -19.994400 -7.031720 -10.638300
v -21.020399 -7.145440 -10.571700
v -19.516199 -5.066770 -11.765100
v -19.232401 -6.008520 -11.227800
v -18.991699 -6.926460 -10.700000
v -21.300100 -5.225630 -6.947790
v -20.424299 -5.059670 -6.921910
v -20.737499 -4.009880 -7.343780
v -21.675900 -4.201710 -7.378040
v -19.467600 -4.773170 -6.797780
v -19.820101 -3.735860 -7.201570
v -20.228300 -2.588260 -7.491190
v -21.136600 -2.903090 -7.702780
v -22.065399 -3.128050 -7.771940
v 3.244340 10.405000 4.353860
v 4.157740 10.356200 3.700660
v 4.170610 11.332800 3.464960
v 3.261980 11.363300 4.186640
v 2.352390 10.426000 4.854390
v 2.346450 11.380300 4.839190
v 2.419360 9.477890 4.969890
v 3.365670 9.408910 4.469080
v 4.281070 9.326810 3.927820
v 4.267620 12.282600 3.236270
v 3.387880 12.362400 4.026040
v 2.543130 12.385100 4.662390
v -12.205100 6.246950 -5.870630
v -12.525000 5.805270 -6.587170
v -12.593100 5.248920 -5.942320
v -12.172300 5.721290 -5.256530
v -12.920400 4.746670 -6.720980
v -12.900500 4.127750 -5.995410
v -12.481500 4.641190 -5.263470
v -12.830700 5.302880 -7.365840
v -12.006900 5.175230 -4.634570
v -28.827101 -5.976870 -11.153800
v -28.665100 -6.843950 -10.694800
v -29.623800 -7.021180 -10.568500
v -29.716900 -6.169750 -11.015400
v -28.152000 -4.766550 -11.740900
v -27.916500 -5.706410 -11.328900
v -29.030199 -5.065400 -11.545200
v -27.690901 -6.608900 -10.843400
v -29.854799 -5.287520 -11.352300
v 22.857401 -12.040700 -3.291210
v 22.164801 -12.019100 -3.275090
v 22.206499 -12.789400 -3.611820
v 22.878599 -12.633000 -3.694360
v 23.376699 -12.015800 -3.410740
v 23.480200 -12.430600 -3.862310
v 22.938700 -13.166100 -4.316190
v 23.540701 -12.859800 -4.450160
v 22.247999 -13.370900 -4.254910
v 12.732000 4.573180 -5.816010
v 12.676000 5.420570 -6.676770
v 12.283500 6.076450 -6.032420
v 12.321200 5.370530 -5.330140
v 11.914100 6.752690 -5.410530
v 11.856600 6.043940 -4.819660
v 12.093100 4.681100 -4.625640
v 11.694600 5.389830 -4.236150
v 12.464900 3.852920 -5.008150
v 12.460000 6.190280 -7.360170
v 12.160000 6.819770 -6.676950
v 11.786300 7.464480 -5.946470
v -9.204180 -20.173599 1.749680
v -9.955720 -19.954901 1.470920
v -9.918850 -20.656900 0.584794
v -9.227010 -20.943501 0.767255
v -8.595270 -21.233299 1.017370
v -8.584200 -20.579000 1.920970
v -9.845120 -21.147900 -0.506544
v -9.126810 -21.385500 -0.354337
v -8.559030 -21.748899 -0.009829
v -8.929490 -19.143700 2.506700
v -8.364970 -19.935699 2.668100
v -9.977830 -19.027000 2.113940
v -1.911120 16.121300 -13.276600
v -2.054770 16.648600 -12.309300
v -1.246600 16.777100 -12.365400
v -1.102900 16.282900 -13.237400
v -2.144700 17.021999 -11.280200
v -1.369380 17.232201 -11.289800
v -2.725580 15.921600 -13.173300
v -2.872690 16.381800 -12.228300
v -2.916560 16.807899 -11.057600
v -0.483267 17.258400 -11.432100
v -0.456491 16.823900 -12.388500
v -0.353276 16.209400 -13.316700
v 31.642500 -7.824160 -10.023000
v 31.431000 -7.046440 -10.451800
v 32.960602 -8.349290 -9.378200
v 33.746399 -7.895040 -8.767340
v 31.757900 -8.629650 -9.553800
v -26.636101 -3.229900 -12.307100
v -26.310801 -4.260520 -12.093900
v -27.249100 -4.498560 -11.928600
v -27.545000 -3.529060 -12.076200
v -25.972700 -5.204040 -11.642000
v -26.952999 -5.440180 -11.493800
v -28.397699 -3.804600 -11.865000
v -25.713100 -2.958620 -12.484100
v -25.350700 -3.981310 -12.273300
v -25.015301 -4.913320 -11.813300
v -13.537100 -12.175000 -1.842680
v -12.566200 -11.903600 -1.672610
v -12.835600 -10.913600 -2.158670
v -13.793900 -11.294700 -2.384460
v -13.066400 -9.929850 -2.576570
v -14.057900 -10.316500 -2.900800
v -14.795200 -11.698100 -2.496200
v -15.013700 -10.720400 -3.076970
v -14.525200 -12.532600 -1.878400
v -11.884400 -18.941900 1.120640
v -11.454700 -18.955400 1.421500
v -11.606300 -18.160801 1.528490
v -12.144700 -18.468599 1.086800
v -11.790600 -17.360001 1.335140
v -12.505300 -17.780399 0.871197
v -12.830400 -18.492500 0.203936
v -12.370200 -18.964600 0.445197
v -11.882200 -19.353500 0.644221
v -10.792400 -18.981400 1.753940
v -10.879100 -18.036400 1.895780
v -10.921600 -17.068100 1.596700
v 15.952200 -16.444500 -4.542180
v 15.634200 -17.100800 -4.103530
v 14.700600 -17.038099 -4.623990
v 14.772100 -16.292900 -5.119250
v 16.582001 -16.309000 -3.560910
v 16.211201 -16.912100 -3.162510
v 16.178400 -15.720300 -5.078500
v 14.914500 -15.463900 -5.659510
v 17.021700 -15.761000 -3.969380
v -23.134800 -11.920200 -3.326450
v -23.650999 -11.936900 -3.548630
v -23.715900 -12.327200 -3.955380
v -23.131399 -12.549100 -3.717010
v -23.272800 -11.187000 -3.318250
v -23.927299 -11.482800 -3.645840
v -24.191601 -11.927100 -4.166750
v -6.628830 -6.831110 -5.856600
v -5.827780 -6.673020 -5.698800
v -6.105610 -5.863820 -5.753820
v -6.589440 -6.076030 -5.980110
v -6.190740 -5.092920 -5.424770
v -6.200830 -5.450990 -5.780190
v -5.794310 -5.540130 -5.237280
v -5.468530 -6.267410 -4.970950
v -6.707720 -5.464520 -5.803940
v 15.227400 -18.052900 -3.265880
v 15.411500 -17.629900 -3.630840
v 15.791500 -17.471901 -2.821010
v 15.350800 -17.876499 -2.505710
v 14.699800 -18.173599 -3.325830
v 14.690900 -17.767799 -4.058520
v 14.805900 -18.275101 -2.391050
v 15.375000 -17.511499 -1.632980
v 14.812300 -17.901899 -1.431370
v 15.877900 -17.028400 -1.882040
v 20.846901 -6.027480 -11.213600
v 20.757900 -6.803840 -10.768200
v 19.842501 -6.682060 -10.839300
v 19.892500 -5.816860 -11.335800
v 18.801001 -6.555810 -10.912900
v 18.987600 -5.709080 -11.399200
v 19.672701 -7.490220 -10.374200
v 18.731199 -7.454700 -10.395400
v 20.718300 -7.647220 -10.282700
v 20.906900 -5.223810 -11.673200
v 19.931200 -5.031640 -11.783200
v 18.996799 -4.845970 -11.890200
v 20.056200 -4.155760 -12.273300
v 19.073700 -3.966620 -12.379200
v 20.961000 -4.335900 -12.171200
v 20.211800 -3.168850 -12.793700
v 19.227501 -3.047040 -12.862200
v 21.162201 -3.401560 -12.662100
v 21.830500 -6.165220 -11.132600
v 21.798500 -7.004500 -10.651100
v 21.874599 -5.354290 -11.596500
v -8.831530 -9.671850 -2.316170
v -7.532630 -9.699250 -3.139010
v -8.127810 -8.349380 -3.547580
v -9.087880 -8.587160 -2.428080
v -8.690920 -10.609700 -1.712000
v -7.488440 -10.794400 -2.066830
v -6.149310 -10.924900 -2.194890
v -6.125540 -10.008000 -3.351850
v -7.092170 -9.383290 -4.172890
v -6.185410 -9.466400 -4.385560
v -7.304810 -8.643110 -4.630220
v 18.984301 -8.189100 -5.217310
v 19.908001 -8.143890 -5.303150
v 20.013500 -7.283490 -5.756220
v 19.090099 -7.299370 -5.660070
v 18.848499 -9.050200 -4.721720
v 19.822100 -8.961560 -4.855120
v 17.973801 -8.220170 -5.064450
v 18.157400 -7.281140 -5.510650
v 17.855801 -9.133100 -4.586300
v 20.746099 -8.927090 -4.898890
v 20.843500 -8.104290 -5.321830
v 20.930000 -7.291290 -5.829230
v 6.813730 -2.181670 -0.481833
v 7.137810 -1.244440 -0.935598
v 6.869300 -0.860175 -0.064636
v 6.611780 -1.735490 0.348876
v 6.478640 -0.448143 0.788904
v 6.204550 -1.298910 1.203480
v 6.435850 -3.108970 -0.045921
v 6.272830 -2.657600 0.796216
v 5.913240 -2.152430 1.578650
v 7.386390 -0.318634 -1.321420
v 7.139790 0.036661 -0.501286
v 7.201570 -1.610650 -1.786570
v 7.554750 -0.636530 -2.086050
v 6.845410 -2.600030 -1.342180
v 6.735470 0.426495 0.309674
v -17.114000 -14.377500 -2.438520
v -17.348700 -15.161200 -3.184010
v -16.928499 -15.647500 -2.840610
v -16.707100 -14.918700 -2.093340
v -16.504200 -13.526200 -2.009890
v -16.163000 -14.207200 -1.517200
v -17.694500 -13.896400 -2.673820
v -17.947201 -14.769900 -3.391450
v -17.077200 -12.653600 -2.462450
v 24.780800 -2.013150 -12.680600
v 24.951300 -1.224310 -12.126900
v 25.839300 -1.533480 -11.985700
v 25.725401 -2.273250 -12.493300
v 25.021799 -0.623348 -11.276600
v 25.929501 -1.000210 -11.215000
v 26.661100 -1.860420 -11.830000
v 26.538900 -2.507440 -12.323600
v 26.705000 -1.362170 -11.152100
v -14.294000 -13.338900 -1.284000
v -13.302800 -13.082100 -1.271980
v -14.102600 -14.146300 -0.723380
v -13.180600 -13.967100 -0.686375
v -15.283500 -13.680000 -1.316070
v -15.521900 -12.946400 -1.878570
v -15.087700 -14.405100 -0.758639
v -12.372000 -12.854400 -1.157680
v -12.252200 -13.810300 -0.581471
v 16.532900 -5.307110 -5.668290
v 17.531900 -5.362730 -5.992770
v 17.673000 -4.409920 -6.297690
v 16.712900 -4.431720 -5.945090
v 17.732000 -3.518080 -6.546240
v 16.804501 -3.567100 -6.174930
v 15.794100 -4.444620 -5.541930
v 15.970700 -3.664440 -5.754470
v 15.536500 -5.239030 -5.274380
v 16.288799 -6.195600 -5.381940
v 17.346100 -6.286540 -5.661610
v 18.329700 -6.357630 -5.899780
v 18.470900 -5.441440 -6.257820
v 18.621500 -4.514960 -6.617440
v -3.224470 4.203610 4.312900
v -4.083610 4.318450 3.949120
v -4.246480 3.555120 3.522940
v -3.276930 3.440330 3.878640
v -4.815070 4.609280 3.626070
v -5.111660 3.880740 3.061900
v -4.340990 2.769780 3.121030
v -3.307000 2.734680 3.482660
v -5.435330 2.929820 2.365140
v -8.599820 -7.290920 -2.893010
v -8.195510 -6.637710 -3.526570
v -8.319340 -6.016860 -2.806220
v -8.719410 -6.506840 -2.321690
v -7.936030 -7.291880 -4.314230
v -7.704830 -6.442430 -4.774120
v -7.904460 -5.931730 -3.969450
v -7.997810 -5.422510 -3.223500
v 23.343300 -3.570430 -7.755760
v 24.281099 -3.744660 -7.778120
v 24.380301 -2.889240 -8.117950
v 23.428499 -2.744450 -8.053790
v 25.246799 -3.868980 -7.862350
v 25.284000 -3.030040 -8.192120
v 23.276199 -4.415310 -7.374670
v 24.253401 -4.524330 -7.413470
v 25.165899 -4.653500 -7.452790
v 24.547800 -1.986900 -8.330480
v 23.597200 -1.812910 -8.261240
v 25.492001 -2.182890 -8.469860
v 11.959900 4.829390 -13.248000
v 11.623700 5.536510 -13.627200
v 11.616900 6.231200 -12.896300
v 11.965100 5.524970 -12.409900
v 11.555100 6.852590 -12.210300
v 11.902000 6.174730 -11.826700
v 12.250500 4.067640 -12.713100
v 12.273500 4.778860 -11.963100
v 12.227100 5.435950 -11.318300
v 11.212400 6.272230 -14.114900
v 11.232500 6.923990 -13.271100
v 11.487500 4.833110 -14.606200
v 11.078000 5.626040 -15.014500
v 11.805600 4.082930 -14.154600
v 11.168700 7.535610 -12.640300
v 10.728100 7.017290 -14.552600
v 10.699600 7.667480 -13.782300
v 10.593700 6.394610 -15.492100
v 10.680100 8.250630 -13.084300
v 10.082900 8.454050 -14.246700
v 10.080500 9.011370 -13.514100
v 10.091000 9.543700 -12.823500
v 10.667800 8.807960 -12.414600
v 11.129600 8.092140 -12.021100
v 10.090600 -20.124001 1.217660
v 10.961000 -19.631800 1.089630
v 10.532600 -19.112499 1.830070
v 10.028400 -19.669300 1.755960
v 9.369820 -19.741100 2.111430
v 9.234220 -20.431499 1.495380
v 9.687920 -18.873800 2.348410
v 10.096800 -20.641199 0.413725
v 11.030300 -20.194500 0.146141
v 9.233750 -21.013800 0.648813
v 7.715800 1.737630 -1.403160
v 8.164440 2.484750 -1.893150
v 7.868860 3.010780 -1.221800
v 7.392650 2.204240 -0.667288
v 8.496140 3.653300 -1.732810
v 8.699720 3.077630 -2.281260
v 7.995490 1.274920 -2.114180
v 8.365120 1.978410 -2.417460
v 8.859340 2.511620 -2.725210
v 7.538520 3.522640 -0.445748
v 6.975370 2.664190 0.182452
v 8.258360 4.194730 -1.140390
v 7.989520 4.896770 -0.408294
v -8.188170 2.752080 -16.233801
v -8.320440 1.758240 -15.677000
v -9.519510 1.913200 -15.679100
v -9.325890 2.859040 -16.204500
v -7.109760 2.728250 -16.247900
v -7.157330 1.710270 -15.672800
v -8.093010 3.725300 -16.766899
v -9.143470 3.839910 -16.708000
v -7.047710 3.755090 -16.819599
v 8.235080 -3.073950 -2.249510
v 7.695510 -3.518590 -3.007690
v 7.971350 -4.334490 -2.614260
v 8.379630 -3.902560 -1.954140
v 9.093630 -3.684910 -1.434480
v 9.056910 -2.821250 -1.689800
v 8.213840 -2.106100 -2.600300
v 7.529250 -2.804480 -3.243630
v 9.210980 -1.940060 -2.035330
v -3.451670 -14.937300 1.074080
v -2.570260 -14.846200 0.953793
v -2.428820 -14.076300 0.483258
v -3.428340 -14.077700 0.603178
v -4.449340 -14.999200 1.157900
v -4.304490 -14.135700 0.671728
v -3.549800 -15.752000 1.602910
v -2.601950 -15.708500 1.508920
v -4.456320 -15.818700 1.644770
v -2.412430 -13.285100 0.041850
v -3.307670 -13.284700 0.111344
v -4.277010 -13.242200 0.173865
v -2.336370 -12.612600 -0.390027
v -3.287850 -12.457200 -0.447304
v -4.216900 -12.463500 -0.411137
v -1.620110 -14.871300 0.846948
v -1.559920 -14.071500 0.377806
v -1.646960 -15.710600 1.399390
v -1.438330 -13.371800 0.012248
v -1.412160 -12.646300 -0.407247
v -0.695627 -14.928800 0.806440
v -0.574575 -14.156900 0.356418
v -0.660047 -15.806500 1.355220
v -0.520209 -13.354300 -0.045657
v 17.741400 -2.488310 -6.671810
v 16.824600 -2.687630 -6.246250
v 16.047100 -2.899910 -5.831450
v 16.799801 -1.753030 -6.180170
v 16.106701 -2.111410 -5.769600
v 17.753401 -1.194290 -6.607230
v 18.667400 -3.568360 -6.877450
v 18.713800 -2.580780 -7.021070
v 18.858101 -1.433560 -7.063610
v 19.790400 -1.740780 -7.393950
v 20.049900 -0.632354 -7.469830
v 19.161200 -0.269733 -7.179500
v 20.280199 0.469385 -7.874150
v 19.358900 0.793749 -7.644650
v 18.334900 0.084290 -6.839890
v 18.472500 1.094960 -7.375990
v 27.942900 -2.389790 -11.503200
v 28.016199 -2.024990 -10.989400
v 28.559700 -2.290060 -10.849700
v 28.478701 -2.604000 -11.338400
v 27.276800 -2.719460 -12.116500
v 27.348101 -2.154240 -11.680000
v 27.929899 -2.857020 -11.900100
v 27.422501 -1.725440 -11.081200
v 28.362801 -2.890700 -11.673900
v 6.068810 8.740640 -18.542500
v 5.978130 9.703730 -18.163601
v 6.757870 9.326070 -17.778500
v 6.872560 8.633080 -18.154100
v 5.197370 8.935330 -18.863001
v 5.066800 9.994640 -18.576099
v 5.819750 10.479500 -17.669701
v 6.692140 9.980850 -17.281900
v 4.982420 10.835200 -18.026800
v -13.401800 -17.963499 -0.055414
v -14.060200 -17.647900 -0.311033
v -14.104800 -18.308201 -1.098690
v -13.451200 -18.710800 -0.884074
v -12.999900 -16.974899 0.551607
v -13.973600 -16.773701 0.191566
v -12.881200 -19.125999 -0.618247
v 32.364899 -7.940270 -5.903430
v 31.514900 -8.053450 -6.009160
v 31.747999 -8.809400 -6.222540
v 32.741001 -8.456680 -6.227690
v 33.413799 -7.651200 -6.509360
v 32.562099 -7.280320 -6.069910
v 31.514299 -7.247820 -6.063900
v -22.302000 -6.382430 -11.007100
v -22.631201 -5.409440 -11.559300
v -21.900999 -4.281590 -12.189000
v -22.950199 -4.435170 -12.096900
v -23.390699 -6.532150 -10.918200
v -23.677999 -5.586800 -11.455900
v -24.020100 -4.664510 -11.961900
v -22.048700 -7.323460 -10.467000
v -20.845100 -4.133760 -12.278400
v -27.654200 -9.073020 -5.722990
v -26.749001 -9.074030 -5.543620
v -26.914700 -8.143120 -5.712510
v -28.151600 -8.386700 -5.956810
v -29.299500 -8.267250 -6.291180
v -28.176399 -7.334020 -6.187560
v -29.246599 -7.392470 -6.364010
v -29.448900 -9.001820 -6.562530
v -28.602501 -9.218020 -6.341180
v -27.823601 -9.648200 -6.032920
v -27.042400 -7.132520 -6.070280
v 16.513000 2.270060 -6.231640
v 16.773701 2.259610 -6.581760
v 16.580500 1.899620 -5.933500
v 16.977400 1.761460 -6.177100
v -20.149500 -2.888370 -12.898500
v -19.784201 -4.022350 -12.345800
v -21.186600 -3.040550 -12.815300
v -22.253700 -3.218950 -12.720500
v -19.070900 -2.718110 -12.958300
v -18.817101 -3.878460 -12.426300
v -18.537100 -4.944910 -11.836000
v -20.463400 -1.614110 -13.056900
v -21.555500 -1.842900 -13.009500
v -19.413000 -1.445350 -13.054100
v -24.433901 -6.712000 -10.812000
v -24.172899 -7.683820 -10.253700
v -25.210800 -7.905580 -10.122500
v -25.435200 -6.970310 -10.660500
v -23.947001 -8.653080 -9.694280
v -25.017900 -8.871470 -9.564190
v -26.280300 -8.151090 -9.977010
v -26.458900 -7.219160 -10.512100
v -26.120300 -9.135290 -9.400880
v -23.809799 -12.373900 -7.336910
v -23.559900 -12.988600 -6.863010
v -24.273500 -12.920500 -6.454660
v -24.658800 -12.433500 -6.890760
v -23.342899 -13.459000 -6.339160
v -23.919001 -13.299800 -5.999360
v -24.694201 -12.579900 -5.784520
v -24.211500 -12.945600 -5.404860
v -25.147699 -12.156300 -6.179090
v -7.267130 -0.091948 -14.640200
v -7.328640 -0.871246 -14.192200
v -8.707140 -0.765449 -14.237300
v -8.595100 0.010407 -14.681500
v -7.224290 0.760624 -15.129300
v -8.449870 0.841667 -15.157500
v -5.999730 0.731999 -15.118400
v -5.965240 -0.098004 -14.641500
v -5.944510 -0.912638 -14.172700
v -31.463499 -6.211480 -10.785800
v -31.605499 -7.005660 -10.448700
v -32.583599 -6.760320 -10.176500
v -32.210999 -5.982450 -10.487300
v -32.706902 -5.581180 -9.900900
v -33.187302 -6.296650 -9.610750
v -31.340300 -5.447210 -10.947900
v -31.889799 -5.340590 -10.649000
v -32.186699 -4.992920 -10.137900
v 15.119100 -1.240430 -12.710100
v 14.958100 -2.233570 -12.972300
v 13.837200 -2.379720 -12.873400
v 14.038200 -1.367040 -12.626100
v 14.814600 -3.241050 -12.743100
v 13.644500 -3.313350 -12.684800
v 16.208200 -1.060970 -12.830900
v 16.070101 -2.172420 -13.057400
v 15.949700 -3.164270 -12.791900
v -11.355100 -19.584900 0.916997
v -10.709800 -19.778700 1.175670
v 30.738501 -9.508710 -9.046040
v 30.813999 -10.055300 -8.329570
v 29.779200 -10.075700 -8.369330
v 29.647699 -9.574690 -9.022570
v 30.882401 -10.020500 -7.508000
v 29.843901 -10.070800 -7.544800
v 28.803499 -10.226100 -8.260790
v 28.596901 -9.663170 -8.995410
v 28.917500 -10.206100 -7.450050
v -24.497801 -10.305000 -4.479990
v -23.714600 -9.813020 -4.238860
v -23.965900 -9.243880 -4.900920
v -24.852400 -9.759530 -5.023010
v -25.379101 -10.505700 -5.380290
v -24.965799 -10.934500 -4.936380
v -24.224400 -10.854800 -3.967530
v -23.500500 -10.480300 -3.656390
v -24.620001 -11.434400 -4.498960
v -24.334999 -8.578420 -5.447840
v -25.507999 -9.127230 -5.449450
v -25.993601 -10.118600 -5.669890
v 18.068300 -12.707500 -2.436560
v 19.162901 -12.419300 -2.584630
v 18.968100 -11.448500 -2.946080
v 17.891300 -11.694900 -2.802170
v 18.375299 -13.721500 -2.686260
v 19.293699 -13.369700 -2.847960
v 20.015100 -12.180000 -2.923000
v 20.155100 -13.149900 -3.189910
v 19.897499 -11.308700 -3.216730
v -1.619260 -16.648701 2.022770
v -0.672071 -16.694599 1.965800
v -2.575300 -16.609301 2.110700
v -1.638730 -17.555599 2.661120
v -0.668412 -17.574699 2.603370
v -2.541960 -17.539301 2.675890
v 0.323940 -16.661501 1.924700
v 0.326206 -15.775600 1.337490
v 0.266253 -17.529499 2.559640
v 0.337192 -14.948600 0.823096
v 0.355029 -14.119100 0.365443
v -15.708100 -17.682301 -2.503920
v -15.292100 -18.038200 -3.164780
v -15.094900 -18.283701 -2.773860
v -15.239200 -18.029200 -2.192060
v -14.666200 -18.379601 -2.089730
v -14.587800 -18.527800 -2.913760
v -14.611200 -18.224001 -3.581440
v -14.723000 -17.955099 -1.272450
v -15.311900 -17.574301 -1.522790
v -15.797000 -17.169300 -1.761530
v -19.748501 -0.290894 -12.422100
v -18.640900 -0.174530 -12.313100
v -18.306000 -1.322600 -13.026300
v -20.834600 -0.478899 -12.461800
v -21.088301 0.366973 -11.361900
v -20.078600 0.542420 -11.265200
v -18.983700 0.655983 -11.155300
v -10.603400 1.528020 -3.601430
v -9.766880 1.414180 -3.499350
v -9.857280 2.101930 -3.478290
v -10.700900 2.266080 -3.771780
v -9.754560 2.724910 -3.241600
v -10.572000 2.988670 -3.581430
v -11.406500 3.370320 -3.967270
v -11.870100 2.555490 -4.224030
v -11.548100 1.588000 -3.708390
v 1.211370 -17.403200 2.528620
v 1.275740 -16.492800 1.877830
v 1.312730 -15.630200 1.325330
v -20.330400 -13.823500 -3.882600
v -21.061001 -13.608200 -4.057470
v -21.122700 -14.121300 -4.897230
v -20.313400 -14.327100 -4.805360
v -21.092600 -14.157000 -5.831640
v -20.222300 -14.294500 -5.818290
v -21.875999 -13.945400 -4.911380
v -21.888700 -13.999100 -5.810760
v -21.805700 -13.464800 -4.128740
v 2.834640 -20.737200 3.876750
v 3.962550 -19.384199 3.584850
v 2.898560 -19.489401 3.700740
v 5.026000 -19.274900 3.434300
v 2.719960 -21.956400 3.297390
v -32.583500 -4.669540 -8.450100
v -32.800400 -5.094770 -9.189110
v -33.379002 -5.791770 -8.733240
v -33.017101 -5.280790 -7.912540
v -33.654598 -7.181130 -9.112620
v -33.803200 -6.582530 -8.210560
v -33.400902 -6.098930 -7.306200
v -4.841570 -8.198330 -4.044660
v -5.431860 -8.455130 -4.801700
v -5.342170 -9.255100 -4.306770
v -4.711230 -9.460580 -3.210220
v -5.126780 -7.139900 -4.552620
v -5.640800 -7.569900 -5.322670
v -6.369490 -8.719620 -5.012790
v -6.468020 -7.822240 -5.614250
v -11.958300 -16.496000 0.937798
v -12.047900 -15.556700 0.554720
v -13.032600 -15.776300 0.389474
v -10.994500 -16.225100 1.130810
v -11.080600 -15.370400 0.638582
v -12.139600 -14.680900 0.008056
v -13.063400 -14.838500 -0.082948
v -11.209400 -14.523400 0.116799
v 11.561700 -5.955590 -1.966920
v 11.956200 -5.430610 -2.454120
v 11.535100 -4.949860 -1.972200
v 11.235700 -5.401140 -1.602220
v 10.738500 -5.665220 -1.318860
v 10.959300 -6.315970 -1.508840
v 11.234100 -7.018330 -1.779390
v 11.998200 -6.657940 -2.405070
v 12.448100 -5.944100 -3.037740
v 11.134500 -4.610160 -1.546940
v 11.005200 -5.025430 -1.425820
v 10.610000 -5.075590 -1.188150
v 10.604800 -4.483240 -1.276150
v 14.250100 -11.758300 -2.271480
v 13.105300 -11.643300 -1.983480
v 14.447700 -10.898400 -2.825770
v 13.305700 -10.788500 -2.391560
v 15.382100 -12.758200 -1.963650
v 15.497800 -11.843800 -2.541160
v 15.595400 -10.918900 -3.117580
v 14.938100 -14.279600 -0.800790
v 15.884000 -14.609000 -1.118300
v 16.203699 -13.934100 -1.666710
v 15.116100 -13.553000 -1.386630
v 16.485701 -15.186000 -1.728760
v 16.840700 -14.628500 -2.183760
v 14.808700 -15.015100 -0.319020
v 15.625000 -15.311300 -0.708062
v 16.146500 -15.836900 -1.321050
v 16.775700 -13.067800 -2.185130
v 17.449900 -14.119500 -2.554080
v -8.920110 0.789822 -3.240450
v -8.402470 0.929890 -2.909740
v -8.639090 1.499980 -2.960140
v -9.110620 1.426250 -3.272090
v -8.336890 1.731400 -2.547560
v -8.079600 1.138340 -2.385550
v -8.644730 2.189310 -2.696320
v -8.802510 1.894250 -2.968440
v -9.179270 1.972610 -3.192800
v -11.190700 -20.531300 -0.639680
v -11.709400 -20.234400 -0.787356
v -11.592600 -20.473101 -1.419710
v -11.161200 -20.629999 -1.531350
v -11.243900 -20.339899 -2.324300
v -11.824800 -20.225599 -1.872590
v -12.180300 -19.972300 -1.120610
v -10.577000 -20.819500 -0.589240
v -10.500600 -20.875299 -1.646800
v -10.496200 -20.338699 -2.554150
v 13.423100 2.839640 -8.260260
v 13.085000 3.628650 -8.844560
v 13.096200 4.193520 -8.102500
v 13.387800 3.312730 -7.481760
v 13.317700 2.309770 -8.982940
v 13.985500 2.361890 -7.929250
v 13.955400 1.894200 -8.624610
v 12.981500 3.006090 -9.547410
v 28.131100 -1.738640 -10.399300
v 28.202700 -1.604950 -9.688360
v 28.677401 -1.827710 -9.855680
v 28.632500 -2.006840 -10.313200
v 29.122101 -2.221090 -10.059800
v 28.895100 -2.029580 -9.390290
v 28.322100 -1.906000 -9.149530
v -10.382100 0.758299 -3.270930
v -9.585240 0.771772 -3.300230
v -10.970800 -0.016523 -2.729040
v -10.100400 0.065945 -2.802600
v -11.283200 0.786678 -3.190670
v -9.337960 0.068120 -3.030000
v 5.453510 -10.075500 -3.565370
v 6.276920 -10.069500 -3.645920
v 6.326110 -9.452420 -4.315420
v 5.341050 -9.351130 -4.043210
v 4.426890 -9.119430 -3.076540
v 4.847250 -10.370800 -2.654080
v 6.246610 -10.512200 -2.782480
v -8.666830 0.135017 -3.089000
v -8.158430 0.270757 -2.823040
v 32.754799 -9.774740 -8.291630
v 32.936699 -9.210380 -8.792700
v 33.641899 -8.820620 -8.148460
v 33.022301 -9.579710 -7.595770
v 31.900801 -9.952630 -8.293740
v 31.867701 -9.417160 -9.022030
v -16.776800 -12.657200 -7.380640
v -16.801300 -13.779800 -6.685260
v -17.990900 -13.821100 -6.633800
v -17.857300 -12.776600 -7.301840
v -15.632000 -12.527800 -7.461240
v -15.544200 -13.619500 -6.814150
v -17.039499 -14.945200 -5.664870
v -18.237101 -14.685800 -5.727330
v -15.535400 -14.669400 -6.162470
v 21.731800 -1.328560 -8.037700
v 22.613199 -1.614390 -8.182320
v 22.909000 -0.603366 -8.446660
v 21.999701 -0.269484 -8.331920
v 21.522499 -2.353180 -7.885830
v 22.468599 -2.552190 -7.987210
v 23.835899 -0.863332 -8.539260
v -18.703300 -14.466400 -3.500620
v -18.619600 -14.903600 -4.591120
v -17.778799 -15.215400 -4.448800
v -17.220800 -15.712300 -4.112980
v -16.502199 -15.764400 -5.066440
v 1.558800 16.233700 2.566750
v 2.401030 16.143000 2.255870
v 2.302060 16.610300 1.292520
v 1.435700 16.773800 1.531300
v 1.287900 17.096800 0.358821
v 2.188940 16.921400 0.220183
v 0.647308 16.248800 2.795670
v 0.541376 16.771700 1.674360
v 0.389230 17.113400 0.501510
v 3.044220 16.341000 1.050080
v 2.967600 16.561399 0.170943
v 3.203360 15.893000 1.819520
v -22.634899 -2.032630 -12.946900
v -0.461590 -16.148600 -5.377830
v -0.413546 -17.099800 -4.827920
v -1.297490 -17.176500 -4.783530
v -1.463010 -16.236300 -5.327080
v -2.171340 -17.172199 -4.786000
v -2.315720 -16.222099 -5.335140
v -0.389500 -18.196400 -4.193430
v -1.249960 -18.271099 -4.149840
v -2.081620 -18.267500 -4.151630
v -0.614479 -15.236800 -5.904640
v -1.633340 -15.307200 -5.863930
v -2.468640 -15.367900 -5.828820
v -0.715357 -14.309900 -6.440140
v -1.648880 -14.438000 -6.366110
v -2.614300 -14.545200 -6.304110
v 0.563206 -16.002001 -5.462550
v 0.594382 -17.049700 -4.857000
v 0.484705 -18.122900 -4.235710
v 0.462447 -15.075400 -5.997950
v 1.591290 -15.972200 -5.479790
v 1.490520 -17.013901 -4.877610
v 1.412220 -18.164700 -4.211340
v 1.531610 -15.010500 -6.035420
v 2.476630 -17.018299 -4.874920
v 2.312870 -18.172001 -4.206910
v 2.500050 -15.942300 -5.496860
v -20.364201 0.121052 -7.764370
v -19.496099 0.523574 -7.545300
v -19.565399 1.271140 -8.450290
v -20.538700 0.951444 -8.601940
v -18.629900 0.907384 -7.286300
v -18.473600 1.513950 -8.335290
v -20.375299 1.066960 -9.934840
v -19.296801 1.250330 -9.829830
v -18.201000 1.362680 -9.684540
v -4.817410 -18.600000 -3.956090
v -4.779520 -19.723301 -3.299070
v -5.783020 -19.823299 -3.237720
v -5.803290 -18.714701 -3.887070
v -5.805880 -20.938601 -2.557150
v -6.795100 -19.921400 -3.168560
v -6.798540 -18.830700 -3.814870
v -6.767740 -21.026800 -2.476360
v -3.824640 -18.434500 -4.053930
v -3.874810 -19.624599 -3.360560
v -7.695400 -19.626200 3.091950
v -7.923820 -18.714800 2.901030
v -7.989110 -17.666500 2.544690
v -8.978860 -17.838800 2.410970
v -9.997680 -17.943600 2.193150
v -8.009570 -20.956100 2.004580
v -7.996320 -20.455000 2.650510
v -7.523300 -20.464500 2.890810
v -33.178902 -7.967650 -6.320280
v -33.554100 -8.565090 -7.037480
v -32.734001 -9.216830 -6.735290
v -32.398899 -8.635040 -6.136660
v -33.977402 -7.589640 -7.599330
v -33.754398 -8.160540 -8.534570
v -33.520199 -9.058910 -7.941030
v -32.762001 -9.702620 -7.507710
v -33.415298 -7.035110 -6.728180
v 23.568600 -9.192450 -4.790500
v 24.582399 -9.603590 -4.897610
v 25.166201 -8.821680 -5.454710
v 23.804001 -8.490440 -5.421470
v 23.397400 -9.841080 -4.118630
v 24.244200 -10.274700 -4.285630
v 22.580799 -9.013040 -4.824660
v 22.707199 -8.293640 -5.401680
v 22.452200 -9.682250 -4.211290
v -2.473030 -18.518801 3.259380
v -1.583610 -18.507999 3.243000
v -3.412980 -17.510300 2.722240
v -3.502150 -16.612499 2.162650
v -3.377480 -18.519199 3.247450
v -0.663950 -18.497999 3.254370
v 30.556200 -8.118240 -6.248230
v 30.692301 -8.876180 -6.418610
v 30.480000 -7.330360 -6.318840
v 29.639799 -8.130720 -6.358300
v 29.740900 -8.890060 -6.566040
v 29.525900 -7.354150 -6.387220
v 31.927500 -9.474720 -6.698270
v 33.035000 -9.060730 -6.852340
v 33.777199 -8.294830 -7.276580
v -3.584960 -2.421900 -13.303300
v -3.635340 -3.102570 -12.910500
v -4.814950 -3.139310 -12.889100
v -4.721430 -2.456240 -13.283300
v -3.548160 -1.644680 -13.751800
v -4.686650 -1.678670 -13.731900
v -6.037010 -3.165010 -12.873800
v -6.002910 -2.452490 -13.284900
v -5.977180 -1.673740 -13.733900
v -2.482950 -1.620130 -13.766200
v -2.515230 -2.453740 -13.285100
v -2.572340 -3.089840 -12.918000
v -24.724100 -2.585810 -12.684100
v -25.001600 -1.578030 -12.306300
v -23.967899 -1.197370 -12.417400
v -23.684500 -2.326160 -12.815900
v -24.162701 -0.426660 -11.472100
v -25.974701 -1.912720 -12.140700
v -22.924000 -0.927119 -12.469600
v -23.137699 -0.097778 -11.469400
v 27.501101 -1.368060 -10.374900
v 27.577499 -1.358880 -9.624710
v -28.093500 -2.996440 -8.393260
v -27.283600 -2.749980 -8.516160
v -27.641001 -1.920680 -9.058540
v -28.459900 -2.228430 -8.954810
v -28.924500 -3.226070 -8.260710
v -29.206900 -2.567700 -8.821020
v -29.409599 -2.403310 -9.686160
v -28.663900 -2.024860 -9.834470
v -27.886400 -1.619770 -10.006200
v -10.322600 3.588700 -3.239060
v -11.028700 3.966380 -3.578560
v -9.561620 3.259020 -2.870200
v -4.866370 -10.831500 -2.145410
v -3.829860 -10.913700 -1.803650
v -3.540320 -9.928300 -2.225520
v -5.084440 -11.721000 -1.149090
v -4.047950 -11.698400 -1.112450
v -6.261400 -11.727900 -1.128330
v 30.208900 -3.210470 -10.344400
v 29.630600 -2.855010 -10.509100
v 29.624201 -2.532770 -9.714220
v 30.111500 -2.931450 -9.464900
v 29.195200 -2.426230 -9.014300
v 29.649900 -3.045360 -8.586560
v 30.792601 -3.257570 -9.368940
v 30.784000 -3.563380 -10.149800
v 30.572701 -3.335100 -8.536220
v 29.080000 -2.549350 -10.681100
v -22.581600 -13.737000 -4.932860
v -23.184000 -13.512100 -4.982070
v -23.211300 -13.669800 -5.700520
v -22.603701 -13.859500 -5.770230
v -22.513500 -13.289100 -4.174020
v -23.165701 -13.075200 -4.303510
v -11.588100 8.927640 -8.081350
v -11.699000 8.357410 -8.782040
v -11.917700 7.615560 -8.212630
v -11.784800 8.097950 -7.386300
v -12.044300 7.184270 -8.975120
v -12.308500 6.528390 -8.436940
v -12.151000 6.999210 -7.633400
v -11.766700 7.839120 -9.587630
v -11.895300 7.466170 -6.841830
v -11.411000 9.454670 -7.192750
v -11.542800 8.667590 -6.537430
v -11.187800 10.351700 -7.793210
v -11.280700 9.770520 -8.679880
v -11.357300 9.188460 -9.504620
v 25.048201 -12.074900 -6.052340
v 25.478600 -11.621100 -6.459750
v 25.578199 -11.038700 -5.722470
v 25.059799 -11.522300 -5.325230
v 26.230700 -10.641400 -5.998130
v 24.839300 -11.756700 -7.349290
v 24.387300 -12.345500 -6.903060
v 20.418200 -2.146480 -13.120500
v 19.395100 -2.020060 -13.170000
v 21.435699 -2.359600 -13.075800
v -23.113300 -7.514510 -10.354300
v -22.859400 -8.458720 -9.810050
v -24.702200 -5.823960 -11.317500
v -25.708000 -6.052010 -11.180300
v -21.777300 -8.250460 -9.933220
v -31.212000 -8.207740 -6.036480
v -32.051899 -8.162720 -5.876730
v -31.411301 -8.878560 -6.262460
v -32.263401 -7.557020 -5.971560
v -31.598000 -9.475580 -6.692290
v 1.921770 16.541901 -12.517400
v 1.908050 17.115700 -11.438600
v 3.095110 16.774300 -11.218800
v 3.039300 16.231300 -12.407500
v 2.108840 17.521099 -10.110500
v 3.130710 17.180000 -10.001900
v 1.110190 17.211399 -11.546300
v 1.124850 17.665800 -10.278100
v 0.988441 16.625799 -12.669900
v 4.255580 16.300100 -11.052800
v 4.273690 15.841300 -12.104400
v 3.082350 15.684900 -13.314500
v 4.354250 15.303100 -13.128100
v 1.863350 15.879700 -13.519700
v 5.396140 15.724600 -10.760600
v 5.448200 15.304600 -11.838600
v 5.547900 14.834900 -12.762300
v 6.441230 15.097300 -10.507800
v 6.570770 14.668100 -11.490700
v 6.704520 14.155600 -12.526500
v 7.459810 8.877100 -17.512600
v 7.396630 8.494000 -17.893999
v 7.739300 7.919420 -17.884100
v 7.092320 7.736050 -18.285400
v 6.258570 7.752970 -18.533899
v -27.181601 -10.229700 -8.639310
v -27.034500 -10.921400 -7.868470
v -27.850300 -10.769100 -7.844950
v -28.387199 -10.286600 -8.307680
v -27.260201 -9.315010 -9.274420
v -28.391300 -9.441300 -9.149540
v -25.990601 -10.128600 -8.770560
v -25.814899 -11.111000 -7.889700
v 26.536600 -8.554220 -5.595580
v 27.691000 -8.352300 -5.823990
v 27.473400 -7.470680 -5.938280
v 26.306900 -7.601780 -5.864910
v 27.328400 -6.740220 -6.311840
v 26.185499 -6.776090 -6.294310
v 28.551201 -7.408600 -6.230220
v 28.424601 -6.697390 -6.444410
v 28.708000 -8.199780 -6.142330
v -31.984699 -4.363820 -7.909510
v -32.225601 -5.012850 -7.338970
v -31.203600 -4.963630 -7.204170
v -31.170700 -4.266760 -7.683110
v -31.763901 -3.906630 -8.388930
v -32.151001 -4.192110 -8.878090
v -31.169800 -3.708750 -8.183110
v -18.939301 -12.841400 -7.253140
v -19.064301 -13.792400 -6.611500
v -20.092501 -13.716000 -6.621340
v -20.005301 -12.837500 -7.240700
v -18.960899 -11.838500 -7.852880
v -20.012501 -11.910700 -7.801980
v -20.977699 -12.838500 -7.212670
v -21.023701 -11.978100 -7.746650
v -21.010300 -13.617100 -6.636760
v 8.129730 8.270190 -17.375401
v 2.515090 -11.548200 -1.040580
v 3.569790 -11.396400 -1.372290
v 3.559690 -10.606500 -1.889360
v 2.450130 -10.743200 -1.390680
v 4.841540 -11.290800 -1.641200
v 3.376210 -9.626240 -2.047420
v 2.450240 -9.893110 -1.358500
v 2.504120 -12.267100 -0.627606
v 3.579380 -12.154500 -0.661190
v 1.505920 -11.662000 -0.864173
v 1.513050 -10.837900 -1.053330
v 1.508770 -12.411500 -0.516000
v 29.441200 -3.293320 -11.202800
v 28.937000 -2.906990 -11.244600
v 29.980499 -3.749020 -11.050600
v -21.599800 -11.967200 -3.326480
v -20.867901 -11.980400 -3.274810
v -20.792000 -11.108500 -3.549820
v -21.562700 -11.108500 -3.442810
v -20.001200 -11.094900 -3.426110
v -19.966000 -10.255400 -4.020080
v -20.795000 -10.300500 -4.036180
v -21.641500 -10.295300 -3.889930
v -20.103201 -11.972600 -3.079560
v -21.231600 -0.316220 -8.000090
v -21.444201 0.633848 -8.803130
v -21.364100 0.791421 -10.014600
v -22.313700 0.562182 -10.154700
v -22.333599 0.246723 -8.940050
v -22.035900 -0.633558 -8.269910
v -2.796420 9.020110 -19.491699
v -2.599910 7.692710 -19.039200
v -3.432010 7.451910 -18.885401
v -3.652380 8.741780 -19.302200
v -3.775280 10.000600 -19.239700
v -2.871520 10.356200 -19.442600
v -4.277950 7.216870 -18.721001
v -4.515360 8.423480 -19.096800
v -4.640570 9.663970 -18.968599
v -12.054000 -13.746700 -6.759540
v -12.007000 -14.602200 -6.262690
v -13.072800 -14.892700 -6.086940
v -13.139300 -14.065200 -6.570360
v -11.918400 -15.415600 -5.789840
v -12.943900 -15.731600 -5.594730
v -14.002900 -16.046600 -5.379950
v -14.154500 -15.238200 -5.864090
v -14.263500 -14.396600 -6.364380
v -11.068600 -13.526900 -6.888930
v -11.012200 -14.367000 -6.402580
v -10.958400 -15.208300 -5.914600
v -10.113200 -13.332400 -7.003060
v -10.076300 -14.168800 -6.519000
v -10.023100 -15.007100 -6.033550
v -1.895470 9.329600 -19.679100
v -1.690180 7.881070 -19.159700
v -1.994670 10.646700 -19.634199
v -14.733900 -17.361900 -0.604358
v -14.024200 -18.771799 -2.019450
v -13.280900 -19.163099 -1.904940
v 6.502500 -8.556630 -5.034360
v 5.451940 -8.378660 -4.751130
v 4.825590 -7.913560 -3.946070
v 0.922859 -2.208990 5.220840
v 1.324280 -1.258790 5.181670
v 0.706230 -0.925271 5.774690
v 0.583257 -1.641370 5.661410
v -0.051682 -0.906767 5.930010
v 0.833042 -0.195226 5.630930
v -0.068502 -0.051586 5.915500
v 1.495270 -0.442715 5.024560
v -0.061446 -1.610850 5.794550
v -9.342920 -5.468290 -1.267920
v -9.984830 -5.456300 -1.136120
v -10.005400 -6.136310 -1.228330
v -9.339580 -6.092500 -1.454000
v -9.258140 -4.848500 -1.243300
v -9.952700 -4.765550 -1.126280
v -10.572600 -5.383120 -1.225420
v -10.598300 -4.795430 -1.257570
v -10.682000 -6.015030 -1.303770
v -8.893600 -5.469470 -1.527500
v -8.799140 -5.908210 -1.836580
v -8.715110 -5.042210 -1.642110
v -8.443670 -5.465050 -2.171400
v -22.375099 -11.918700 -3.247620
v -22.433800 -11.115600 -3.285440
v -21.688299 -12.768200 -3.565840
v -20.999300 -12.876700 -3.520870
v -22.439899 -12.680400 -3.593020
v 5.262280 7.718260 -18.790701
v 28.301600 -8.132950 -9.968690
v 28.431900 -8.913540 -9.505320
v 27.353399 -8.997180 -9.468750
v 27.203899 -8.238650 -9.921460
v 26.273800 -9.075060 -9.435780
v 26.124100 -8.224580 -9.935240
v 28.253300 -7.357030 -10.414300
v 27.159201 -7.396050 -10.404700
v 26.023899 -7.421360 -10.398500
v 11.259200 -10.326500 -8.739570
v 11.257000 -11.172500 -8.250900
v 10.131500 -11.169900 -8.252630
v 10.191200 -10.339900 -8.731980
v 12.391500 -10.404500 -8.694330
v 12.438600 -11.286700 -8.184420
v 11.186800 -12.094600 -7.718040
v 10.058400 -12.060400 -7.738230
v 12.340100 -12.169600 -7.673820
v 11.286800 -9.527370 -9.201060
v 10.204100 -9.491220 -9.222100
v 12.425100 -9.565720 -9.178750
v 11.423500 -8.720150 -9.667180
v 10.273600 -8.744060 -9.653480
v 12.523600 -8.691090 -9.683800
v 20.651100 -10.465100 -3.907910
v 21.482700 -10.413800 -3.839150
v 21.542601 -9.671890 -4.376750
v 20.652399 -9.698250 -4.416130
v 20.690599 -11.241300 -3.446020
v 21.435699 -11.208300 -3.432280
v 19.781200 -10.529800 -3.791420
v 19.768801 -9.768460 -4.353650
v 5.596230 -5.904770 -5.053640
v 6.058290 -5.272290 -5.350850
v 6.227270 -4.668850 -4.680690
v 5.677750 -5.355910 -4.271510
v 5.865740 -6.354800 -5.710540
v 6.078490 -5.737910 -5.782290
v 6.730760 -4.449900 -4.908890
v 6.679180 -5.157390 -5.479440
v 6.571580 -5.757170 -5.935150
v 21.444901 -12.068200 -3.323390
v 21.503300 -12.882500 -3.616820
v 22.208000 -11.210300 -3.283650
v 20.789499 -12.116400 -3.227460
v 20.821100 -13.011800 -3.492540
v 14.497800 -3.530060 -4.932190
v 15.173300 -3.640410 -5.306240
v 15.415800 -2.945450 -5.450060
v 14.799600 -2.868760 -5.066980
v 14.358300 -2.576950 -4.709440
v 13.893400 -3.260230 -4.465520
v 14.112400 -4.163940 -4.657870
v 14.928000 -4.390980 -5.143620
v 13.462700 -3.948750 -4.178250
v 15.504700 -2.292400 -5.406270
v 15.096500 -2.387540 -5.169120
v 14.858000 -2.064670 -4.948120
v 31.269100 -3.891610 -8.040910
v 31.894800 -4.028870 -8.332100
v 31.720699 -3.776340 -8.684250
v 31.290600 -3.564780 -8.597920
v 30.457100 -3.832700 -7.944970
v 22.995199 -11.282500 -3.233600
v -26.926701 -9.888940 -5.805300
v -25.716801 -7.988380 -5.772060
v -24.611700 -7.789070 -5.935170
v -23.299400 -8.298820 -5.521430
v -23.571800 -7.491230 -6.025980
v -23.805099 -6.629200 -6.513410
v -24.846201 -6.831370 -6.370300
v -25.900600 -7.023110 -6.193110
v -26.899799 -2.301220 -11.936500
v -27.740299 -2.614880 -11.731000
v -27.881001 -1.955740 -10.965200
v -26.271400 -10.861200 -6.131810
v -26.264500 -11.290800 -6.872210
v -25.623301 -11.739000 -6.559370
v -25.644800 -11.190500 -5.868130
v -27.087700 -10.565300 -6.305430
v -27.135000 -11.015600 -7.024560
v 11.767800 -19.017099 0.863705
v 11.197200 -18.294100 1.658050
v 10.076500 -17.972799 2.184770
v 12.553600 -18.350300 0.444637
v 11.827600 -17.330000 1.152630
v 10.412600 -16.988800 1.729640
v 13.010200 -16.993900 0.568540
v 13.315200 -17.976700 0.007902
v 12.831700 -15.953100 0.504687
v 11.724800 -16.044100 0.848493
v 10.485600 -16.030100 1.164050
v 10.891800 -3.085650 -1.718290
v 11.548700 -3.448790 -2.111920
v 11.913600 -2.738740 -2.499670
v 11.174700 -2.331830 -2.028260
v 10.017200 -2.857960 -1.511960
v 10.217400 -2.017570 -1.828880
v 12.376600 -1.892590 -2.879770
v -32.832298 -7.619880 -9.778290
v -32.996498 -8.514070 -9.254660
v -32.841499 -9.387580 -8.683260
v -28.008200 -10.715400 -7.156690
v -28.728100 -10.309500 -7.468210
v -5.199370 -20.655199 3.534160
v -6.028680 -20.558599 3.296490
v -5.984860 -21.476900 2.660150
v -5.145390 -21.637199 2.866280
v -5.925740 -22.201799 1.618480
v -5.085240 -22.445400 1.808790
v -4.259480 -20.736401 3.716490
v -4.218020 -21.842600 3.121890
v -4.163480 -22.684000 2.010250
v -14.691000 -16.710400 -0.115319
v 0.203535 -20.759100 3.686720
v -0.515260 -20.734600 3.712820
v -0.499950 -21.783100 2.962590
v 0.207497 -21.767200 2.913740
v 0.249864 -19.563400 3.709360
v -0.624628 -19.581200 3.726900
v 0.988240 -20.739901 3.758340
v 0.924526 -21.837200 3.046670
v 1.064230 -19.543699 3.719260
v -6.746450 -21.342199 2.412820
v -6.683200 -21.995701 1.467740
v -6.835800 -20.490499 3.139410
v 7.797120 5.884680 0.185111
v 7.702610 7.087640 0.606582
v 6.720260 6.912570 1.628580
v 7.516940 8.348130 0.843346
v 6.623720 8.185560 1.774910
v 5.895430 7.011340 2.640040
v 5.797070 8.182410 2.634700
v 8.609010 6.286840 -0.607051
v 8.482780 7.362580 -0.226288
v 8.379530 8.407640 -0.102857
v 9.298730 6.578210 -1.253950
v 9.182020 7.467110 -0.965001
v 8.777550 5.398040 -1.112670
v 9.499210 5.816830 -1.650620
v 9.104050 8.440480 -0.818875
v -9.239030 -7.617040 -2.153460
v -6.168620 10.661700 -17.249800
v -6.121250 11.461300 -16.612801
v -5.230560 11.980200 -16.911400
v -5.343370 11.127100 -17.498699
v -6.297950 9.804230 -17.803400
v -5.466290 10.258600 -18.137699
v -7.073190 9.350400 -17.448700
v -6.981010 10.152600 -16.858000
v -6.919790 10.922600 -16.278700
v -3.177770 5.059520 4.645690
v -3.984500 5.055580 4.255440
v -4.532120 5.099240 3.949860
v -4.263010 -19.579100 3.639200
v -5.151560 -19.527399 3.498740
v -6.074370 -19.520300 3.384460
v -17.489901 -8.260320 -4.929710
v -16.582300 -7.973010 -4.851520
v -16.849701 -6.976210 -5.292860
v -17.750401 -7.283240 -5.377910
v -17.083300 -5.966900 -5.665920
v -18.020700 -6.342690 -5.828270
v -18.381201 -8.467420 -4.989250
v -18.639601 -7.562460 -5.458020
v -18.936800 -6.628560 -5.889780
v -17.350000 -8.621250 -9.722660
v -17.134800 -9.591660 -9.161940
v -18.175501 -9.724050 -9.084610
v -18.363001 -8.739070 -9.654020
v -16.345100 -8.566330 -9.754800
v -16.163000 -9.548320 -9.187620
v -16.654900 -7.637310 -10.290900
v -17.613600 -7.689750 -10.260300
v -18.656300 -7.803710 -10.194000
v -15.880500 -6.595980 -5.085430
v -16.179399 -5.629860 -5.480900
v -15.653500 -7.635960 -4.680720
v -0.520743 -8.886200 -9.571930
v -0.451903 -9.584570 -9.168710
v -1.546800 -9.668170 -9.120430
v -1.597430 -8.932330 -9.545280
v -2.696330 -9.823580 -9.030680
v -2.733810 -8.995910 -9.508550
v -1.505180 -10.468100 -8.658600
v -2.556260 -10.601500 -8.581520
v -0.472310 -10.331700 -8.737370
v -0.475684 -8.133030 -10.006800
v -1.611380 -8.206690 -9.964240
v -2.725490 -8.277360 -9.923410
v -0.446841 -7.395080 -10.432800
v -1.547120 -7.452100 -10.399900
v -2.717350 -7.585950 -10.322600
v 0.520359 -8.069580 -10.043400
v 0.599711 -8.753080 -9.648790
v 0.517047 -9.462630 -9.239120
v 0.564374 -7.316430 -10.478200
v 11.991000 -11.568300 -1.633710
v 12.172500 -10.669600 -1.986550
v -13.794700 -18.784901 -3.014480
v -12.764600 -19.100599 -3.033600
v -12.719000 -18.262501 -3.990240
v -13.736900 -18.301100 -3.824830
v 8.463480 -19.836201 2.619840
v 8.357770 -20.727501 1.900300
v 8.652960 -18.883699 2.726980
v 7.387960 -20.020500 2.991250
v 7.362980 -21.000200 2.370500
v 7.340240 -21.734699 1.260830
v 24.089001 -12.476700 -4.656050
v 23.989500 -11.995300 -3.998320
v 23.637100 -11.576100 -3.474910
v 9.410120 0.646411 -3.300250
v 10.301800 1.630390 -3.599990
v 9.578410 1.428710 -3.465070
v 9.118290 -0.167058 -3.005290
v 8.826690 0.585019 -3.233720
v 8.957040 1.283170 -3.261460
v 8.533220 -0.147953 -3.083780
v 11.223400 1.812490 -3.785490
v -8.564260 -1.528010 -2.522160
v -7.993460 -1.450680 -2.822300
v -8.352880 -0.593884 -2.941500
v -8.980830 -0.661900 -2.735530
v -9.377650 -1.536220 -2.056270
v -9.754830 -0.707841 -2.407990
v -9.090870 -2.447680 -1.817460
v -8.157290 -2.677100 -2.503540
v -7.530600 -2.380600 -3.016610
v -24.366400 -3.698020 -12.444400
v -6.129180 -17.543200 2.593370
v -5.229080 -17.509701 2.661580
v -5.295810 -16.650000 2.182590
v -6.186380 -16.672001 2.136340
v -4.337600 -17.504200 2.738810
v -4.404090 -16.614700 2.175440
v -6.072240 -18.486500 3.015490
v -5.191030 -18.475599 3.111120
v -4.248470 -18.493099 3.196590
v 4.625820 -13.543300 0.373485
v 5.792040 -13.449900 0.295472
v 5.945130 -12.617200 -0.260533
v 4.700150 -12.729200 -0.118399
v 6.023870 -11.883400 -0.925220
v 4.814580 -11.987100 -0.840431
v 3.469400 -13.650300 0.369817
v 3.541110 -12.853000 -0.140284
v 6.999370 -13.376300 0.096339
v 7.108870 -12.548000 -0.431853
v 5.731730 -14.319900 0.755966
v 6.882360 -14.288500 0.608804
v 4.548220 -14.397400 0.836012
v 7.312530 -11.707800 -1.033900
v -31.241800 -3.529020 -9.335310
v -31.179399 -3.432170 -8.698880
v -30.610399 -3.174200 -8.690450
v -30.691200 -3.169330 -9.421320
v -31.255699 -3.864950 -9.963230
v -30.716400 -3.520030 -10.131100
v -31.728600 -3.866580 -9.195810
v -31.602699 -3.647430 -8.749410
v -31.756901 -4.201090 -9.763650
v 26.917700 -9.495360 -5.746790
v 25.900000 -9.821230 -5.566930
v 27.173901 -10.286200 -6.176590
v 27.959999 -9.232800 -5.978650
v 28.083200 -9.991450 -6.476480
v 25.062901 -7.717230 -5.925610
v -9.854240 -10.624400 -1.606450
v -10.928600 -10.618300 -1.625060
v -9.696310 -11.574600 -1.182930
v -8.624670 -11.603300 -1.173080
v -10.700200 -11.629400 -1.294210
v -30.087000 -2.807390 -9.537540
v -30.090599 -3.121920 -10.363900
v -29.955200 -2.875500 -8.722450
v 31.986799 -9.951140 -7.472410
v -19.251301 -12.183300 -2.720090
v -18.239100 -12.376700 -2.590500
v -18.105801 -11.262400 -3.100280
v -19.066000 -11.096000 -3.233230
v -19.413500 -13.190000 -2.908500
v -18.546801 -13.558100 -2.706470
v -17.113800 -11.329100 -3.095600
v -3.826530 12.623800 4.225970
v -2.998840 12.966300 4.848330
v -2.858290 13.890500 4.312870
v -3.623360 13.529400 3.850690
v -2.696770 14.687000 3.716410
v -3.518250 14.399900 3.326460
v -2.181780 13.243100 5.273430
v -1.987040 14.179600 4.611520
v -1.875360 14.989600 3.870160
v -16.432400 -15.488400 -1.655570
v -15.913400 -14.882000 -1.081670
v -16.599800 -16.175100 -2.437640
v -16.101101 -16.089199 -1.321170
v -15.674500 -15.505800 -0.698451
v -16.245600 -16.684099 -2.076190
v -5.545260 -12.456300 -7.510330
v -5.404900 -13.272800 -7.038850
v -6.326550 -13.360800 -6.987890
v -6.425720 -12.541200 -7.461210
v -7.238840 -13.500500 -6.907000
v -7.349540 -12.719500 -7.358100
v -5.376460 -14.025500 -6.604090
v -6.216380 -14.138500 -6.538670
v -7.086560 -14.284900 -6.453830
v -6.573670 -11.753900 -7.915870
v -7.415550 -11.918000 -7.820990
v -5.620460 -11.719600 -7.935730
v -4.507110 -13.249600 -7.052280
v -4.429920 -13.998300 -6.619920
v -5.216850 -14.823900 -6.142840
v -6.151960 -14.915900 -6.089470
v -4.369870 -14.758700 -6.180700
v -4.546850 -12.439600 -7.520090
v -3.528900 -13.173600 -7.096270
v -3.527320 -13.957900 -6.643340
v -3.570980 -12.396300 -7.545130
v -7.437300 -11.617100 -1.135300
v -7.406580 -12.497400 -0.502731
v -6.296390 -12.546300 -0.386828
v -8.467430 -12.490500 -0.632633
v -23.332001 -3.427150 -12.599600
v -9.233660 8.057500 -16.316099
v -9.148020 7.596000 -16.907600
v -9.635150 7.010890 -16.688900
v -9.821850 7.479050 -16.020000
v -8.555200 8.565640 -16.636700
v -8.591910 7.921260 -17.203800
v -9.037820 7.166410 -17.312401
v -8.581870 7.236090 -17.639700
v -9.299600 6.617170 -17.299900
v -9.270270 8.571690 -15.657600
v -9.953940 7.891890 -15.319000
v -8.546810 9.125030 -16.040800
v 24.643200 -11.995500 -4.941610
v 24.831200 -10.864800 -4.725600
v 24.428200 -11.458300 -4.281730
v 25.219000 -10.330900 -5.225700
v 24.523001 -12.542900 -5.701490
v -3.411160 -7.575710 0.106479
v -4.211430 -6.967110 -0.257388
v -4.091270 -7.335540 -1.004600
v -3.401670 -7.923900 -0.564234
v -4.884710 -6.243370 -0.697974
v -4.753190 -6.612960 -1.470350
v -4.036500 -7.773340 -1.790580
v -3.321330 -8.382600 -1.214300
v -4.606520 -7.024660 -2.314750
v -5.027610 -5.838200 0.043725
v -4.327120 -6.578050 0.439458
v -3.509690 -7.170550 0.772571
v -5.141270 -5.400820 0.731865
v -4.369670 -6.107640 1.121600
v -3.601130 -6.681010 1.461770
v -5.098230 -4.883630 1.453450
v -4.440990 -5.536390 1.799490
v -3.563460 -6.097650 2.174910
v 6.236540 -19.115200 3.243310
v 7.468530 -18.963400 3.088180
v 7.598700 -17.958799 2.693250
v 6.346850 -18.044100 2.859010
v 7.793490 -16.975599 2.206750
v 6.489520 -17.029400 2.312940
v 8.858150 -17.867201 2.514790
v 9.083090 -16.939400 2.012990
v 23.878799 -7.657230 -5.962010
v 23.780600 -1.772860 -12.825700
v 23.475599 -2.758600 -12.848300
v 22.428499 -2.549020 -12.961200
v 22.725700 -1.528860 -12.942800
v 22.910801 -0.639627 -12.323900
v 23.948900 -0.909463 -12.243000
v 21.682800 -1.291020 -12.967000
v 21.877600 -0.403610 -12.328700
v 24.533001 -2.946920 -12.716500
v 0.960489 -5.282430 4.180310
v 0.086735 -5.477660 4.287610
v 0.109321 -6.364100 3.867570
v 1.013580 -6.202320 3.797020
v 0.909279 -4.319560 4.609330
v 0.007665 -4.472370 4.648560
v -0.892398 -5.467700 4.135300
v -0.820808 -6.438570 3.727580
v -0.947386 -4.489960 4.520070
v 1.760930 -5.037450 4.020240
v 1.835470 -5.885040 3.607940
v 1.734640 -4.153690 4.347400
v -8.677480 6.488260 -17.670200
v 19.555000 -0.941453 -12.966700
v 19.744699 -0.058499 -12.203300
v 20.811199 -0.192998 -12.270500
v 20.652201 -1.108420 -13.006800
v 19.892700 0.616496 -11.187300
v 20.970501 0.475185 -11.253200
v 22.027000 0.260262 -11.321100
v 10.703600 -3.791970 -1.418130
v 11.319200 -4.057930 -1.832500
v 9.917440 -3.665830 -1.285300
v 11.764500 -4.393940 -2.277670
v 12.078200 -3.801890 -2.674100
v -6.315290 0.217884 1.020850
v -6.764920 -0.118191 0.330957
v -6.550160 -1.039310 0.643287
v -6.151910 -0.660761 1.309120
v -5.744870 0.607825 1.697660
v -5.543270 -0.273121 1.991830
v -5.898450 -1.509960 1.680660
v -5.351930 -1.069480 2.317190
v -6.318800 -1.883320 0.994703
v -6.489730 1.162960 0.724550
v -6.926160 0.722625 0.081916
v -7.238790 0.365871 -0.603965
v -7.076850 -0.509098 -0.373620
v -6.855970 -1.416880 -0.074192
v -5.925830 1.487260 1.493660
v -7.396410 -22.270100 0.367458
v -7.993220 -22.021400 0.299379
v -7.954730 -22.240299 -0.486483
v -7.448860 -22.400700 -0.637194
v -7.600690 -21.969101 -1.503350
v -8.271280 -21.928801 -0.986875
v -6.776350 -21.985399 -1.707300
v -6.743170 -22.564899 -0.742328
v -6.698160 -22.510000 0.390767
v -2.369250 6.406840 -18.361000
v -3.218480 6.236810 -18.256100
v -4.091310 6.073490 -18.147100
v -3.027440 5.088490 -17.617599
v -3.976880 4.983710 -17.554399
v -2.181030 5.158890 -17.662300
v -1.451620 6.577090 -18.462999
v -4.130740 1.088740 2.983630
v -3.193880 1.250750 3.327580
v -3.278460 1.987020 3.303640
v -4.240630 1.904470 2.948630
v -2.372500 1.394470 3.649060
v -2.409720 2.062330 3.621660
v -2.447550 2.684100 3.769220
v -32.403099 -5.785740 -6.785200
v -31.242001 -5.753310 -6.734610
v 13.925500 -16.790701 0.175053
v 14.069400 -17.641800 -0.339318
v 12.696500 -19.175800 -0.578592
v 13.444500 -18.700701 -0.952005
v 14.147900 -18.290701 -1.218160
v 13.828300 -15.841500 0.214781
v 3.987140 -18.208000 3.082980
v 5.124270 -18.137800 2.932500
v 5.262000 -17.053101 2.439030
v 4.149290 -17.106701 2.481390
v -2.542850 -8.359250 -0.119241
v -2.575100 -8.780630 -0.748635
v -2.603030 -7.978350 0.501400
v 0.230195 -18.450701 3.225250
v 1.137320 -18.382200 3.187810
v 22.946400 -13.554800 -5.070510
v 23.518700 -13.254500 -5.117110
v 22.309000 -13.772200 -5.059590
v -25.134899 -11.847100 -7.326280
v -25.193399 -11.585500 -5.501940
v 11.608300 -20.138399 -1.337470
v 12.417400 -19.502701 -1.835610
v 11.955500 -19.661900 -0.197110
v 10.894900 -20.667101 -0.877174
v 10.951200 -20.180500 -2.376720
v 11.587700 -19.209700 -3.124170
v 10.349700 -20.816299 -1.722990
v 13.300600 -19.051500 -2.087000
v 14.105500 -18.635700 -2.267470
v 3.101730 -17.206100 2.518190
v 4.304360 -16.137300 1.856910
v 3.254720 -16.250401 1.898690
v 2.136770 -17.278200 2.505110
v 2.244030 -16.367599 1.889400
v 3.360580 -15.378500 1.344830
v 2.332110 -15.470200 1.331890
v 4.475940 -15.255900 1.322250
v 5.470820 -16.070601 1.817190
v 3.009040 -18.255800 3.116730
v 23.185801 -3.691160 -12.489700
v 22.134600 -3.557750 -12.576100
v 11.379900 3.352300 -15.105900
v 11.016200 4.181700 -15.559900
v 12.090300 3.296210 -13.688700
v 11.659500 2.531180 -14.610000
v 10.667100 4.972680 -15.967100
v 10.148300 5.872410 -16.408800
v 10.042600 7.827350 -15.083700
v -5.852930 -17.638700 -4.513040
v -6.846070 -17.703199 -4.473500
v -7.810410 -18.938700 -3.745030
v -7.842900 -17.897800 -4.356170
v -7.773610 -20.073999 -3.052300
v -4.857190 -17.561800 -4.558830
v -3.912910 -17.374001 -4.668380
v -4.029930 -16.482201 -5.184590
v -4.936680 -16.575500 -5.130070
v -5.919670 -16.643299 -5.090140
v -31.732901 -7.824230 -10.013800
v -31.789101 -8.679370 -9.521940
v 14.673100 -16.614700 -0.113936
v 14.704800 -15.838600 -0.063177
v 3.161080 11.488700 -18.654699
v 3.081470 12.253500 -17.934999
v 3.982760 11.957500 -17.698799
v 4.096500 11.175000 -18.363400
v 4.864870 11.618200 -17.468800
v 3.208710 10.497600 -19.257401
v 4.172760 10.238200 -18.932899
v 2.936630 13.006500 -17.201401
v 3.869260 12.756800 -17.000799
v 4.814450 12.371800 -16.793301
v 2.718240 13.706600 -16.410700
v 3.742060 13.461900 -16.260700
v 4.714670 13.131200 -16.110600
v -13.020000 -1.626760 -12.597600
v -13.408600 -0.608892 -11.787500
v -12.665900 -0.522823 -12.027000
v -11.883200 -1.648460 -12.881700
v -12.266300 -0.090105 -12.445700
v -11.541900 -0.847990 -13.345300
v -10.264700 -1.349310 -13.736200
v -10.349200 -2.113260 -13.272600
v -10.147600 -3.038890 -12.882700
v -11.522900 -2.857950 -12.796800
v -12.668200 -2.809500 -12.720100
v 0.247033 -22.548901 1.795290
v 0.920347 -22.653900 1.855900
v 0.275575 -23.025600 0.455169
v 0.975606 -23.150999 0.502542
v 1.743290 -22.782801 2.010020
v 1.768790 -23.247000 0.550007
v 1.752180 -21.901699 3.185980
v -3.310060 -19.610201 3.736380
v -2.369310 -19.636200 3.790990
v -3.258460 -20.846399 3.895780
v -2.264170 -20.813200 3.907760
v 8.396250 9.386230 -15.943800
v 7.540290 10.058000 -16.326900
v 7.561480 10.693900 -15.677500
v 8.442510 10.016400 -15.231100
v 7.599740 11.274900 -15.065200
v 8.477040 10.603900 -14.501800
v 9.298890 9.232870 -14.745500
v 9.339520 9.816530 -14.000000
v 9.259860 8.670880 -15.518600
v 6.659850 10.676800 -16.709200
v 6.689760 11.290800 -16.124599
v 8.308680 8.792620 -16.692699
v 7.508390 9.438320 -16.941999
v 6.699800 11.939000 -15.487300
v 7.629550 11.914600 -14.324100
v 8.544660 11.129600 -13.827700
v 6.728550 12.552000 -14.816900
v -14.286900 -4.826750 -11.906000
v -13.963800 -5.793150 -11.355100
v -15.136500 -5.814320 -11.342500
v -15.394500 -4.803840 -11.919500
v -16.252100 -5.806850 -11.346500
v -16.526100 -4.793930 -11.923700
v -13.718400 -6.748450 -10.804800
v -14.831500 -6.713320 -10.824700
v -15.957000 -6.761950 -10.796200
v -14.541000 -3.788580 -12.469200
v -15.659200 -3.728490 -12.504900
v -16.728100 -3.742760 -12.500900
v 9.390390 10.354500 -13.239100
v 8.607640 11.663000 -13.083200
v 9.473550 10.775200 -12.575100
v 7.695660 12.430000 -13.650900
v -27.801300 -3.911600 -8.074210
v -26.938601 -3.695290 -8.158710
v -28.645000 -4.066700 -7.919370
v 9.404060 -13.252500 -0.395425
v 10.607000 -13.200100 -0.579556
v 10.721600 -12.335100 -1.042150
v 9.569990 -12.356700 -0.841324
v 8.205940 -13.332300 -0.142425
v 8.354200 -12.417700 -0.637780
v 9.325830 -14.224600 0.205070
v 10.521400 -14.129800 -0.022349
v 8.081340 -14.263000 0.397489
v 10.859400 -11.485900 -1.367620
v 9.716600 -11.500000 -1.239180
v 8.497790 -11.618400 -1.173280
v -1.357930 -20.806999 3.832260
v -1.259070 -21.854500 3.117470
v -1.461860 -19.586599 3.780980
v -30.174400 -5.810730 -6.923790
v -30.225201 -5.002430 -7.292360
v -29.206699 -5.789220 -7.050240
v -29.301600 -4.983750 -7.430150
v -30.188601 -6.618380 -6.585790
v -29.184700 -6.581860 -6.660710
v -31.255199 -6.583710 -6.346090
v -22.600000 -9.415950 -9.255330
v -22.359100 -10.370300 -8.694010
v -23.405800 -10.562200 -8.568740
v -23.689199 -9.618110 -9.131720
v -22.131001 -11.260500 -8.163240
v -23.128401 -11.432000 -8.031150
v -24.553499 -10.841300 -8.351450
v -24.808100 -9.859570 -8.976070
v -24.146700 -11.655700 -7.828380
v -21.543200 -9.229410 -9.366440
v -21.312099 -10.183800 -8.811300
v -21.147800 -11.103600 -8.269860
v 7.569520 -10.113800 -2.703270
v 7.092970 -9.917200 -3.525590
v 7.333950 -9.277910 -4.003060
v 6.931360 -3.767940 -4.220960
v 7.354960 -3.958780 -3.877220
v 7.275020 -3.220480 -3.741880
v 7.030570 -3.060830 -3.942040
v 7.289790 -2.597770 -3.422200
v 4.508480 -6.545480 -0.042016
v 3.776240 -7.106280 0.486776
v 3.600500 -7.550380 -0.218421
v 4.371770 -6.956330 -0.790407
v 4.164260 -7.435480 -1.591380
v 4.819340 -6.677020 -2.241890
v 5.014960 -6.201280 -1.425600
v 3.446690 -8.063650 -0.944687
v 5.207790 -5.791690 -0.607428
v -17.892000 -11.736200 -7.916120
v -14.776600 -2.639530 -12.870900
v -15.869200 -2.547420 -12.936800
v -13.701700 -2.719610 -12.761900
v -13.447400 -3.867940 -12.415700
v -14.008800 -1.532220 -12.596900
v -15.019700 -1.390860 -12.697700
v -16.081100 -1.308460 -12.848900
v 13.084000 -4.527860 -3.841590
v 12.946600 -3.559450 -3.623020
v 12.510700 -4.209150 -3.244310
v 13.403900 -2.888140 -3.969580
v 12.453500 -3.200280 -3.053910
v 12.935300 -2.407260 -3.444700
v -10.117000 -0.596181 -14.215400
v -9.933480 0.192690 -14.694400
v -7.365030 -1.644910 -13.747600
v -8.800250 -1.568530 -13.775600
v -9.718110 1.029740 -15.185200
v -11.277900 3.696680 -15.266800
v -10.451300 3.180150 -15.946400
v -10.696100 2.260010 -15.457900
v -11.613000 2.789000 -14.742000
v -10.976300 1.389420 -14.927000
v -11.835800 1.985840 -14.190100
v -12.057800 3.436320 -13.760000
v -12.282400 2.629260 -13.168000
v -11.735300 4.251240 -14.295700
v -0.709242 -1.653670 5.591930
v -1.055740 -2.271200 5.138430
v -0.064779 -2.420910 5.349620
v -0.821171 -0.920139 5.669130
v -1.466340 -1.303750 5.078480
v -7.846640 6.133570 0.129645
v -7.172860 6.009480 1.002400
v -7.103350 7.341210 1.252590
v -7.766230 7.177060 0.487611
v -6.467330 7.757380 2.115900
v -6.403200 6.626230 2.125410
v -7.504940 4.860860 0.115005
v -7.062860 4.168540 0.544869
v -6.672620 4.901740 1.438170
v -8.096700 5.282130 -0.475557
v -6.169560 5.547900 2.339260
v -23.721001 -13.230800 -5.104250
v -23.638000 -13.519800 -5.622190
v 18.778799 0.695753 -11.100200
v 18.985001 1.244890 -9.966540
v 20.101700 1.120030 -10.021000
v 21.200701 0.888391 -10.100000
v 19.233000 1.413280 -8.644140
v 20.320000 1.125760 -8.804920
v 21.250500 0.856211 -8.953660
v -11.722000 7.292460 -5.565040
v -12.069000 6.863600 -6.350560
v -11.793900 6.715280 -5.103170
v -12.363100 6.367500 -7.136260
v -11.767800 6.190410 -4.613710
v -11.629700 7.889550 -5.977540
v -16.722601 0.646031 -10.876400
v -17.012300 1.344560 -9.606440
v -15.864600 1.212540 -9.644300
v -15.607900 0.476687 -10.800700
v -16.403200 -0.201810 -12.042400
v -15.320700 -0.343684 -11.911100
v -14.812200 1.034000 -9.691510
v -14.602000 0.301867 -10.733000
v -14.298900 -0.518122 -11.780400
v -27.343000 -8.390700 -9.831400
v -28.429501 -8.562350 -9.715040
v -27.510000 -7.477770 -10.356800
v -28.527901 -7.711680 -10.207300
v -18.033001 -2.583500 -12.980800
v -17.510099 -0.156066 -12.183800
v -17.210600 -1.247670 -12.938300
v -16.946600 -2.543610 -12.981300
v 6.861490 -9.527580 -9.201380
v 6.812040 -10.311500 -8.748760
v 5.619760 -10.401200 -8.697040
v 5.722710 -9.610790 -9.153410
v 6.949860 -8.777340 -9.634550
v 5.754110 -8.880940 -9.574800
v 4.540350 -9.740250 -9.078720
v 4.617030 -9.025130 -9.491610
v 4.536650 -10.485500 -8.648420
v -7.594820 2.944020 -0.852250
v -7.831240 2.471530 -1.455080
v -7.576580 1.817320 -1.133440
v -7.309640 2.258390 -0.469252
v -7.969830 3.511710 -1.222740
v -8.161730 3.028990 -1.761250
v -8.397680 2.581310 -2.262460
v -8.078920 2.054520 -2.024740
v -7.837090 1.449260 -1.767570
v -20.263700 -13.006300 -3.213010
v -5.721360 -4.070100 1.015870
v -5.757380 -4.569410 0.296301
v -5.655600 -5.008920 -0.435456
v -6.216040 -3.184850 0.635481
v -6.263740 -3.683520 -0.143880
v -6.188630 -4.130520 -0.921602
v -9.674930 -20.312799 -2.743890
v -9.716790 -21.034300 -1.719330
v -0.447087 -22.554600 1.830150
v -0.389118 -23.072399 0.512865
v -1.212300 -22.688299 1.960790
v -1.162400 -23.162901 0.576429
v -27.957100 -10.241000 -6.532680
v -10.022600 -16.042801 1.268860
v -8.989470 -15.902800 1.362800
v -9.110100 -15.100900 0.799884
v -10.098400 -15.219600 0.720497
v -9.979390 -16.905899 1.787290
v -9.012810 -16.780100 1.969280
v -9.268830 -14.293200 0.241571
v -10.245600 -14.384300 0.165189
v -8.014480 -15.838300 1.502930
v -8.084690 -15.038500 0.913576
v -8.207290 -14.196500 0.343811
v -29.225599 -4.132310 -11.631200
v -29.987000 -4.420240 -11.406500
v -30.070700 -3.693070 -10.994700
v -29.340500 -3.319530 -11.259600
v -28.580400 -2.962590 -11.487800
v -7.355280 3.500860 -0.191251
v -6.984080 2.765020 0.180556
v -7.070720 1.564290 -0.172406
v -6.703880 1.956520 0.503859
v -7.397070 1.121830 -0.821406
v -6.615570 3.311140 0.970518
v -6.188020 2.439260 1.298890
v -7.778370 4.132830 -0.622377
v -13.108500 4.286290 -7.563390
v -13.220300 3.717950 -6.927410
v -13.319200 3.144370 -6.372870
v -12.747600 3.336420 -5.253410
v -12.122100 3.986860 -4.568160
v 25.163700 -9.048470 -9.457190
v 24.079599 -9.852620 -8.988240
v 24.074600 -8.923130 -9.536510
v 23.939301 -10.734200 -8.438860
v -4.585350 -7.506530 -3.152790
v -4.079310 -8.488100 -2.550550
v -5.022410 -6.655150 -3.695240
v 14.604000 -9.948010 -3.276130
v 15.704100 -10.075100 -3.633180
v 15.798100 -9.116840 -4.119750
v 14.741400 -9.028160 -3.768340
v 15.931200 -8.146590 -4.625980
v 14.861100 -7.960990 -4.247440
v 16.833700 -9.161680 -4.383670
v 16.978500 -8.221290 -4.878580
v 16.748301 -10.041700 -3.838350
v -9.312750 -6.809080 -1.771970
v 3.709590 -3.017240 3.802570
v 3.222300 -3.109570 4.002970
v 3.248740 -3.762740 3.813190
v 3.885430 -3.435390 3.556910
v 3.920870 -2.523730 3.695560
v 3.321150 -2.413380 4.044110
v 2.529260 -3.191270 4.301760
v 2.494050 -3.988560 4.088380
v 2.606590 -2.351330 4.351440
v 4.332530 -2.841460 3.352320
v -9.499110 12.626100 -10.146700
v -9.489640 11.987300 -11.064200
v -10.250800 11.024200 -10.580400
v -10.287300 11.634000 -9.746790
v -10.866700 10.124700 -10.042500
v -10.865500 10.689900 -9.253290
v -9.409420 11.352800 -11.979500
v -10.218600 10.471800 -11.383900
v -10.879500 9.531890 -10.795400
v -9.414930 13.090400 -9.281470
v -10.202000 12.215800 -8.815200
v -10.748600 11.238700 -8.388030
v -9.162630 13.575200 -8.362440
v -9.956750 12.730800 -7.897730
v -10.536900 11.824800 -7.382370
v -8.288690 14.257000 -8.668120
v -8.482990 13.932000 -9.642780
v -8.624430 13.402000 -10.573700
v -9.938460 -4.057660 -1.181060
v -10.649000 -4.128710 -1.341250
v -11.067000 -4.916620 -1.513160
v -11.235100 -4.313370 -1.721270
v -10.975800 -5.343910 -1.421820
v -10.756400 -3.369590 -1.544890
v -11.392900 -3.614280 -1.957250
v -9.947350 -3.277400 -1.357780
v 0.776089 15.505600 3.720790
v 1.670200 15.541600 3.509240
v -0.096224 15.458500 3.934160
v -0.187151 16.146900 2.897270
v -0.315687 16.657101 1.802400
v 2.562500 15.399100 3.072600
v -3.204330 -21.924200 3.267600
v -3.111930 -22.849300 2.113860
v -2.170080 -21.963100 3.281740
v -2.100700 -22.804800 2.089820
v -4.114150 -23.232500 0.640158
v -3.082590 -23.322800 0.710159
v -2.046120 -23.322201 0.671571
v 20.887899 -0.995856 -7.779990
v 21.194700 0.072337 -8.105070
v 20.647699 -2.046340 -7.672820
v 8.477990 -6.632270 -10.872500
v 8.351210 -7.337900 -10.465400
v 7.134210 -7.321960 -10.474700
v 7.251130 -6.610640 -10.885300
v 8.617800 -5.851270 -11.322500
v 7.349820 -5.844470 -11.327200
v 9.831670 -5.926630 -11.278300
v 9.710810 -6.636090 -10.869800
v 9.521650 -7.365920 -10.449100
v 31.272301 -6.302630 -10.795400
v -9.916130 12.263000 -4.636460
v -10.521200 11.640700 -5.811410
v -10.692000 10.814100 -5.152590
v -10.182900 11.528500 -4.128440
v -9.553310 12.967400 -5.327230
v -10.110700 12.462100 -6.333160
v -10.874400 10.979200 -6.818060
v -11.120100 10.133600 -6.219920
v -9.146900 12.927200 -3.717840
v -9.459560 12.174300 -3.058100
v -8.807030 13.502800 -4.332110
v -2.913700 -10.951000 -1.476400
v -2.694610 -10.152100 -1.570400
v -3.149150 -11.803100 -0.993156
v -2.087650 -11.088200 -1.149810
v -1.901800 -10.217700 -1.142520
v -2.268110 -11.846800 -0.857565
v -0.127553 12.490300 5.959070
v 0.805322 12.472600 5.687080
v 0.941653 13.622500 5.249140
v -0.065676 13.643600 5.518920
v -0.252023 11.383200 5.950970
v 0.708469 11.362900 5.735380
v -1.211450 12.386700 5.947120
v -1.107810 13.480200 5.510880
v -1.250490 11.274700 5.934580
v 1.515480 11.370800 5.319280
v 1.699550 12.429400 5.248590
v 1.844340 13.535600 4.856200
v 26.394600 -3.294540 -12.432300
v 12.971100 4.726250 -7.311010
v 13.209300 3.650470 -6.433080
v 12.825800 5.062920 -8.760400
v 12.687400 5.617680 -8.072760
v 12.842600 4.475320 -9.492500
v -29.512699 -9.476590 -9.088180
v -29.520100 -8.657190 -9.634410
v -29.538300 -10.075600 -8.394510
v -30.630800 -9.481590 -9.056950
v -30.616800 -8.676190 -9.587370
v -30.630899 -10.051100 -8.325470
v -20.725201 -1.446930 -7.734340
v -19.902300 -1.015670 -7.417360
v -19.056499 -0.617251 -7.128980
v -16.389400 1.026840 -5.620450
v -17.043501 0.730264 -6.027790
v -16.588800 -0.136612 -5.755080
v -16.071501 0.184027 -5.382870
v -17.208099 1.640000 -6.512420
v -17.790199 1.245840 -7.009370
v -17.625999 0.330667 -6.450280
v -16.540001 1.842480 -6.020410
v -17.106800 -0.679036 -6.195260
v -7.924510 7.371070 -17.945101
v -7.913210 6.477950 -17.972799
v -7.924630 8.195890 -17.579201
v -7.158980 7.551340 -18.244301
v -7.065610 6.590210 -18.170601
v -7.180410 8.518940 -17.966801
v 29.375601 -4.627540 -7.580490
v 30.390301 -4.509330 -7.527340
v 29.456900 -3.845680 -7.948200
v 29.351500 -5.370920 -7.223610
v 30.373400 -5.207970 -7.160800
v 28.279699 -4.756350 -7.623960
v 28.355600 -3.958500 -7.989160
v 28.290501 -5.450140 -7.208490
v -11.635500 -2.816870 -2.246760
v -12.212100 -3.120350 -2.779670
v -11.941600 -3.925340 -2.510450
v -11.671100 -4.639150 -2.165590
v -10.919400 -2.586270 -1.793000
v 8.999590 1.896840 -3.088450
v 8.499500 1.506000 -2.822660
v 8.632700 1.164550 -3.083650
v 8.407100 0.644416 -3.033880
v 9.563630 2.190550 -3.327800
v -32.280399 -4.602480 -9.514780
v 12.919300 -18.813400 -3.244010
v 13.928300 -18.484600 -3.321270
v 13.733100 -17.826500 -4.165860
v 12.647900 -17.915100 -4.180050
v 11.370300 -18.049601 -4.180340
v 9.824160 -20.055599 -2.883730
v 10.062800 -19.094700 -3.547150
v 9.565370 -20.939501 -2.200470
v 10.481000 -15.107000 0.597069
v 13.029400 3.014560 -5.200480
v 26.802999 -1.016780 -10.357400
v 26.780300 -1.044970 -9.506710
v 25.958401 -0.657770 -10.314600
v 25.930599 -0.737361 -9.407220
v 2.345090 -14.622300 0.816948
v 3.427950 -14.507000 0.853386
v 2.413460 -13.810100 0.342897
v 2.464050 -12.998400 -0.128831
v 1.343230 -14.792100 0.821663
v 1.387650 -13.967900 0.342839
v 1.458350 -13.175700 -0.110256
v -7.704620 14.039500 -10.959900
v -7.585070 14.505400 -9.912430
v -6.814200 14.982100 -10.144800
v -6.895230 14.567300 -11.249600
v -7.716580 13.528500 -11.949000
v -6.867110 14.094700 -12.320600
v -8.552660 12.838500 -11.544300
v -6.128220 14.995300 -11.500000
v -6.102070 14.583000 -12.501600
v -6.084180 15.417100 -10.361600
v -5.354110 15.433000 -11.640700
v -5.293960 15.003500 -12.686300
v -6.095010 14.136800 -13.446400
v -5.283030 14.545000 -13.624600
v -6.914910 13.568200 -13.214600
v -4.481960 15.389200 -12.850000
v -4.426030 14.904800 -13.802200
v -4.540480 15.823000 -11.796200
v 4.599870 -6.178610 0.704327
v 3.775180 -6.709590 1.215090
v 2.924250 -7.206320 1.558900
v 2.873350 -7.594970 0.884620
v 2.801670 -7.984280 0.232269
v 4.539520 -5.685090 1.503770
v 3.716070 -6.296790 1.919110
v 2.806230 -6.773770 2.252430
v 4.436820 -5.200490 2.195700
v 3.593890 -5.719150 2.580950
v 2.713270 -6.215340 2.883110
v 5.298310 -5.387630 0.198346
v 5.319810 -4.987290 0.953581
v 5.189830 -4.456160 1.699880
v -22.999399 -8.956150 -4.902570
v -22.744301 -9.599190 -4.287610
v -4.429590 11.605600 -17.738199
v -4.593980 10.680800 -18.419701
v -4.362080 12.397700 -17.056299
v -5.516470 9.244260 -18.666401
v -3.684020 11.111900 -18.650499
v -3.571260 11.961400 -17.919901
v -10.046300 -2.442420 -1.597100
v -10.298400 -1.612430 -1.913750
v -11.199000 -1.768750 -2.094830
v -10.647300 -0.783087 -2.258000
v -11.526300 -0.968887 -2.455850
v -8.990740 4.766860 -17.143801
v -10.176300 4.120550 -16.409599
v -9.898530 5.045630 -16.802500
v -10.932100 4.597240 -15.722300
v -10.541900 5.489440 -16.124800
v 29.438299 -6.685070 -6.609300
v 30.433599 -6.602230 -6.523490
v 30.401600 -5.907660 -6.829310
v 29.385300 -6.037680 -6.865520
v 31.473499 -5.714470 -6.726920
v 31.403601 -5.043430 -7.151960
v 31.488199 -6.454570 -6.349120
v -13.147500 -4.865330 -11.881600
v 18.299801 -1.996470 -13.155600
v 18.452200 -0.924092 -12.940400
v 18.604000 0.001419 -12.150500
v 14.017300 -6.759100 -4.207680
v 15.022300 -6.964260 -4.655970
v 15.264900 -6.091510 -4.995690
v 14.257900 -5.879020 -4.554190
v 13.074200 -6.487090 -3.595040
v 13.418400 -5.596220 -4.079560
v 14.577700 -5.109250 -4.854350
v 13.753900 -4.900860 -4.394890
v 1.202350 9.412120 -19.732599
v 1.110320 10.895400 -19.697399
v 2.206940 10.696200 -19.515200
v 2.184550 9.380330 -19.634600
v 2.215720 7.955130 -19.180401
v 1.240490 8.030500 -19.245800
v 0.132300 9.551050 -19.820400
v 0.087792 10.916900 -19.780899
v 0.251627 7.992830 -19.234100
v 3.225160 9.210750 -19.433599
v 3.238180 7.904330 -19.110600
v -15.767800 2.003030 -5.750610
v -14.934000 2.039820 -5.402240
v -14.751700 2.467150 -6.425620
v -15.744900 2.406060 -6.546420
v -15.662000 1.169600 -5.220880
v -14.890000 1.219620 -4.820640
v -14.172500 2.055140 -4.906620
v -14.098600 1.280600 -4.362130
v -14.043200 2.511910 -5.604690
v -8.782100 -18.156500 -4.199770
v -8.751530 -19.150600 -3.604790
v -9.670080 -19.336201 -3.466610
v -9.729980 -18.407600 -4.040290
v -10.554000 -19.541901 -3.277830
v -10.642000 -18.651199 -3.866920
v -8.751880 -20.216700 -2.881040
v -8.864650 -17.174999 -4.776210
v -9.752590 -17.498199 -4.583080
v -10.725100 -17.752899 -4.417110
v -5.528120 -3.523410 1.776370
v -5.010150 -4.296190 2.086110
v -4.332250 -4.936190 2.476960
v 31.321699 -4.422240 -7.575480
v 32.109501 -4.451130 -7.905680
v -13.451400 2.084030 -4.568640
v -12.759400 2.268780 -4.405250
v -13.187000 2.703530 -5.199630
v -13.572900 2.527140 -5.074280
v -13.295700 1.373870 -3.988450
v -12.450500 1.496740 -3.821990
v -31.233400 -7.436810 -6.076160
v 1.077040 17.309700 -0.849992
v 1.993290 17.078800 -0.904774
v 2.894890 16.767300 -0.825510
v -7.268850 -6.801020 -5.546090
v -7.222840 -5.994980 -5.625060
v -7.335320 -7.706740 -5.166830
v 25.715799 -1.339640 -8.761680
v 24.800200 -1.116530 -8.641550
v -5.904700 -7.880800 -10.152200
v -5.868380 -8.599950 -9.737030
v -6.913570 -8.761930 -9.643450
v -6.913020 -7.982090 -10.093700
v -5.903490 -7.046020 -10.634100
v -6.973160 -7.197160 -10.546700
v -8.026250 -8.122880 -10.012300
v -8.008470 -7.365420 -10.449500
v -8.013750 -8.890700 -9.569030
v -4.880060 -7.793030 -10.202900
v -4.856040 -8.571200 -9.753680
v -4.814570 -9.294950 -9.335820
v -5.816250 -9.443450 -9.250020
v -6.876480 -9.515570 -9.208310
v -4.904710 -6.980730 -10.671800
v -3.806700 -6.943120 -10.693600
v -3.850290 -7.696560 -10.258700
v -3.848630 -8.448190 -9.824750
v -31.722000 -9.973270 -7.436340
v -19.516399 -14.120400 -3.657760
v -19.470301 -14.599400 -4.677730
v -15.407000 -16.191299 -0.480663
v -15.730200 -16.614401 -1.091480
v -15.261100 -17.094200 -0.863218
v -15.176600 -16.655500 -0.428703
v -14.781800 -15.907800 -0.057545
v -7.028240 -5.562720 -5.664470
v -7.162770 -5.234290 -5.288960
v -7.450070 -5.723830 -5.052170
v -6.684570 -5.005830 -5.466480
v -29.423100 -2.736000 -10.550600
v -28.667200 -2.335720 -10.760000
v 23.985500 -10.902700 -3.748690
v 23.208200 -10.559100 -3.545360
v -21.869301 -0.672548 -12.496200
v 1.897800 13.176000 -17.365801
v 1.765320 13.844900 -16.525900
v 2.029890 12.547100 -18.169001
v 1.822950 -20.801001 3.877960
v 1.958750 -19.477100 3.739060
v -30.692699 -3.992900 -10.775200
v 24.965200 -7.318240 -10.461600
v 25.016199 -8.177110 -9.966750
v 23.973900 -8.095700 -10.016900
v 23.866699 -7.243200 -10.508400
v 22.900101 -7.967540 -10.093500
v 22.849300 -7.141530 -10.569600
v 22.931400 -8.806460 -9.608640
v 24.951700 -6.482790 -10.941000
v 23.911800 -6.383050 -11.001600
v 22.870001 -6.312070 -11.045900
v 26.054501 -6.534890 -10.905000
v 6.170810 -11.178700 -1.782830
v 7.439720 -10.987400 -1.842600
v 32.625599 -4.683550 -8.532530
v 33.035000 -5.230860 -8.077010
v 32.366798 -4.980020 -7.416340
v 12.682900 -2.536990 -12.841700
v 12.477700 -3.415350 -12.610800
v 11.263100 -3.582350 -12.560800
v 11.486800 -2.737160 -12.869700
v 10.031400 -3.792830 -12.480900
v 10.129100 -3.042020 -12.885100
v 12.972700 -1.556670 -12.652000
v 11.733000 -1.605120 -12.991200
v 10.233000 -2.148250 -13.289100
v -0.965454 1.081580 5.002410
v -1.665020 0.914448 4.406950
v -1.661620 0.289101 4.676440
v -0.961940 0.489891 5.281230
v -2.309810 0.059142 4.131590
v -2.333740 0.739268 3.871200
v -2.278570 -0.682687 4.377250
v -1.597820 -0.451499 4.908040
v -0.933755 -0.205661 5.538580
v -1.010210 1.675770 4.788640
v -1.681460 1.519020 4.179070
v -1.914340 3.956970 -16.978500
v -1.758810 2.804100 -16.316799
v -2.697640 2.797440 -16.311501
v -2.853460 3.908730 -16.948900
v -3.848010 3.926140 -16.954500
v -3.743970 2.779900 -16.299299
v -0.838787 2.945730 -16.399000
v -0.682288 1.915120 -15.805300
v -1.607420 1.802550 -15.740400
v -2.607390 1.675310 -15.666600
v -0.512898 1.000490 -15.278300
v -1.551730 0.843721 -15.187800
v -2.590870 0.766726 -15.143100
v -1.080910 4.060050 -17.038500
v -1.244070 5.234960 -17.709200
v -0.153370 4.154380 -17.093399
v 0.073548 3.095870 -16.485300
v 0.291828 2.114650 -15.920200
v -0.309941 5.362600 -17.785400
v 13.648600 -8.849120 -3.221370
v 13.750100 -7.760870 -3.664330
v 13.502500 -9.867010 -2.839640
v 8.663730 -20.023899 -3.013340
v 8.530570 -20.951099 -2.340660
v 7.437680 -21.127300 -2.297090
v 7.496570 -20.080099 -3.054200
v 8.766740 -19.011900 -3.681750
v 7.607580 -19.039801 -3.679300
v 6.346320 -20.179300 -3.010430
v 6.492900 -19.082600 -3.662800
v 6.287070 -21.305901 -2.257850
v -11.820300 -19.832701 -0.016741
v -11.264800 -20.107401 0.194946
v -10.617600 -20.387800 0.400691
v 3.527020 13.376200 3.684490
v 2.662510 13.490300 4.348280
v 4.348020 13.315500 2.916020
v 4.971640 11.331400 2.748000
v 5.004100 12.279000 2.445300
v 5.007240 10.336700 3.003070
v 16.731199 -11.894800 -2.762310
v 17.816601 -10.832900 -3.455670
v 16.728500 -10.936800 -3.302100
v 18.827200 -10.650900 -3.594110
v 18.801201 -9.871030 -4.224660
v 17.792400 -9.973960 -4.017980
v 9.329870 -21.388599 -1.345640
v 8.445860 -21.663700 -1.371130
v 7.399210 -21.921900 -1.323250
v -30.252800 -8.221270 -6.281140
v -30.374399 -8.924310 -6.498180
v -30.524599 -9.549980 -6.902370
v -29.577499 -9.621410 -6.982160
v 11.624600 4.048570 -4.078200
v 11.319500 4.777860 -3.718370
v 11.964500 3.183400 -4.273370
v -30.620001 -10.020700 -7.510960
v -29.629601 -10.121400 -7.570220
v -31.693001 -9.993950 -8.272300
v -14.930700 -15.185100 -0.321133
v -14.743100 -1.595250 -4.767240
v -14.969500 -2.053090 -5.025320
v -14.642200 -2.672170 -4.919260
v -14.152100 -2.291200 -4.479500
v -15.300700 -2.875760 -5.320380
v -15.505900 -1.921550 -5.376940
v -14.198800 -3.555050 -4.698680
v -13.657100 -3.126610 -4.197060
v -14.875600 -3.860300 -5.119920
v -15.386400 -1.222680 -5.153060
v 24.080799 -12.946000 -5.339500
v 11.192400 0.084165 -14.174900
v 10.989400 0.961862 -14.729800
v 11.870700 1.650700 -14.092400
v 11.972500 0.807309 -13.479000
v 9.947920 -0.370345 -14.379500
v 9.717880 0.514701 -14.896100
v 11.373000 -0.769895 -13.553900
v 10.115400 -1.248220 -13.845300
v 12.103300 0.047954 -12.857100
v 10.759600 1.854900 -15.239900
v 9.442150 1.378050 -15.398500
v -5.922130 -22.702299 -0.793484
v -5.851310 -22.002800 -1.795300
v -12.858700 -10.396500 -8.698770
v -12.482300 -11.222100 -8.221880
v -13.600800 -11.321400 -8.163750
v -13.870700 -10.462000 -8.660580
v -13.344000 -12.190600 -7.660790
v -14.472200 -12.401100 -7.536530
v -14.684300 -11.403300 -8.115860
v -14.939000 -10.483200 -8.647890
v -12.260000 -12.075000 -7.728200
v -32.590000 -9.901600 -8.183560
v 30.677500 -4.058260 -10.826400
v 30.435699 -4.761720 -11.227700
v 30.345301 -5.615810 -11.170700
v 29.351200 -5.606340 -11.294700
v 28.282700 -5.707180 -11.316900
v 9.746140 4.423500 -16.631500
v 10.132500 3.541080 -16.181700
v 8.851920 3.073970 -16.332100
v 8.531210 3.994040 -16.834000
v 8.219220 4.924100 -17.321100
v 7.235350 3.693770 -16.771500
v 6.987800 4.645080 -17.295401
v 7.546780 2.806380 -16.273800
v 9.330790 5.348660 -17.074699
v 19.635900 -2.774270 -7.327140
v 20.500299 -3.030810 -7.567320
v -0.070557 0.592049 5.599220
v -0.104482 1.177510 5.341460
v -0.128532 1.706430 5.124570
v -8.445350 3.905980 -1.584350
v -8.666590 3.418370 -2.080250
v -8.892380 2.993140 -2.539660
v -1.121450 -22.959700 -0.828352
v -1.143240 -21.942200 -1.951280
v 31.165600 -4.897210 -10.964100
v 31.611799 -4.940790 -10.723100
v 31.782301 -5.410080 -10.715000
v 0.415859 -19.296600 -3.554160
v -0.374622 -19.371300 -3.510330
v -1.205330 -19.416401 -3.484210
v 1.326640 -19.334801 -3.531750
v 1.233120 -20.548300 -2.818820
v 0.433108 -20.552000 -2.815720
v -0.375642 -20.577499 -2.800410
v 2.228770 -19.340200 -3.528350
v 2.181950 -20.561300 -2.812390
v 6.689240 -16.062500 1.731150
v -30.326000 -4.233580 -7.676740
v -29.494499 -4.180790 -7.777300
v -30.468399 -3.578250 -8.109300
v -29.705000 -3.407830 -8.155170
v 0.432677 6.717750 -18.549299
v 0.568351 5.411410 -17.813101
v -0.547462 6.631050 -18.498301
v 0.765962 4.209780 -17.124701
v -0.709571 8.082070 -19.275600
v 1.500880 5.424690 -17.817699
v 1.697620 4.296850 -17.173201
v 1.308870 6.684190 -18.525900
v 2.428930 5.488060 -17.847601
v 2.651110 4.271290 -17.155701
v 2.793650 3.237580 -16.563499
v 1.952590 3.183680 -16.534000
v 1.018970 3.213710 -16.552500
v 2.325870 6.706800 -18.526899
v 3.464240 5.473580 -17.831100
v 3.585220 4.297510 -17.166401
v 3.746180 3.264400 -16.576000
v 3.312620 6.669410 -18.483801
v 9.021800 -11.227300 -8.219670
v 9.082440 -10.315400 -8.746330
v 8.906600 -12.110600 -7.709560
v 9.131380 -9.492520 -9.221450
v 12.221400 -13.079300 -7.147580
v 11.061000 -12.990000 -7.200220
v 9.946020 -12.982900 -7.205190
v 20.686501 -12.513300 -7.423020
v 20.776501 -13.391000 -6.786850
v 19.852200 -13.484900 -6.776750
v 19.745501 -12.624300 -7.372470
v 20.604500 -11.680900 -7.931630
v 19.652201 -11.705600 -7.923370
v 18.789499 -13.630000 -6.708080
v 18.682301 -12.685000 -7.347920
v 18.625099 -11.743400 -7.908230
v 21.507000 -12.533000 -7.371760
v 21.578199 -13.284700 -6.780450
v 21.608999 -13.871800 -5.993370
v 20.849300 -14.014700 -5.968620
v 19.985800 -14.179900 -5.922640
v 13.580700 -9.648630 -9.130660
v 13.627600 -10.539200 -8.615960
v 14.908200 -9.798950 -9.043260
v 14.869900 -10.690600 -8.527980
v 14.973300 -8.913670 -9.554720
v 13.716200 -8.772950 -9.636340
v 16.117300 -7.129590 -5.041280
v -6.260030 -4.582230 -4.844620
v -5.824490 -5.104750 -4.558650
v -5.432750 -5.840500 -4.129880
v -5.081960 -22.971901 0.535247
v -5.922810 -22.738800 0.447047
v -15.794600 -0.397550 -5.280100
v -15.227900 -0.542757 -4.925060
v -15.415400 0.254568 -5.012070
v -14.368600 -0.853472 -4.390140
v -14.658400 0.261591 -4.512910
v -16.011900 1.817780 -8.518210
v -15.913000 2.299910 -7.525230
v -14.921800 2.224870 -7.663150
v -14.956300 1.695610 -8.668240
v -14.077300 1.625990 -8.833050
v -13.921700 0.939289 -9.769510
v -14.123400 2.197160 -7.915110
v -18.111601 -10.306000 -3.858550
v -17.144300 -10.263200 -3.788480
v -17.306700 -9.279020 -4.416010
v -18.182501 -9.389100 -4.453390
v -19.059799 -10.258100 -3.936810
v -19.115999 -9.411590 -4.554910
v -19.285801 -8.571920 -5.032920
v -20.124500 -10.953000 -8.365900
v -21.968000 -12.089200 -7.655680
v -21.878300 -12.855400 -7.159360
v -22.568701 -10.302000 -3.683830
v -31.744801 -4.583380 -10.293800
v -31.656000 -4.880320 -10.678700
v -31.254700 -4.830460 -10.911900
v -16.799200 2.149680 -7.168450
v -16.454500 2.335120 -6.595180
v -14.503200 -4.876770 -4.851910
v -13.808600 -4.439380 -4.400930
v -13.206700 -3.984140 -3.912210
v -13.421700 -5.347310 -4.086410
v -12.878200 -4.809160 -3.603190
v -14.158400 -5.808500 -4.487960
v 15.448200 -1.729810 -5.264060
v 16.013700 -1.400570 -5.580290
v 15.246100 -1.085240 -5.010560
v 14.579800 -1.520110 -4.655780
v 15.846800 -0.742486 -5.365200
v -11.413100 -19.717300 -2.972340
v -12.223500 -19.791000 -2.437080
v -11.632700 -18.937300 -3.597360
v 15.758600 -16.491800 -1.070080
v 15.391000 -16.002501 -0.440722
v -32.496399 -6.672640 -6.290370
v -30.216000 -7.443260 -6.318670
v 13.627600 -16.979200 -4.769800
v 13.560800 -16.130800 -5.339260
v -9.148620 -4.130150 -1.337520
v -8.504050 -4.422310 -1.809420
v -8.289980 -3.626760 -2.092460
v -9.054940 -3.343440 -1.524330
v -7.850540 -4.200410 -2.848880
v -7.567710 -3.489350 -3.303980
v -8.136150 -4.888540 -2.482240
v -8.924330 13.917900 -7.330700
v -9.557170 13.205300 -6.882900
v -8.546790 14.183600 -6.341180
v -7.923980 14.680200 -6.571280
v -8.110230 14.499400 -7.652140
v -9.082070 13.653100 -5.838860
v 27.300200 -3.213270 -8.343080
v 28.418200 -3.141720 -8.320270
v 28.379400 -2.432770 -8.631220
v 27.404699 -2.435960 -8.609200
v 27.241400 -4.000110 -8.023380
v 27.511200 -1.726470 -8.956590
v 8.824280 6.266370 -17.477100
v 9.549240 6.718590 -16.845301
v 8.258810 7.136740 -17.790501
v 8.818820 7.566880 -17.163099
v 7.832750 5.875230 -17.775400
v 7.435070 6.846810 -18.094999
v -12.645700 2.021020 -10.964200
v -12.423000 1.310390 -11.946000
v -12.573600 0.723748 -11.397700
v -12.831800 1.468370 -10.392300
v -12.873900 2.700520 -10.019100
v -13.056700 2.145370 -9.510410
v -12.743500 3.264710 -10.634800
v -12.578900 2.637900 -11.539400
v -12.368800 1.946090 -12.562700
v -26.457800 -2.430090 -8.555190
v -25.618601 -2.028810 -8.538680
v -26.074301 -3.426260 -8.188410
v -25.192801 -3.061170 -8.176370
v -24.298901 -2.632400 -8.130330
v -24.721300 -1.588780 -8.517460
v 8.311680 -5.038030 -2.236790
v 8.596720 -4.657090 -1.684530
v 9.180450 -4.466910 -1.298630
v 8.832040 -5.140200 -1.540740
v 9.269800 -5.172980 -1.222390
v 8.708980 -5.581630 -1.799570
v -10.812000 -6.728280 -1.478930
v -10.057000 -6.872960 -1.424640
v -30.600401 -7.066010 -10.503600
v -30.597099 -6.241440 -10.903600
v -29.547300 -7.829850 -10.116100
v -30.616100 -7.877700 -10.054900
v -8.776690 -21.277901 -1.721510
v -7.759520 -21.146000 -2.288380
v -5.061400 5.903250 -18.036900
v -5.214040 6.964550 -18.534500
v -4.975640 4.893210 -17.488899
v -6.048610 5.738270 -17.910999
v -6.140860 6.749910 -18.347300
v -6.023130 4.802280 -17.417900
v -13.965600 -15.867700 0.197225
v -14.023000 -14.937900 -0.163982
v -7.417580 -21.163300 2.219760
v -24.241301 -0.018810 -10.281700
v -23.272100 0.261465 -10.229400
v -22.135799 0.158860 -11.429800
v -22.458700 -2.017070 -8.104020
v -21.607401 -1.791340 -7.973840
v -22.923401 -0.936228 -8.394720
v -23.383400 -2.300970 -8.130790
v -23.789400 -1.183210 -8.462600
v -23.219700 0.023748 -9.090630
v -24.130301 -0.322998 -9.125830
v 2.631920 -5.528460 3.360860
v 1.855720 -6.666430 3.087060
v 1.919940 -7.203980 2.500980
v 1.017310 -6.926220 3.312950
v 0.959741 -7.563650 2.636290
v 3.430850 -5.108720 3.115980
v 3.333330 -4.439840 3.516530
v 2.539620 -4.770680 3.762650
v 5.992550 -6.681850 -10.844300
v 6.026700 -5.919260 -11.284400
v 4.787060 -6.838360 -10.754000
v 4.772830 -6.113180 -11.172600
v 5.926760 -7.415860 -10.420600
v 4.774840 -7.572980 -10.329900
v -5.387050 8.138930 -18.820601
v -6.305480 7.821430 -18.539499
v -21.862101 -13.580700 -6.588920
v -22.642599 -13.520800 -6.481910
v -22.721399 -12.917100 -7.064050
v 6.061930 -5.238220 -11.677500
v 4.780760 -5.373880 -11.599300
v 6.060640 -4.598840 -12.046500
v 4.802360 -4.743020 -11.963500
v 3.546750 -5.558640 -11.492800
v 3.589600 -4.857780 -11.897400
v 3.617010 -6.305160 -11.061900
v 7.360510 -5.113520 -11.748800
v 7.407880 -4.533800 -12.082700
v -2.655000 -6.821840 -10.763700
v -2.655140 -6.004170 -11.235700
v -3.780910 -6.085250 -11.188800
v -4.897840 -6.153150 -11.149500
v -2.622120 -5.190900 -11.705200
v -3.762900 -5.262810 -11.663600
v -4.884470 -5.362480 -11.605900
v -1.512340 -6.686830 -10.841700
v 23.053400 0.016396 -11.343100
v 23.155701 0.361892 -10.211200
v 24.124701 0.070592 -10.245600
v 24.046900 -0.285569 -11.341800
v 25.078699 -0.296120 -10.272500
v 23.118799 0.206807 -9.153210
v 24.076500 -0.133893 -9.192890
v 25.006300 -0.426013 -9.283020
v 30.621099 -8.750820 -9.546660
v 29.501400 -8.828510 -9.537800
v -13.289400 -8.825440 -3.002580
v -12.731900 -7.167330 -3.092530
v -13.560100 -7.766560 -3.543740
v -12.206900 -6.406990 -2.679740
v -12.525900 -5.589560 -3.185650
v -13.090200 -6.216960 -3.648330
v -13.824900 -6.776490 -4.069830
v -0.049471 -3.441660 5.052290
v 0.888815 -3.316270 4.911720
v -0.973965 -3.432800 4.850330
v 9.911650 7.273190 -15.950600
v 9.140230 8.020940 -16.391100
v -11.164100 0.591963 -14.398400
v 7.017400 1.318500 -0.125466
v 6.604160 1.757700 0.667786
v 6.208700 0.820889 1.128400
v 5.651590 1.083240 1.847840
v 7.395740 0.922071 -0.969409
v 7.667560 0.535560 -1.720570
v 10.088200 -21.035601 -0.501048
v 9.260920 -21.420000 -0.347032
v 10.012800 -21.280300 -1.285690
v -18.294800 -0.170743 -6.835220
v -17.334700 1.812250 -8.100640
v 20.200899 -5.651260 -6.711550
v 21.100100 -5.739540 -6.734490
v 21.185699 -4.955330 -7.089610
v 20.288500 -4.773940 -7.077600
v 22.048500 -5.874370 -6.761760
v 22.169500 -5.066290 -7.045500
v 21.008699 -6.524440 -6.354280
v 21.936701 -6.594120 -6.362460
v 20.107000 -6.470160 -6.245210
v 22.270100 -4.246710 -7.375720
v 21.287800 -4.105770 -7.403540
v 20.408400 -3.909230 -7.349730
v -1.002850 10.893700 -19.771400
v -0.899444 9.432060 -19.768299
v 8.141030 -9.108870 -3.142300
v -19.285500 -14.506100 -5.758340
v 12.610400 -7.494800 -2.862040
v 12.565600 -8.763030 -2.563500
v 11.484800 -8.831640 -1.959070
v 11.501900 -7.881840 -1.983810
v 2.329290 -12.412500 -7.535860
v 2.364700 -13.224200 -7.067110
v 1.383230 -13.246100 -7.054510
v 1.343100 -12.461400 -7.507650
v 0.364147 -13.315200 -7.014630
v 0.402968 -12.519700 -7.473980
v 2.432210 -14.038200 -6.596980
v 1.408190 -14.102100 -6.560110
v 0.407003 -14.188500 -6.510260
v 2.346370 -11.571600 -8.021370
v 1.330260 -11.666400 -7.966670
v 0.392293 -11.753900 -7.916210
v 2.351160 -10.764200 -8.487610
v 1.381030 -10.862000 -8.431170
v 0.432081 -10.968600 -8.369640
v 2.385450 -9.967300 -8.947710
v 1.435080 -10.070500 -8.888130
v 0.532875 -10.178400 -8.825870
v 3.399790 -12.296300 -7.602880
v 3.411990 -13.112800 -7.131400
v 3.456710 -13.923300 -6.663300
v 3.399260 -11.465300 -8.082740
v 3.411920 -10.649000 -8.554090
v 4.448050 -12.178500 -7.670880
v 4.454570 -13.042500 -7.171900
v 4.468110 -13.861000 -6.699200
v 4.450540 -11.335600 -8.157560
v 21.557800 -13.568600 -4.182570
v 8.794840 -17.985901 -4.295560
v 7.635900 -18.000700 -4.295240
v 6.587220 -17.948500 -4.331470
v 7.661890 -16.914900 -4.929930
v 6.621200 -16.874500 -4.954880
v 8.718960 -16.952299 -4.905530
v 10.025700 -17.983700 -4.281920
v -6.367700 8.864650 -18.314800
v 0.843499 0.496090 5.365200
v 0.803267 1.074760 5.098080
v 1.570700 0.881482 4.535760
v 1.581970 1.462980 4.333090
v 0.814591 1.653640 4.919670
v 1.558470 0.270851 4.797930
v 8.040620 -9.489460 -9.223310
v 7.964360 -10.322800 -8.742170
v 8.068240 -8.741730 -9.655040
v -6.908390 -19.540300 3.256420
v -6.983950 -18.546301 2.976310
v -7.021810 -17.589899 2.547090
v 5.201360 -6.275220 -3.726530
v 5.898080 -4.823650 -3.414310
v 5.382370 -5.756220 -2.885900
v 6.448710 -3.881840 -3.915450
v 5.210370 -6.850010 -4.576840
v 7.307890 -4.758210 -4.611580
v 7.178490 -5.375070 -5.275640
v 7.575080 -5.991280 -4.899600
v 7.706910 -5.430110 -4.132670
v 7.772000 -4.818410 -3.383560
v 1.509500 -10.054100 -0.947772
v 2.489880 -9.136080 -0.992576
v 1.615690 -9.368800 -0.593521
v 3.315590 -8.712860 -1.574900
v -28.766100 -9.886230 -6.817320
v -1.236460 -11.105700 -0.907724
v -1.107680 -10.272700 -0.809516
v -1.282380 -11.903300 -0.680973
v -0.323442 -11.032400 -0.789367
v -0.251411 -10.266100 -0.692216
v -0.379581 -11.870200 -0.702941
v -0.979890 -9.619780 -0.508645
v -1.791490 -9.521690 -0.825366
v -0.159483 -9.614270 -0.354637
v 0.576257 -11.718800 -0.741045
v 0.549436 -10.955100 -0.848017
v -0.394093 -12.621100 -0.367612
v 0.548779 -12.525900 -0.461302
v 0.612484 -10.184600 -0.741938
v 6.604590 -6.521290 -5.912760
v 5.693350 -7.329140 -5.349930
v 6.506540 -7.503020 -5.643580
v 10.513500 9.330620 -3.643820
v 10.438900 10.043100 -3.907820
v 10.009000 10.621200 -3.056630
v 10.126400 9.743530 -2.776650
v 10.995800 8.740570 -4.474200
v 10.913700 9.462240 -4.791860
v 10.539000 8.579160 -3.264240
v 10.100900 8.982270 -2.424310
v 11.006200 8.050570 -4.014600
v 10.365900 10.857900 -4.202720
v 9.820280 11.442700 -3.264380
v 10.810500 10.192400 -5.065780
v 10.737200 10.969500 -5.452490
v 10.205900 11.640800 -4.495110
v 9.608840 12.218600 -3.595640
v 10.515600 11.712700 -5.908150
v 9.983880 12.370800 -4.906010
v 11.117000 10.300100 -6.382760
v 10.940000 11.046000 -6.808030
v 11.215900 9.563790 -5.962030
v -7.040090 -16.662500 2.108870
v -7.952390 -16.687599 2.046800
v -7.074860 -15.841500 1.587050
v 1.803750 -2.315000 4.712750
v 1.993830 -1.454340 4.647100
v 1.750510 -3.238850 4.617960
v 12.313900 -4.227520 -12.224600
v 11.147800 -4.368960 -12.154200
v 9.951360 -4.443030 -12.120400
v 12.229700 -5.045920 -11.778900
v 11.081800 -5.107970 -11.741400
v 13.487100 -4.136010 -12.281700
v 13.430400 -4.936780 -11.844100
v -0.867709 -7.083550 3.173180
v 0.086544 -7.190630 3.302200
v 14.789300 2.222360 -7.794860
v 14.782500 1.830470 -8.473390
v 11.107700 -10.646200 -1.688040
v 9.863510 -10.657000 -1.570860
v -8.818420 5.653260 -17.515900
v -9.595660 5.886830 -17.092501
v -7.925890 5.594050 -17.688900
v -14.738200 -17.684500 -4.147900
v -15.596100 -17.640699 -3.636780
v -16.084900 -17.260599 -2.867310
v -13.670700 2.810500 -6.036220
v 1.181600 -21.831900 -2.016230
v 0.380272 -21.810600 -2.021000
v -0.334026 -21.854200 -1.978910
v 2.046850 -21.850500 -2.022130
v 2.067630 -18.302601 3.147350
v -7.600270 -5.290170 -4.367180
v -8.494930 10.367900 -14.714600
v -8.534890 10.975400 -13.991800
v -7.757060 11.711800 -14.424100
v -7.726430 11.008300 -15.168100
v -9.301600 9.065010 -14.964500
v -9.326020 9.650910 -14.216000
v -8.527420 9.717890 -15.407600
v -7.706270 10.340700 -15.850200
v -9.344620 10.257400 -13.444600
v -8.525840 11.605000 -13.273200
v -7.748300 12.326700 -13.693000
v -6.970410 13.050900 -13.993600
v -6.991870 12.346000 -14.831200
v -6.946010 11.663000 -15.583400
v -8.547690 12.205300 -12.431400
v -7.648650 12.982200 -12.887100
v -8.876020 -16.331100 -5.266780
v -9.870490 -16.601000 -5.107650
v -8.918690 -15.490500 -5.755320
v -9.944990 -15.768600 -5.591820
v -10.753200 -16.869301 -4.947680
v -10.873200 -16.030600 -5.436300
v -7.866390 -16.030199 -5.443600
v -7.831360 -16.927700 -4.922300
v -7.949260 -15.231200 -5.906130
v -6.915200 -15.838600 -5.555750
v -6.899840 -16.741301 -5.032160
v -6.963470 -15.072100 -5.998950
v 15.623800 2.272200 -7.668920
v 16.424299 2.306390 -7.459740
v 17.082500 2.122780 -7.045840
v 14.759100 1.345220 -9.215520
v 15.694100 1.920330 -8.364210
v 15.710300 1.500830 -9.120240
v -0.380225 -22.831900 -0.915293
v 0.334093 -22.830999 -0.911916
v 14.648700 0.796439 -10.008300
v 22.305201 -10.400300 -3.666220
v 5.338990 -19.100201 -3.663690
v 5.214930 -20.308800 -2.944010
v 4.108090 -20.438101 -2.878980
v 4.217180 -19.193399 -3.611000
v 3.124700 -20.545099 -2.821400
v 3.213840 -19.299101 -3.551350
v 5.095310 -21.566299 -2.125110
v 3.996350 -21.735800 -2.081120
v 2.983710 -21.845301 -2.019410
v 5.487670 -17.929501 -4.344330
v 4.411850 -17.988501 -4.311710
v 3.312700 -18.076099 -4.262220
v -11.460700 -5.247170 -1.863630
v -11.802700 -5.738310 -2.255940
v -11.415800 -6.333510 -1.805560
v -11.146700 -5.724570 -1.559840
v 4.209110 9.070280 -19.202400
v 4.260200 7.803680 -18.953400
v -14.921800 -17.046400 -4.642810
v -15.871700 -17.076099 -4.111020
v -16.461599 -16.789499 -3.301130
v 18.555099 -14.488900 -3.475310
v 19.385300 -14.170400 -3.657330
v 20.139999 -13.917800 -3.900210
v 12.476100 -0.529409 -12.264300
v -3.612050 -0.039544 -14.677700
v -3.555000 -0.820097 -14.227600
v -4.694950 -0.848272 -14.210900
v -4.732460 -0.061350 -14.664400
v -7.008750 5.649990 -17.814199
v -7.002060 4.709390 -17.337799
v -7.981220 4.704420 -17.280300
v 8.319020 -21.369600 0.966058
v 7.090270 -5.813040 -5.723760
v 7.214990 -6.416960 -5.620010
v -12.334100 -19.516300 -0.320101
v 26.175100 -3.974120 -7.962680
v 26.287201 -3.141980 -8.319120
v 26.154400 -4.748250 -7.515440
v 27.207199 -4.773870 -7.617310
v 26.418800 -2.332070 -8.562290
v 0.482460 -13.322900 -0.070178
v -3.917200 11.710500 4.423020
v -3.199790 11.926900 5.086470
v -2.226040 12.208600 5.680440
v -3.223530 10.978200 5.048310
v -2.324540 11.135500 5.606480
v -4.083410 10.703300 4.304390
v -3.985980 0.347931 3.099880
v -3.136930 0.557670 3.479600
v -4.845250 0.094242 2.622290
v -4.978470 0.902576 2.405880
v -4.694320 -0.650919 2.840980
v -3.908080 -0.367758 3.338250
v -3.079920 -0.138208 3.723640
v -5.188150 1.809820 2.343250
v -30.679501 -4.665640 -11.132000
v -31.253401 -4.300820 -10.509500
v -1.045850 14.448500 4.808650
v -0.061648 14.611700 4.741570
v -1.005350 15.287600 3.937760
v -1.053690 15.966000 2.991600
v -1.871340 15.721200 3.030480
v 0.919423 14.660400 4.596910
v 1.804360 14.587700 4.219690
v 0.808613 17.444500 -2.008000
v 1.763560 17.301399 -2.009840
v 1.452560 17.520100 -3.084640
v 0.513590 17.625500 -3.069980
v -0.092371 17.483601 -1.870470
v -0.372378 17.642700 -3.061610
v 0.164628 17.321899 -0.722444
v 2.772470 16.958900 -1.957720
v 2.460490 17.374701 -3.094920
v 3.970650 16.447300 -1.794770
v 3.499540 17.073299 -3.161630
v 3.768730 16.248899 -0.613094
v -2.561010 -9.355980 -1.254580
v -7.271560 -0.879494 -1.141920
v -7.013350 -1.823270 -0.892912
v -7.479290 0.002584 -1.352540
v -12.958200 4.858100 -8.163020
v 31.163500 -5.568410 -10.991100
v -12.981200 0.312180 -10.985600
v -12.080000 0.537023 -13.007900
v -13.241200 1.067900 -9.989300
v -12.886600 3.861460 -9.776990
v -13.041000 3.274940 -9.222460
v -13.232100 2.769740 -8.650240
v 10.060400 6.181040 -2.086130
v 9.698150 5.141650 -2.085130
v 10.311000 5.538180 -2.520620
v 8.982330 4.710870 -1.620710
v 9.207980 4.116350 -2.180560
v 9.894400 4.459130 -2.542680
v 10.545900 4.923410 -2.918900
v 10.218900 6.959780 -2.068630
v 9.893330 6.829040 -1.750140
v 10.453000 6.636780 -2.415930
v 10.706100 6.073280 -2.856570
v 10.191300 7.491360 -2.035050
v 9.762810 7.507250 -1.563810
v 10.510600 7.201930 -2.594570
v 10.917600 6.685900 -3.200920
v 10.977600 7.372550 -3.586320
v 10.538400 7.859210 -2.848410
v 11.290800 6.057000 -3.746860
v 11.451400 6.717640 -4.251500
v 11.003700 5.416830 -3.330330
v -12.815100 -16.556801 -5.104910
v -12.717100 -17.382601 -4.598270
v -13.751000 -17.571100 -4.418240
v -13.880600 -16.809099 -4.914220
v -15.131500 -16.318100 -5.122120
v -1.083440 2.272460 4.672000
v -0.108227 2.340640 5.031350
v -0.079310 3.093900 5.025840
v -1.341290 3.048200 4.665270
v -1.808050 2.621100 4.093040
v -1.745870 2.125530 4.042920
v -12.350000 -1.198100 -2.845240
v -13.035300 -1.470800 -3.391450
v -12.584400 -2.314580 -3.071430
v -11.948900 -2.024850 -2.526910
v -12.726000 -0.345924 -3.197150
v -13.543600 -0.573552 -3.701800
v -13.670500 -1.803620 -3.955590
v -13.120600 -2.662580 -3.648200
v -11.890500 -0.138807 -2.829160
v 17.710899 -14.859600 -3.295180
v 13.264300 -0.634084 -11.923200
v 14.268300 -0.529469 -11.845800
v 6.516390 15.936700 -6.435740
v 6.691800 15.710600 -7.080210
v 6.952330 15.338300 -8.030780
v 3.414590 -0.357180 -14.494500
v 3.543620 -1.274470 -13.965400
v 2.534620 -1.290980 -13.956100
v 2.385610 -0.460846 -14.435100
v 1.647960 -1.356950 -13.918200
v 1.556160 -0.488036 -14.419500
v 3.683380 -2.043260 -13.521800
v 2.572100 -2.148630 -13.461300
v 1.640650 -2.084150 -13.498500
v 3.225640 0.543403 -15.013900
v 2.325250 0.474265 -14.974400
v 1.459580 0.344341 -14.899700
v 3.148200 1.449100 -15.535500
v 2.246760 1.316130 -15.459500
v 1.413840 1.306770 -15.454600
v 3.025710 2.277470 -16.011801
v 2.174410 2.302260 -16.027100
v 1.262810 2.203930 -15.971200
v 4.344750 0.692724 -15.099100
v 4.548050 -0.181026 -14.595400
v 4.738180 -1.053010 -14.092600
v 4.151560 1.515760 -15.572500
v 3.902380 2.364090 -16.059999
v 5.279210 1.668280 -15.657600
v 5.534130 0.854711 -15.189800
v 4.981840 2.466050 -16.115499
v 7.875400 0.197704 -2.387600
v 8.191710 0.938875 -2.635510
v 26.649200 -1.566930 -8.907390
v 5.757740 12.547700 -15.864200
v 5.757000 11.864500 -16.519400
v 5.788790 11.184200 -17.105200
v 4.633410 13.733200 -15.442700
v 5.725710 13.234100 -15.194900
v 3.541210 14.173500 -15.505600
v 5.676690 13.776300 -14.488400
v 6.759120 13.145100 -14.124600
v 4.561830 14.356500 -14.674900
v 2.701930 -22.866899 2.076790
v 2.688340 -23.340900 0.648781
v 3.843910 -23.178801 0.575014
v -12.680100 -19.618500 -1.540250
v -16.034901 -11.089300 -3.145760
v -16.212700 -10.062400 -3.746020
v -16.364599 -9.017800 -4.327600
v -15.215200 -9.716250 -3.640810
v -15.408500 -8.675360 -4.177350
v -16.803600 -16.234600 -3.719970
v -16.168100 -16.471001 -4.583870
v 4.980910 -22.956900 0.476029
v 6.283080 -22.495800 0.209434
v -16.042700 -0.864982 -5.510590
v 4.363590 6.598890 -18.417900
v -7.863290 8.964020 -17.028400
v -2.228570 6.125850 5.208810
v -1.175570 6.204950 5.510400
v -1.202240 7.355710 5.515480
v -2.207670 7.190560 5.243560
v -2.244040 5.077250 5.060920
v -1.243740 5.098480 5.382680
v -0.114804 5.149530 5.525620
v -0.150083 6.284250 5.626710
v -0.152868 7.444540 5.623180
v -7.632390 -0.281104 -2.101080
v -7.873390 -0.480711 -2.697440
v -7.535970 -1.377590 -2.638840
v -7.366890 -1.158530 -1.946650
v -7.845040 0.482104 -2.235310
v -7.637660 0.752714 -1.543770
v -0.430405 -5.142030 -11.733500
v -0.439814 -5.854400 -11.322300
v -1.534700 -5.922250 -11.283100
v -1.512890 -5.158820 -11.723800
v -0.462701 -6.617460 -10.881700
v 0.521165 -5.038540 -11.793200
v 0.525021 -5.803130 -11.351800
v 0.585785 -6.524650 -10.935300
v -7.750900 9.650290 -16.468300
v -6.130600 12.244200 -15.928300
v -9.628620 11.285200 -2.602340
v -8.784230 11.945200 -1.729690
v -8.524110 12.837100 -2.328770
v -10.281300 10.660100 -3.548500
v -9.706770 10.412400 -2.115900
v -8.890740 10.950900 -1.281290
v -10.295800 9.708660 -3.072060
v -8.291000 13.499100 -2.940760
v -8.003930 14.086900 -3.745410
v -24.756001 -12.013000 -5.107540
v -24.271799 -12.433500 -4.762360
v -23.734699 -12.804200 -4.494370
v 0.891920 13.352100 -17.452299
v 0.765446 13.915800 -16.612801
v 0.954949 12.701800 -18.301201
v -0.087378 13.382500 -17.501499
v -0.122349 13.942600 -16.579901
v -0.060322 12.795400 -18.357100
v -3.441940 12.819900 -17.190901
v -2.851840 11.445000 -18.877899
v -2.688770 12.313700 -18.087601
v -1.942470 11.731300 -19.039101
v -1.910950 12.557000 -18.238701
v -4.788740 -10.113500 -8.863230
v -5.755390 -10.197500 -8.814670
v -6.751380 -10.288500 -8.762070
v -4.649690 -10.883600 -8.418530
v -5.722780 -10.919900 -8.397550
v -6.614460 -11.054000 -8.320000
v 6.530030 1.800150 -15.725400
v 6.757790 0.957670 -15.245300
v 7.816370 1.951640 -15.793200
v 8.115380 1.131340 -15.324200
v 8.329780 0.250342 -14.822400
v 7.016110 0.132902 -14.770600
v 5.731420 -0.010450 -14.692600
v 6.224710 2.619860 -16.192699
v 5.955220 3.487510 -16.687901
v 4.761300 3.341610 -16.616199
v -22.572201 -7.290160 -6.054490
v -21.637300 -7.155650 -6.011800
v -21.884199 -6.288820 -6.503630
v -22.820900 -6.447500 -6.524970
v -21.374599 -7.896470 -5.488200
v -20.482599 -7.796060 -5.490070
v -20.759100 -6.994120 -5.995360
v -22.312599 -8.072680 -5.517560
v -21.023800 -6.206370 -6.490630
v -27.555201 -4.747810 -7.631210
v -26.642900 -4.558140 -7.700280
v -25.723000 -4.341540 -7.714280
v -27.311800 -5.509700 -7.119880
v -26.381399 -5.373870 -7.177410
v -25.381100 -5.126970 -7.227620
v -8.041500 -14.487500 -6.336360
v -8.154610 -13.711500 -6.784780
v -9.036180 -14.704700 -6.209860
v -9.154370 -13.989000 -6.623930
v -8.297700 -12.928100 -7.237380
v -9.087720 4.244470 -1.977500
v -9.728410 4.551560 -2.380530
v -10.010300 4.055320 -2.796190
v -9.327370 3.746590 -2.458150
v -10.297100 4.954330 -2.680230
v -10.662500 4.494380 -3.163730
v -8.863150 4.804500 -1.507310
v -9.445100 5.126480 -1.867990
v -9.950110 5.469240 -2.209200
v -8.276860 4.501400 -1.049320
v -13.057900 0.524187 -3.553860
v -12.183500 0.669939 -3.275890
v -13.876200 0.364333 -4.002460
v -12.582800 5.949860 -7.942480
v -12.728800 5.478030 -8.729370
v -3.184420 6.015320 4.809880
v -4.048060 5.889880 4.346710
v -3.228590 7.028050 4.826550
v -4.130070 6.817080 4.335300
v -4.715590 5.700870 3.899980
v -4.884970 6.554720 3.797580
v 12.274900 2.486930 -13.128400
v 12.339700 1.639280 -12.576000
v 12.441300 3.251630 -12.220200
v 12.543600 2.452560 -11.651900
v 2.810900 -22.951799 -0.894861
v 3.837380 -22.900600 -0.855371
v 5.094580 -22.546600 -1.044310
v -13.706500 0.198679 -10.764800
v -5.254410 12.774500 -16.171801
v -4.318430 13.215200 -16.355101
v -5.283630 13.457100 -15.381700
v -4.398060 13.869200 -15.518300
v -6.192840 12.967800 -15.101000
v -3.816110 -9.198380 -9.391620
v -3.692060 -9.926960 -8.970950
v 5.424770 6.594780 -18.349001
v -2.319180 3.325690 4.223060
v -2.289770 4.138930 4.713360
v -8.198420 8.736630 0.092642
v -7.518860 9.113040 0.746908
v -7.342680 10.072500 0.681454
v -8.089380 9.645150 0.086732
v -8.972600 8.328190 -0.621911
v -8.905020 9.171620 -0.693390
v -8.303570 7.852500 -0.031372
v -7.657830 8.141510 0.667005
v -8.995530 7.541050 -0.685912
v -7.192000 11.016500 0.522481
v -8.003090 10.571600 -0.164137
v -8.898430 10.028400 -0.845031
v -6.888140 9.398970 1.398640
v -6.699850 10.398900 1.347760
v -7.024610 8.424800 1.399400
v -6.486250 11.347800 1.129300
v -3.876060 -3.319860 3.645190
v -3.438170 -3.355690 3.858260
v -3.516060 -2.688580 3.930030
v -4.061480 -2.812830 3.574500
v -4.036040 -3.716520 3.387390
v -3.451820 -4.011410 3.630120
v -4.439920 -3.190170 3.215480
v -2.727050 -3.439550 4.167570
v -2.728530 -4.212220 3.894190
v -2.818470 -2.573330 4.268280
v -2.243070 8.267000 5.214210
v -3.288720 8.069810 4.794210
v -2.288170 9.254340 5.279470
v -3.290190 9.056700 4.768740
v -4.190390 7.822310 4.281620
v -4.203110 8.871870 4.221100
v -1.173670 8.426380 5.529130
v -1.255840 9.398710 5.533510
v -0.217378 8.533060 5.582530
v -0.209048 9.532210 5.635180
v -9.646160 7.194750 -1.379040
v -9.736100 7.938950 -1.413810
v -10.425100 7.558160 -2.253190
v -10.257400 6.874450 -2.076440
v -9.740280 8.703390 -1.521740
v -10.407800 8.236260 -2.467280
v -8.952790 6.823750 -0.814051
v -8.387380 7.013730 -0.210285
v -9.493060 6.616040 -1.386950
v -11.053000 6.480040 -14.411000
v -10.881200 5.984850 -15.272800
v -11.321800 5.153310 -14.816100
v -11.520400 5.668960 -13.865500
v -10.540600 7.213140 -14.879300
v -10.374800 6.769840 -15.690200
v -11.158100 6.962020 -13.501400
v -11.612100 6.199680 -12.930800
v -10.647800 7.676390 -14.041700
v -6.483590 -4.052140 -4.189080
v -5.992340 -4.634170 -3.800840
v -5.581010 -5.416110 -3.340240
v 4.107590 -8.157010 -2.357210
v 4.680360 -7.217160 -3.095520
v -6.682800 -2.764100 -0.529537
v -6.579070 -2.323280 0.228563
v -5.960930 -2.735900 1.371070
v -7.054630 -2.582050 -2.663690
v -6.707640 -3.389860 -3.495450
v -6.225250 -4.143220 -3.053990
v -6.484950 -3.587540 -2.236100
v -5.796600 -4.979940 -2.539670
v -6.006390 -4.549550 -1.736070
v -6.627920 -3.194200 -1.382160
v -7.030800 -2.168010 -1.748980
v -11.458000 -12.722500 -0.994419
v -11.646900 -11.683300 -1.487890
v -11.849600 -10.701900 -1.863770
v -2.525220 0.001290 -14.701700
v -2.482210 -0.821756 -14.226900
v -3.691770 0.795505 -15.158800
v -4.806560 0.770240 -15.143300
v 6.047730 13.077500 0.462459
v 6.726170 13.101100 -0.342306
v 6.383860 13.922600 -0.683117
v 5.783130 13.998000 0.078913
v 5.374150 14.051700 0.804661
v 5.573760 13.182400 1.267650
v 6.198440 12.288400 0.883762
v 7.010260 12.273600 0.021266
v 5.631350 12.261000 1.630620
v 5.909340 14.737000 -1.088600
v 5.413470 14.850300 -0.425724
v 5.008630 14.909700 0.378132
v 5.443750 15.515200 -1.713240
v 4.797880 15.586200 -0.972384
v 4.493140 15.628500 -0.133904
v 4.885320 16.194700 -2.458650
v -28.197300 -6.441470 -6.603670
v -28.261700 -5.659150 -7.097780
v 4.877140 1.223390 2.514200
v 3.988900 1.169630 3.038670
v 3.881550 0.462383 3.146650
v 4.679950 0.349974 2.754890
v 5.353600 0.217431 2.182090
v 7.815750 12.264400 -0.884405
v 8.552270 12.118600 -1.684070
v 8.182670 12.933300 -1.991950
v 7.489210 13.033200 -1.136660
v 9.210870 11.885000 -2.445970
v 8.866940 12.646500 -2.772910
v 8.077850 11.380400 -0.593457
v 8.798090 11.246700 -1.420880
v 9.489120 10.981400 -2.187130
v 7.744080 13.645000 -2.319920
v 7.062040 13.835700 -1.466960
v 8.511030 13.314800 -3.146060
v -12.263000 4.017060 -12.728100
v -12.466700 3.296130 -12.151100
v -11.992700 1.235820 -13.601500
v 6.942660 -2.762200 -3.281030
v 6.804490 -3.172040 -3.762360
v 7.658040 -1.873280 -2.970570
v 7.265680 -2.023260 -2.610930
v 6.547020 -3.491000 -2.992070
v 6.743400 -3.009440 -2.182840
v 3.203120 1.936610 3.356280
v 3.284470 2.756500 3.590780
v 3.203160 3.544590 4.002160
v 2.371890 1.978020 3.776870
v 2.380420 2.639630 3.888900
v 2.260940 3.344570 4.350220
v 2.135310 11.768000 -18.901400
v 9.371510 3.505950 -2.636560
v 9.529950 2.850650 -3.036240
v 10.096300 3.848850 -2.960160
v 10.231200 3.171600 -3.336690
v 10.303400 2.447570 -3.621540
v 14.491000 0.174754 -10.927100
v 14.720900 1.542900 -4.821200
v 15.495300 1.519010 -5.188610
v 16.075100 1.440780 -5.455580
v 3.723080 -2.796580 -13.087100
v 2.577190 -2.826260 -13.070100
v 1.571920 -2.816810 -13.075700
v 3.721030 -3.486410 -12.689000
v 2.544610 -3.548530 -12.653200
v 1.549610 -3.546610 -12.654400
v 4.272450 -4.566680 2.759660
v 4.998520 -3.883490 2.342570
v 4.708600 -3.280900 2.915800
v 4.075560 -3.969780 3.210730
v 5.554770 -3.014380 1.963930
v 5.130570 -2.544060 2.593090
v 5.818190 -3.561820 1.213840
v 4.666780 -2.148860 3.128970
v 1.873870 -22.959801 -0.889072
v 1.059090 -22.841000 -0.947231
v 4.470290 16.827299 -3.458830
v -5.490030 -5.431940 -1.187000
v 7.457110 -8.337780 -4.562730
v 7.433670 -7.348860 -5.203590
v 7.938060 -6.841270 -4.335090
v 8.355230 -7.857910 -3.449940
v 12.392700 6.377600 -8.673230
v 12.049600 7.089630 -9.190620
v 11.944000 7.627130 -8.469680
v 12.185400 6.922910 -7.952980
v 12.482700 5.868550 -9.380760
v 12.130300 6.596340 -9.962050
v 7.162230 11.393200 0.310043
v -0.947604 17.393700 -1.702030
v -1.180850 17.571400 -2.871100
v -0.713615 17.221901 -0.473054
v -1.816720 -5.323160 3.884260
v -1.841480 -6.152110 3.443100
v -2.732280 -5.032570 3.579670
v -2.703110 -5.826640 3.134390
v -1.844640 -4.386310 4.231880
v -1.766470 -6.954640 2.887650
v 11.079800 9.808360 -9.900800
v 10.644700 10.464000 -10.344000
v 10.537600 11.226100 -9.493690
v 10.992600 10.485200 -9.035920
v 11.130800 9.127500 -10.670300
v 10.675000 9.874010 -11.109600
v 11.474200 8.480030 -10.201000
v 11.437300 9.101460 -9.417150
v 11.321900 9.766510 -8.575050
v 10.096900 11.222800 -10.780800
v 9.998250 11.882700 -9.966840
v 9.777600 12.534100 -9.066500
v 10.350500 11.843300 -8.565440
v 10.817000 11.153100 -8.148440
v -9.377830 -13.465500 -0.284124
v -8.375550 -13.382500 -0.154686
v -9.580020 -12.562200 -0.753900
v -10.420300 -13.563400 -0.373749
v -10.520400 -12.635600 -0.856694
v -9.945930 6.276400 -1.933630
v -9.632190 5.908690 -1.737590
v -9.357290 6.236920 -1.364420
v -9.004650 6.240630 -1.038770
v -9.202540 5.704220 -1.426380
v -6.229010 12.244900 0.850460
v -7.010630 11.974700 0.151674
v -5.639590 12.524100 1.630940
v -5.856880 11.593900 1.888550
v -6.077970 10.652100 2.051300
v -5.967020 13.195400 0.433993
v -6.775540 12.852500 -0.275196
v -5.396630 13.404900 1.251850
v 22.363300 -3.454310 -7.728860
v 28.322300 -6.102500 -6.816770
v 27.234900 -6.102380 -6.726970
v 26.125200 -6.104870 -6.698850
v 6.624480 14.639800 -1.895340
v 6.163360 15.309000 -2.374220
v 5.724160 15.977000 -3.028040
v 5.796360 -4.896830 -1.144450
v 5.929470 -4.485650 -0.357661
v 5.950730 -4.069190 0.462793
v 6.303420 -3.958270 -1.678010
v 6.436370 -3.546770 -0.837588
v -11.189800 4.999940 -3.567510
v -11.620300 4.539950 -4.048400
v -11.545100 5.620490 -4.041240
v 0.711335 -9.539630 -0.375145
v -9.703630 9.495130 -1.767360
v -10.352500 8.951480 -2.745090
v -1.261030 4.062040 5.092660
v -0.078629 4.042950 5.330220
v 13.957600 -2.167080 -4.309780
v -0.616887 -13.461600 -6.930070
v -1.635560 -13.622700 -6.836980
v 2.503580 -14.914300 -6.090950
v 9.261210 -15.135400 0.795569
v 8.026960 -15.175000 1.014470
v 9.322320 -5.805500 -1.406720
v -31.794500 -9.490010 -8.967640
v 2.262000 0.703158 3.984520
v 2.280290 1.317700 3.772940
v 2.224160 0.067097 4.211550
v 1.635670 2.058290 4.217780
v 0.916073 2.246690 4.762930
v -11.189800 9.202890 -5.583890
v -10.773200 9.935160 -4.607630
v -6.248660 9.735640 2.112720
v -6.391480 8.766040 2.125110
v -4.283760 -2.115870 3.421970
v -4.755720 -2.525290 2.991460
v -3.645740 -1.894340 3.826280
v -3.795860 -1.104280 3.575040
v -4.493450 -1.415400 3.172750
v -5.115120 -1.785030 2.647920
v 1.104460 4.100110 5.124970
v 1.223200 3.044480 4.753760
v 1.777650 2.572720 4.230300
v 2.179940 4.208030 4.774270
v 9.046710 9.349020 -0.940919
v 8.314290 9.467360 -0.122866
v 7.386200 9.409380 0.783213
v 9.693130 8.330060 -1.489810
v 9.685160 9.195890 -1.676150
v -11.345500 6.655770 -3.864740
v -11.159900 6.059390 -3.450520
v -10.759000 5.474590 -3.033700
v -11.371100 7.218750 -4.299240
v -10.956300 7.738740 -3.403100
v -10.925700 7.120100 -3.061940
v -10.715400 6.486320 -2.788520
v -2.138720 -1.555350 4.562240
v -3.001950 -0.904372 3.971170
v -2.907780 -1.741820 4.166840
v 2.725220 -1.570380 4.235210
v 6.929380 15.048600 -3.141640
v 6.495380 15.646300 -3.728570
v 7.665630 14.574900 -3.974870
v 7.166350 15.217600 -4.469350
v 6.699290 15.730000 -5.012950
v 6.044070 16.256599 -4.362020
v 5.309500 16.579201 -3.902770
v 7.298100 15.235900 -5.805490
v 6.798840 15.685100 -6.120100
v 6.279610 16.160000 -5.632680
v 7.908190 14.706300 -6.619770
v 7.275130 15.244800 -6.891600
v 7.861150 14.676000 -5.303430
v 8.542930 14.151200 -6.200880
v 5.469700 -15.764800 -5.598810
v 5.599460 -16.781700 -5.009910
v 4.399920 -16.835600 -4.980080
v 4.494690 -15.708800 -5.631470
v 5.459650 -14.749000 -6.185980
v 4.450370 -14.737200 -6.192940
v 3.411900 -16.944901 -4.916980
v 3.447000 -15.797900 -5.580210
v 3.443050 -14.815200 -6.148070
v 6.559790 -15.781800 -5.588210
v 10.151100 10.531300 -11.501100
v 10.664300 9.317570 -11.794100
v 10.123700 10.044500 -12.145500
v 11.128800 8.633560 -11.383400
v 9.464280 11.325000 -11.928400
v 9.462770 11.890800 -11.240300
v 9.277540 12.581900 -10.435800
v 9.099670 13.164400 -9.432830
v 8.681940 12.101100 -12.431100
v 8.625910 12.679900 -11.727100
v -9.099380 2.469320 -2.922690
v 6.556320 -14.782300 -6.166320
v 6.504100 -13.897000 -6.678010
v 5.484260 -13.870400 -6.693560
v 7.641700 -15.852800 -5.545800
v 7.610350 -14.843500 -6.130620
v 7.665690 -13.872200 -6.692010
v -7.945220 11.492400 -0.470331
v -7.775220 12.465200 -1.046840
v -7.567590 13.321500 -1.588090
v -6.552600 13.794000 -0.912113
v 7.345380 14.333100 -2.669740
v -7.225280 -3.263350 -3.574220
v -6.932080 -3.847800 -4.327270
v -7.383450 -4.188240 -4.027450
v -6.833870 -4.474950 -4.928540
v -7.236340 -4.733830 -4.718830
v -3.525650 -4.702150 3.273950
v -3.598790 -5.404910 2.782690
v -4.212960 -4.279840 2.970790
v -2.741350 -6.541980 2.501400
v -2.671170 -7.153400 1.826070
v -1.772600 -7.471480 2.169180
v -3.719070 -4.467740 -12.122500
v -4.890870 -4.563070 -12.067400
v -3.753480 -3.743570 -12.540500
v -4.833360 -3.822060 -12.495100
v -6.005600 -4.671370 -12.004600
v -6.060420 -3.905850 -12.446400
v -5.998160 -5.441690 -11.560100
v -2.629910 -4.417690 -12.151500
v -2.571030 -3.700420 -12.565600
v -1.956860 -3.440910 4.498010
v -3.317050 -9.012000 -1.843160
v -10.406400 5.910580 -2.502570
v -8.646410 5.469450 -0.982122
v -8.486820 6.220770 -0.530090
v -5.305320 -5.813080 -2.001560
v -5.131410 -6.210620 -2.823740
v -3.153950 -16.300400 -5.289810
v -3.330330 -15.480300 -5.763790
v -4.168590 -15.584600 -5.703390
v -3.008510 -17.237499 -4.748110
v -3.421340 -14.645300 -6.246240
v -4.747360 -3.713990 2.744650
v -5.194320 -3.018520 2.437640
v 6.103310 -4.380190 -2.533300
v 5.603040 -5.316550 -1.986400
v -14.002400 2.610600 -6.963520
v -13.552300 2.844440 -7.329740
v -13.572500 2.369450 -8.239470
v -13.304600 3.274370 -7.828540
v -13.434800 1.756030 -9.080030
v -18.273001 -5.371480 -6.215370
v -17.349100 -4.971590 -6.064490
v -17.706900 -3.942490 -6.395750
v -18.549500 -4.386630 -6.643160
v -19.223700 -5.764800 -6.384410
v -18.049101 -2.866790 -6.731450
v -18.926201 -3.313260 -6.959290
v -16.485201 -4.582250 -5.801900
v -16.873301 -3.480350 -6.134630
v -17.271299 -2.308090 -6.383620
v 8.496120 13.283900 -10.789900
v 8.247940 13.853500 -9.825090
v 7.768020 12.908800 -12.993300
v 7.703340 13.466200 -12.100800
v 7.595020 13.974700 -11.206800
v 6.738570 13.667200 -13.320800
v -19.357700 -2.209980 -7.252150
v -21.800600 -9.546280 -4.430530
v -20.922701 -9.492980 -4.546920
v -21.106501 -8.706480 -5.025550
v -22.021700 -8.790710 -4.970950
v -20.039000 -9.453120 -4.582420
v -20.233700 -8.625070 -5.049010
v 22.159599 0.666033 -10.188000
v 22.245600 0.487080 -9.043920
v -8.452930 -11.405100 -8.117080
v -8.361390 -12.161600 -7.680130
v -9.273810 -12.316500 -7.590450
v -9.415220 -11.619100 -7.993330
v -9.211150 -13.161200 -7.102390
v -10.192600 -12.544100 -7.458640
v -10.285100 -11.766300 -7.908020
v 15.309500 -17.017401 -0.880065
v 15.182400 -16.583500 -0.386772
v 16.342800 -16.440901 -2.166940
v 22.890200 -9.619940 -9.133790
v 21.750700 -9.417160 -9.256870
v 21.828199 -8.637600 -9.708520
v 21.773199 -7.840960 -10.169200
v 20.692801 -8.500410 -9.789830
v 20.670601 -9.278220 -9.339620
v 22.710300 -10.432200 -8.655920
v 21.614100 -10.201800 -8.798230
v 14.746500 -17.355499 -0.627067
v -5.757320 4.643740 2.705470
v -6.165380 3.905720 1.861010
v -5.256510 5.238500 3.353450
v -5.552070 6.137720 3.160000
v -3.416180 16.419800 -1.132450
v -3.262740 16.331800 0.084032
v -2.442250 16.715700 -0.019947
v -2.615410 16.846500 -1.243510
v -2.805320 17.015301 -2.591660
v -3.650910 16.589500 -2.519750
v -4.283020 15.939900 -1.075060
v -4.025980 15.777100 0.177760
v -4.379990 16.220900 -2.480340
v -1.791270 17.184601 -1.391640
v -1.979150 17.326300 -2.725650
v -1.562990 17.038099 -0.273314
v 30.825100 -9.567630 -6.850780
v 8.568820 -0.599343 -14.335000
v 8.727680 -1.503940 -13.814500
v 7.405970 -1.609880 -13.768000
v 7.207960 -0.750186 -14.262900
v 8.781860 -2.397010 -13.298300
v 7.437320 -2.485820 -13.262900
v 6.107290 -1.718770 -13.707700
v 5.989420 -0.880797 -14.190800
v 4.899780 -1.909650 -13.598500
v -15.791900 -11.505400 -8.055200
v -16.840099 -11.606200 -7.995150
v 6.234120 -2.548950 -13.229100
v 16.611300 2.031490 -8.132050
v 8.185510 -5.568820 -2.825800
v -22.906500 -12.208500 -7.540660
v -8.734320 -3.132190 -12.879500
v -8.572650 -3.918450 -12.432100
v -9.896050 -3.929220 -12.407400
v -8.414210 -4.768640 -11.945600
v -9.651630 -4.804110 -11.919600
v -11.147600 -3.920730 -12.380100
v -10.847500 -4.853430 -11.882900
v -23.104799 -5.476840 -6.925470
v -24.096399 -5.697720 -6.884600
v -25.095200 -5.963390 -6.795220
v -24.427299 -4.860600 -7.269920
v -23.512699 -4.562300 -7.325290
v -22.217699 -5.370620 -6.938360
v -19.243299 -9.854600 -9.007630
v -19.070700 -10.840100 -8.434990
v -20.292999 -10.004700 -8.918350
v -4.958580 7.554060 3.713890
v -4.983430 8.560480 3.618110
v -5.718790 8.220960 2.939320
v -5.713450 7.122660 2.985360
v -4.149070 9.822700 4.214540
v -4.929950 9.558420 3.577210
v -5.681740 9.188780 2.863110
v 6.523960 9.365870 1.703870
v 7.336070 10.473100 0.579089
v 6.385880 10.419900 1.518380
v 5.713400 10.379300 2.305530
v 5.720940 9.309950 2.536300
v 6.352120 11.412500 1.221510
v 5.621940 11.375400 2.023960
v 8.104730 -0.026477 -2.854580
v -18.260201 -5.944140 -11.265800
v -7.379440 -2.411710 -13.305900
v -7.348970 -3.164940 -12.872100
v -8.812350 -2.323220 -13.339700
v -7.272770 -3.927840 -12.432900
v 12.518300 4.002890 -11.423800
v 21.643900 -8.933380 -4.857890
v 21.767099 -8.155640 -5.372050
v 21.856300 -7.382340 -5.913590
v 22.813801 -7.527580 -5.944530
v 23.156099 -5.189280 -7.045370
v 21.406200 -3.238680 -7.664870
v -17.000299 -10.592300 -8.583080
v -18.016399 -10.709000 -8.513850
v -15.981000 -10.518000 -8.627110
v 12.441600 -16.974400 -4.853970
v 12.382300 -16.016399 -5.425500
v 10.332300 -8.921180 -1.828440
v 10.390400 -8.028180 -1.800210
v 10.113700 -9.850020 -1.752520
v 11.263200 -9.737670 -1.859520
v 12.439000 -9.782440 -2.276780
v 12.747200 -5.254830 -3.491150
v 7.021770 -8.074340 -10.040400
v 5.843970 -8.160390 -9.990790
v 8.197740 -8.024260 -10.069200
v 2.878130 -0.820203 4.027280
v 3.668810 -0.982889 3.647910
v 3.808610 -0.270336 3.402230
v 2.997670 -0.093960 3.759880
v 2.145060 -0.640470 4.468670
v 3.487620 -1.701360 3.901140
v 3.046850 0.556685 3.528190
v 4.139960 -1.883830 3.551470
v 4.344460 -1.206890 3.299670
v 4.535960 -0.426804 2.995370
v -11.357800 -0.155235 -13.847000
v -19.442801 -8.898120 -9.561330
v -20.494499 -9.010860 -9.495050
v -19.737700 -7.907190 -10.133600
v -20.754200 -8.092760 -10.025600
v -30.632299 -5.436900 -11.190000
v -22.982700 -3.352300 -7.774680
v -19.879700 -6.900040 -5.979040
v -20.126499 -5.978240 -6.468290
v -19.573000 -7.696880 -5.474430
v 9.197890 -16.036200 1.440570
v 7.946600 -16.063299 1.608910
v -5.358270 16.124100 -3.863230
v -4.548520 16.566601 -3.850860
v -4.794450 16.853600 -5.336520
v -5.479000 16.438499 -5.308430
v -5.716070 16.424900 -6.710270
v -4.871040 16.967699 -6.840670
v -6.512660 15.833000 -6.643480
v -6.352210 15.805700 -5.314960
v -6.261640 15.532100 -3.994530
v -3.809410 16.884399 -3.952850
v -4.088000 17.177000 -5.366110
v -5.282180 15.713400 -2.468330
v 26.269699 -4.088870 -12.195800
v 25.283899 -3.963480 -12.299200
v 25.493000 -3.117690 -12.587300
v 8.114160 -6.163390 -3.517930
v -7.323410 14.116300 -2.340040
v -7.215940 14.583500 -3.260000
v -8.495030 14.031200 -5.092460
v -7.814240 14.481600 -4.594820
v -7.800010 14.726300 -5.555230
v -8.219120 14.358000 -5.588260
v -11.925800 4.853540 -13.318400
v -10.121900 6.304980 -16.450800
v -1.842310 13.204300 -17.405899
v -1.893590 13.833700 -16.564899
v -0.999422 13.930700 -16.583401
v -0.998689 13.335100 -17.476101
v -2.650290 13.032600 -17.312901
v -2.667950 13.707400 -16.504801
v -1.005550 12.689500 -18.321501
v -1.901950 14.408100 -15.719900
v -1.093660 14.481000 -15.705500
v -2.770750 14.290000 -15.669200
v -1.932980 14.975100 -14.884400
v -1.084890 15.081100 -14.852500
v -2.742660 14.818300 -14.864400
v -2.711150 15.373700 -14.031000
v -1.842340 15.533900 -14.118200
v -1.060830 15.636600 -14.085100
v -0.209606 14.562800 -15.673400
v -0.269623 15.065300 -14.895400
v 0.636666 14.486500 -15.724200
v 5.697760 16.626200 -5.209760
v 4.945750 17.021099 -4.867500
v -11.839300 -10.365500 -8.716940
v -11.511500 -11.181200 -8.245720
v -12.138000 -9.435150 -9.254240
v -13.132800 -9.548010 -9.188850
v -14.131100 -9.553370 -9.185550
v -14.245600 -9.293810 -3.394170
v -14.457600 -8.274520 -3.919560
v 5.450380 -1.708370 2.304150
v 4.934250 -1.428520 2.833460
v 10.323500 -7.236600 -1.564430
v -5.955400 -6.249600 -11.093800
v -7.021580 -6.376050 -11.020700
v -8.185750 -6.505260 -10.945700
v -26.697300 -6.334750 -11.012000
v 8.099950 13.971400 -3.538500
v 8.374530 14.103700 -4.825330
v 9.083870 13.617200 -5.709770
v -3.321850 10.033400 4.851250
v -2.295210 10.158600 5.357630
v 9.929070 -4.417690 -1.107420
v 9.958060 -5.140660 -1.119030
v 17.642700 0.650576 -11.078900
v 17.840300 1.285930 -9.883230
v 17.997101 1.621770 -8.481140
v 6.573130 -12.112200 -7.708960
v 6.557640 -12.994300 -7.199490
v 5.479590 -13.001500 -7.195490
v 5.479710 -12.126200 -7.700980
v 6.670160 -11.218800 -8.224860
v 5.572960 -11.230300 -8.218310
v 7.648110 -12.993400 -7.199830
v 7.756430 -12.118200 -7.705330
v 7.871610 -11.224900 -8.221180
v -12.668900 4.490720 -10.335900
v -12.587700 3.922790 -11.198800
v -12.402500 5.203940 -10.857100
v -12.345400 4.638490 -11.775300
v -12.741700 5.006340 -9.502500
v -12.966300 4.380950 -8.984970
v -12.422600 5.700220 -10.054400
v -12.018300 5.419370 -12.342400
v -12.858300 -5.839360 -11.328800
v -12.598800 -6.754240 -10.801800
v -11.755400 -5.839050 -11.327800
v -11.512700 -6.754450 -10.801800
v -12.403700 -7.630060 -10.296400
v -13.457400 -7.653540 -10.282600
v -11.355000 -7.629520 -10.296800
v -11.996300 -4.901500 -11.856400
v 9.280140 12.922100 -3.996540
v 8.864490 13.530500 -4.401350
v 10.538900 11.783700 -7.245290
v 10.167700 12.405500 -6.244630
v 9.567830 13.014800 -5.351550
v 9.685660 13.032400 -6.684070
v 9.126790 13.623100 -7.102150
v 8.444480 14.220100 -7.525480
v 1.495170 14.419800 -15.743400
v 0.487208 15.008300 -14.980000
v 1.286220 14.930200 -15.024600
v 2.489690 14.319200 -15.653300
v 2.199910 14.901500 -14.899100
v 1.067180 15.414200 -14.385300
v 2.021180 15.353800 -14.258900
v 0.421307 15.520000 -14.246300
v 3.329240 14.648100 -14.860200
v 3.191020 15.163200 -14.085400
v 7.176150 14.947300 -9.123740
v 8.005530 14.338300 -8.767350
v 7.691740 14.812300 -7.800760
v 7.416120 14.471600 -10.133200
v 8.206970 10.394700 -0.357663
v 12.788100 3.828080 -10.167800
v 12.681500 3.166170 -10.866100
v 15.301400 -7.204520 -10.541200
v 15.100900 -8.002340 -10.080900
v 13.922300 -7.883900 -10.149500
v 14.159200 -7.060690 -10.624600
v 12.784100 -7.885580 -10.148800
v 13.115400 -7.106020 -10.598700
v 17.121799 -7.228360 -5.323640
v 16.613199 -6.500890 -10.946400
v 16.448400 -7.322040 -10.473000
v 15.443000 -6.396590 -11.007200
v 14.398000 -6.387460 -11.012800
v 16.372999 -8.184050 -9.975500
v -1.371540 16.824200 0.842832
v -1.150820 16.500601 1.921760
v -0.488790 17.010201 0.624686
v -2.015370 16.237400 2.005230
v -2.228910 16.573000 0.987536
v -15.863200 -12.097600 -2.445690
v 9.005310 10.283600 -1.149810
v 12.238600 -4.782410 -2.884530
v 21.474701 -11.749200 -7.873170
v 23.634600 -11.538200 -7.922600
v 23.356199 -12.220300 -7.437440
v 22.330601 -11.931700 -7.739050
v 22.456400 -11.198300 -8.191420
v 23.195200 -12.830500 -6.967670
v 22.322599 -12.637400 -7.223910
v 21.475201 -10.941600 -8.364940
v -1.979160 -2.481630 4.618370
v 1.021790 5.186480 5.418390
v 2.030800 5.250870 5.105110
v -1.761560 -9.001510 -0.319538
v -1.765950 -8.616880 0.239133
v -0.936768 -9.118570 -0.043836
v -1.395000 17.699200 -4.206660
v -2.236280 17.528000 -4.096000
v -3.094560 17.197701 -3.970430
v -1.677950 17.818199 -5.667410
v -2.465800 17.650499 -5.540330
v -3.332250 17.402800 -5.512260
v -0.637861 17.793800 -4.241410
v -0.920631 17.904301 -5.682750
v -2.720070 17.636400 -7.165330
v -1.905020 17.814100 -7.269350
v -1.110050 17.963200 -7.224260
v 4.059730 17.335400 -4.634730
v -4.287230 17.216000 -6.930160
v -3.517800 17.451599 -6.963720
v -11.798800 -16.288799 -5.280050
v -11.723900 -17.132000 -4.777240
v -11.656000 -18.014799 -4.231680
v 10.087900 12.456100 -7.595810
v 11.153200 10.449000 -7.719150
v 9.530740 13.068500 -8.038700
v 8.804280 13.699200 -8.507040
v 3.764320 5.471380 4.400460
v 4.281260 5.687660 4.148860
v 4.378200 6.360200 4.090210
v 3.623170 6.283210 4.581860
v 4.406170 7.282090 4.095710
v 3.554900 7.325830 4.596760
v 2.809660 6.328780 4.931650
v 2.663730 7.340060 5.034490
v 2.914100 5.231630 4.787350
v 4.654680 5.324080 3.760360
v 5.014100 6.179250 3.539800
v 3.913720 4.710910 4.130740
v 5.121180 7.173610 3.444680
v 4.341010 8.317340 4.031470
v 3.491760 8.364600 4.599390
v 5.101510 8.246150 3.404060
v 9.370150 -7.183980 -1.998510
v 9.355530 -8.052680 -2.270540
v 9.331230 -6.468980 -1.629510
v 8.684040 -6.154780 -2.235860
v 8.613220 -6.868400 -2.754400
v 10.168900 -6.496180 -1.374620
v 16.218700 -11.775200 -7.897350
v 16.204901 -12.757800 -7.321850
v 14.876000 -12.582600 -7.429960
v 14.903400 -11.641400 -7.977100
v 13.576800 -12.332500 -7.578300
v 13.579000 -11.448000 -8.090770
v 16.324800 -13.756400 -6.708770
v 14.846800 -13.504300 -6.888850
v 13.510200 -13.307100 -7.010740
v 16.218599 -10.860500 -8.428510
v 1.484840 -5.022240 -11.802600
v 1.448340 -5.676200 -11.425100
v 1.532980 -6.479510 -10.961300
v 1.486390 -4.273790 -12.234700
v 0.627344 -4.363340 -12.183000
v -0.355139 -4.408980 -12.156700
v 2.476690 -5.660130 -11.434300
v 2.478700 -6.385530 -11.015600
v 2.557250 -7.159670 -10.568600
v 1.519140 -7.208070 -10.540700
v 2.419500 -4.931160 -11.855100
v 2.491520 -4.237270 -12.255700
v 17.494900 -12.755500 -7.311030
v 17.685200 -13.730100 -6.678950
v 17.985201 -14.568100 -5.763310
v 16.697800 -14.858600 -5.685760
v 14.967400 -14.548700 -6.250740
v 17.461901 -11.837500 -7.858970
v 4.627050 14.993700 1.129480
v 4.937510 14.174800 1.600420
v 4.197670 15.640600 0.638480
v 3.781590 15.716700 1.323440
v 4.095920 15.096400 1.849190
v 4.286120 14.255000 2.445720
v -7.997580 -21.525499 1.205220
v -7.368520 -21.782700 1.332610
v -7.269680 15.204200 -6.606730
v -7.355970 15.085400 -7.759270
v -7.447250 14.836900 -8.859560
v 0.904360 6.333660 5.541850
v -7.675340 -4.773380 -3.618330
v -10.031500 8.400600 -14.501200
v -18.548599 -1.718140 -6.950580
v -17.758600 -1.231870 -6.604950
v 24.085400 -12.853000 -6.428510
v -0.563851 -12.681500 -7.380520
v -1.578680 -12.860300 -7.277300
v -2.558490 -13.761200 -6.756960
v -2.569960 -13.058500 -7.162780
v -0.542137 -11.905200 -7.828840
v -1.496920 -12.078100 -7.728960
v -2.559870 -12.275500 -7.614940
v 11.755700 7.832580 -9.728170
v 11.685700 8.365010 -8.924080
v 11.560100 9.019910 -8.126610
v 11.752500 8.262670 -7.651150
v 11.940200 7.514920 -7.189440
v 11.668700 8.184780 -6.385060
v 11.325800 8.839850 -5.579280
v 11.433300 8.127740 -5.196910
v 11.530400 8.884880 -6.807830
v 11.383800 9.668060 -7.259570
v 11.806600 7.280330 -10.458800
v 11.477200 7.948740 -10.933100
v 11.836500 6.729090 -11.191900
v 11.507800 7.432230 -11.612200
v 12.182800 6.063740 -10.666400
v 8.775300 -15.890500 -5.522630
v 8.794910 -14.856400 -6.122310
v 8.779690 -13.902400 -6.674170
v 9.977670 -15.908400 -5.509690
v 9.961780 -16.924900 -4.915480
v 9.914890 -14.910700 -6.089040
v 4.635890 4.339970 -17.183901
v 4.528920 5.447890 -17.796000
v 26.177299 -4.881670 -11.811900
v 25.132401 -4.780630 -11.884600
v -15.301300 -5.249210 -5.180720
v -15.698900 -4.195770 -5.509870
v -16.024500 -3.029590 -5.744630
v 22.921200 -5.449580 -11.537300
v 23.970100 -5.543440 -11.478500
v 24.078501 -4.694870 -11.946700
v 22.981100 -4.590580 -12.017200
v 21.965599 -4.494920 -12.076700
v 25.025499 -5.621890 -11.427700
v 24.246201 -3.845160 -12.388900
v 8.673600 -10.792300 -1.614190
v 8.890600 -9.939820 -2.115030
v 9.186380 -9.032890 -2.291900
v 26.111601 -5.702680 -11.370600
v 19.222700 -6.415110 -6.105960
v 17.561100 -15.194300 -4.387040
v 18.459999 -14.850100 -4.555340
v 12.902300 -0.914264 -3.311690
v 13.651900 0.293475 -3.937950
v 13.538600 -1.556560 -3.839920
v 14.219100 -0.790970 -4.273660
v 14.773400 0.575223 -4.605770
v 15.012600 -0.341331 -4.787820
v 13.693500 1.616000 -4.510950
v 12.453200 2.078290 -4.205170
v 12.540500 4.660930 -10.741800
v 12.532500 5.265940 -10.091900
v 30.320000 -6.414440 -10.866100
v 30.404100 -7.202550 -10.439100
v 29.336700 -7.263260 -10.441600
v 29.325600 -6.466190 -10.880500
v 29.402300 -8.081080 -9.976990
v 28.245600 -6.516820 -10.881700
v 30.494400 -7.975820 -10.003000
v 17.180901 -2.049520 -13.125300
v 17.310699 -0.971095 -12.880900
v 17.456301 -0.055001 -12.119200
v 16.359200 -0.195670 -12.063100
v -2.685270 15.407700 2.890160
v -2.821840 15.904200 2.052080
v -3.465390 15.058900 2.724170
v -3.480600 15.524600 1.969270
v 9.591590 10.103300 -1.941640
v 10.112300 8.196080 -2.173040
v -7.543570 -11.185200 -8.244200
v -7.723050 -10.464200 -8.660550
v -8.699970 -10.651300 -8.552360
v 13.513600 -15.240000 -5.869260
v 13.470800 -14.228900 -6.474380
v 11.111800 2.746030 -3.896160
v -11.234700 8.435290 -5.066920
v -10.782100 9.051170 -4.084500
v -11.311000 7.750850 -4.650020
v -10.845900 8.337590 -3.713080
v -12.311700 -3.895530 -12.383200
v -11.287500 7.893860 -11.770700
v -11.219100 7.446370 -12.609400
v -11.667500 6.704000 -12.032500
v -11.705900 7.132290 -11.180100
v -12.043500 5.942410 -11.446700
v -12.089600 6.411350 -10.579100
v -10.761600 8.691690 -12.311900
v -10.690100 8.204700 -13.159300
v -10.836400 9.111860 -11.554100
v -11.356900 8.265140 -10.960600
v -11.773000 7.514000 -10.365800
v -10.116600 9.464010 -12.888000
v -10.076500 8.944550 -13.658300
v -10.180300 9.962580 -12.125900
v 22.927900 -6.753290 -6.432420
v 23.956301 -6.862050 -6.404450
v 24.055201 -6.068680 -6.763550
v 23.027300 -5.983200 -6.754200
v 24.157200 -5.323190 -7.063750
v 25.066200 -6.858580 -6.362180
v 25.087900 -6.101020 -6.745240
v 25.130400 -5.392540 -7.074390
v 1.116990 17.778900 -4.270500
v 0.221864 17.805500 -4.227620
v 2.081900 17.687000 -4.302110
v 1.701270 17.954901 -5.724640
v 0.782818 17.961700 -5.615970
v -0.075120 17.933701 -5.648420
v 3.091460 17.577900 -4.415010
v 1.455360 17.989100 -7.266900
v 0.538842 18.026100 -7.253630
v 0.071017 -8.774100 0.683304
v -0.866967 -8.740180 0.489175
v -0.048318 -9.153160 0.094875
v -0.798088 -8.407750 1.160890
v -1.670750 -8.278960 0.885136
v 0.130063 -8.439550 1.274400
v 0.871507 -9.035130 0.094406
v 0.965005 -8.622820 0.625969
v 1.728040 -8.820060 -0.067093
v 1.898110 -8.368580 0.538602
v 0.827414 7.466940 5.546670
v 1.866820 6.287370 5.325870
v 1.763640 7.451020 5.361230
v 32.701000 -6.413540 -6.431650
v 33.562099 -6.760100 -6.991750
v -0.364818 18.016899 -7.206930
v 15.311800 -0.343330 -11.942100
v 15.499800 0.354006 -10.976100
v 16.535801 0.528620 -11.031600
v 15.653800 0.971138 -10.015400
v 16.708799 1.150820 -9.991160
v -2.805000 17.449301 -8.645270
v -2.015490 17.689501 -8.687110
v -3.651990 17.231199 -8.471340
v -1.266220 17.835899 -8.791550
v -0.415050 17.933100 -8.752740
v -6.596990 15.642800 -7.820120
v -6.690030 15.363600 -9.004330
v -7.127450 15.198900 -5.422940
v -5.809360 16.234400 -8.036000
v -5.345700 -15.853200 1.647870
v -6.187000 -15.890200 1.663040
v -5.336930 -15.065500 1.167360
v -6.229200 -15.069200 1.122610
v -7.106080 -15.059900 1.054870
v 29.810801 -9.559660 -6.938960
v -15.330200 -15.562000 -5.591120
v -13.147900 3.812650 -8.393470
v -12.741900 -3.528920 -3.376640
v -12.387300 -4.294990 -3.043010
v -12.118300 -5.070540 -2.701290
v -7.099840 14.994000 -4.295420
v -5.696790 14.120900 -0.120106
v -5.131380 14.283400 0.785888
v 11.015700 -5.894690 -11.296700
v 9.898510 -5.151440 -11.722900
v 8.708310 -5.147300 -11.727400
v 8.710630 -4.509930 -12.092500
v 10.893100 -6.635150 -10.870400
v 12.219900 -5.799530 -11.351300
v 12.143100 -6.518090 -10.937800
v 10.706200 -7.312210 -10.480000
v 11.901900 -7.224870 -10.530300
v 4.977310 -2.664610 -13.162900
v 4.992810 -3.396300 -12.740700
v 6.193850 -3.320150 -12.784200
v 4.898380 -4.096420 -12.336700
v 3.652150 -4.202070 -12.275900
v 6.132570 -3.999810 -12.392100
v 2.617640 -8.501260 -0.397277
v 18.161800 -3.015540 -12.875200
v 17.079399 -3.086260 -12.842300
v 28.938400 -9.691520 -6.796820
v 32.549099 -5.658190 -6.905470
v -0.493589 -11.097900 -8.294940
v -1.517180 -11.302700 -8.176690
v 23.086700 -13.364400 -6.449890
v 22.311300 -13.312700 -6.662860
v 23.696100 -13.228800 -6.029010
v -2.934950 -19.518700 -3.423830
v -2.969030 -18.295000 -4.135300
v -2.072090 -19.480000 -3.447290
v 28.847700 -9.003510 -6.371380
v 19.310699 -14.545200 -4.718460
v 20.128901 -14.327600 -4.847760
v -4.880260 1.732640 -15.695600
v -6.019190 1.701290 -15.674400
v -4.905660 2.801900 -16.308500
v -6.013730 2.780820 -16.290001
v -3.731100 1.708430 -15.684300
v -1.335180 -1.613410 -13.770200
v -1.351980 -2.357910 -13.340600
v -1.346140 -0.771552 -14.256000
v 10.436100 2.694210 -15.722700
v 9.209600 2.227800 -15.858600
v 1.275390 17.914600 -8.814720
v -28.424101 -4.889560 -7.555930
v -27.153200 -6.284630 -6.601330
v -26.120800 -6.133330 -6.661390
v -3.619570 15.673800 -12.984000
v -3.585040 15.180500 -13.923000
v -3.693030 16.157400 -11.970700
v -3.571270 14.654700 -14.769800
v -4.426240 14.413600 -14.676300
v -3.778010 16.522100 -10.912500
v 16.771900 1.675890 -8.945160
v -3.546790 14.141300 -15.611200
v -5.301670 14.057900 -14.514500
v -3.484230 13.478500 -16.437901
v -1.454120 -4.409030 -12.156600
v 0.649247 -3.608120 -12.618900
v -0.349344 -3.693910 -12.569400
v -1.445140 -3.732590 -12.547100
v 0.664500 -2.900890 -13.027200
v -0.276237 -2.990670 -12.975400
v -1.466090 -3.116260 -12.902800
v 0.322884 17.242201 -11.510600
v 0.335829 16.697300 -12.610500
v 0.374669 16.053101 -13.509200
v -0.465327 17.654200 -10.161900
v 0.364770 17.641001 -10.296100
v -1.304690 17.589701 -10.072000
v 1.045060 16.009100 -13.538500
v -0.266670 15.615500 -14.106200
v -2.084060 17.386801 -10.075700
v -2.923480 17.133900 -9.927670
v 4.432200 14.803000 -13.959400
v 5.649410 14.323100 -13.692600
v -24.801399 -3.978640 -7.746950
v -9.390480 10.794300 -12.711800
v 0.632033 10.454200 5.601930
v 1.483030 10.416800 5.323250
v -2.992680 16.170799 1.110600
v -3.715190 15.749300 1.163450
v 1.074020 11.974500 -19.107401
v 19.533701 -3.717900 -7.180240
v 8.817480 -12.997900 -7.196950
v 9.871250 -13.933800 -6.655550
v 6.749580 5.650060 -17.816999
v 5.791290 4.460210 -17.228701
v 5.613590 5.500500 -17.799200
v 6.462340 6.632460 -18.282301
v -10.584500 -11.035300 -8.330270
v -11.265800 -11.896400 -7.832580
v -11.092400 -12.682000 -7.378000
v -12.129000 -12.891700 -7.255360
v -10.879700 -10.237600 -8.790970
v -11.155400 -9.359630 -9.297980
v -9.950870 -10.068200 -8.888960
v -9.605710 -10.897100 -8.410290
v -10.095100 -9.201320 -9.389510
v -13.195900 -13.182200 -7.084510
v -14.363600 -13.405400 -6.951510
v 17.139200 -15.288000 -2.960310
v 15.535500 0.714932 -5.064460
v 16.095301 0.846078 -5.350940
v 34.007000 -7.279870 -7.879070
v -0.002814 12.023800 -19.195101
v -7.198280 -4.714870 -11.978800
v -7.107090 -5.543710 -11.500800
v -8.300920 -5.612660 -11.460500
v 11.494500 7.410970 -4.771940
v 2.678920 14.530800 3.784520
v 27.167200 -6.575290 -10.870200
v 27.182600 -5.740610 -11.331000
v 17.862801 -5.665150 -11.425700
v 17.968800 -4.774960 -11.932400
v 16.738701 -5.652890 -11.434500
v 16.815100 -4.764210 -11.940300
v 17.820299 -6.551330 -10.916600
v 18.048901 -3.910240 -12.415100
v 16.944201 -3.957730 -12.389900
v 17.606001 -7.404420 -10.424900
v -22.582300 -4.365900 -7.343610
v -23.893499 -3.652860 -7.756640
v -12.285000 -8.535560 -9.773680
v -13.283600 -8.581940 -9.746750
v -11.243300 -8.481290 -9.805120
v -6.013490 3.822390 -16.878599
v -4.944910 3.882210 -16.923800
v -14.380900 -8.616260 -9.726650
v -14.578100 -7.691520 -10.260400
v -15.380300 -8.609450 -9.730260
v -15.658300 -7.641360 -10.289000
v -15.198400 -9.541350 -9.192100
v -16.998699 -6.753240 -10.801000
v -17.965200 -6.787720 -10.780600
v -17.295300 -5.833710 -11.329900
v -14.996700 -6.234730 -4.839950
v 2.555310 8.452860 5.014370
v 1.666740 8.526180 5.307310
v 1.574460 9.522710 5.305190
v -5.128830 16.624800 -8.220110
v -4.373460 17.012400 -8.295480
v -5.243730 16.276600 -9.413710
v -4.521560 16.586300 -9.597820
v -5.966100 15.818100 -9.220500
v -3.748990 16.902800 -9.703040
v -6.229930 -14.233300 0.642788
v -7.215080 -14.211600 0.507851
v -6.275340 -13.332600 0.165750
v -7.304890 -13.350100 -0.001018
v -5.286850 -14.177200 0.709378
v -5.259440 -13.311500 0.196461
v -5.209630 -12.484700 -0.350356
v 7.742970 -0.896743 -2.699790
v 8.148330 -0.968689 -2.909350
v 3.521490 14.413800 3.184940
v 3.362800 15.264900 2.519630
v 18.599600 -8.306880 -9.903470
v 18.702700 -9.130970 -9.427070
v 17.560200 -9.145180 -9.419740
v 17.586500 -8.264260 -9.928600
v 16.347799 -9.050940 -9.474800
v 19.388599 -5.535790 -6.535610
v 19.477100 -4.635200 -6.888820
v 4.693870 -8.268190 -9.928620
v 0.406441 17.942699 -8.801310
v -17.846701 0.694691 -11.016300
v 7.422740 -3.289440 -12.799900
v 7.410350 -3.982100 -12.400400
v -0.284939 -2.324420 -13.359900
v -0.186045 -1.490370 -13.841300
v 0.736979 -2.146840 -13.462400
v 8.704810 -3.896460 -12.443700
v 8.777500 -3.224320 -12.823800
v -14.702500 -7.221890 -4.399440
v 5.709680 -0.915602 1.926350
v 5.148080 -0.630696 2.534210
v -6.164380 13.551300 -14.318500
v 8.714670 -1.032320 -2.720100
v -4.516410 12.285700 3.497170
v -4.413630 13.210500 3.259280
v -4.689960 11.322900 3.635110
v -4.267850 14.050400 2.807770
v 0.777303 -1.365350 -13.913400
v 10.486100 -8.004400 -10.080500
v 9.215840 -8.753720 -9.648010
v 9.342370 -8.037280 -10.061600
v 11.623400 -7.925070 -10.126200
v -9.283940 -6.624100 -10.877100
v -9.178560 -7.472600 -10.387500
v -10.232600 -7.588850 -10.320400
v -10.452100 -6.716330 -10.823900
v -9.490750 -5.714750 -11.399900
v -10.609600 -5.804770 -11.347300
v -1.032320 11.953600 -19.168699
v -9.064710 -8.270850 -9.926830
v -10.195900 -8.386650 -9.859870
v -2.610820 -7.646470 1.132770
v -9.099880 -9.051010 -9.476380
v -7.913170 -9.665070 -9.121920
v -8.948520 -9.870980 -9.002950
v -4.113640 14.743200 2.284280
v -0.248017 -0.685594 -14.305700
v 0.737271 -0.599316 -14.355400
v -0.350071 0.112243 -14.766100
v -1.433890 0.008005 -14.705900
v 0.587908 0.249619 -14.845200
v 8.399840 -21.759199 -0.205132
v 7.400860 -22.142401 0.011547
v 6.269420 -22.299900 -1.140810
v -11.312400 -13.660400 -0.451679
v 3.539080 16.073500 0.872736
v 3.636180 16.171700 0.278556
v 26.131500 -5.442600 -7.133780
v 5.972810 -0.094086 1.511200
v 27.160299 -5.496430 -7.144210
v -12.087400 6.771500 -9.784440
v -12.403500 6.148150 -9.251650
v -5.573630 -2.255820 2.075520
v 3.115400 1.227000 3.394880
v -5.355510 15.819100 -10.592000
v -4.599170 16.235600 -10.689100
v 3.454750 -9.863200 -9.007780
v 15.828900 -4.005200 -12.364100
v 14.669600 -4.085770 -12.319500
v 15.672200 -4.823110 -11.907900
v 12.245900 -15.064900 -5.992900
v 11.109000 -15.936600 -5.489840
v 11.067300 -14.970100 -6.052180
v 12.175800 -14.096900 -6.555410
v 11.021800 -13.963600 -6.636630
v 3.089730 4.394370 4.442340
v 20.862101 -13.708000 -4.102720
v 20.872999 -14.127100 -4.997370
v 19.091299 -14.361500 -5.829910
v 1.945230 -7.642550 1.801380
v 1.986690 -7.987660 1.159910
v 0.094933 -7.682140 2.694240
v 0.085506 -8.094390 1.951840
v 1.048010 -7.953970 1.983550
v -16.412300 -1.761810 -5.870300
v 16.716499 -15.830300 -2.548800
v 33.431801 -5.886830 -7.546270
v -1.152200 -20.663401 -2.750260
v 14.533100 -4.854830 -11.889500
v 14.486100 -5.605660 -11.462700
v 13.383900 -5.690200 -11.414000
v 15.564500 -5.622570 -11.452600
v 16.288000 -9.931420 -8.966100
v 11.274700 -16.937099 -4.891600
v 17.472300 1.946500 -7.637770
v 16.594801 -0.982303 -5.906880
v 20.570299 -10.867000 -8.413410
v 20.585300 -10.051400 -8.890400
v 16.541901 1.364100 -5.662120
v 16.433800 0.936736 -5.534860
v 3.482570 -9.106120 -9.444900
v 3.633300 -8.406080 -9.849050
v 22.308300 -13.769700 -5.930160
v 22.962500 -13.612400 -5.823530
v 17.729799 0.508807 -6.499260
v 17.862200 1.374980 -6.920240
v 17.398701 1.615110 -6.534140
v 17.283100 0.868957 -6.148570
v 17.259300 -0.345109 -6.220630
v 16.908800 0.199616 -5.906180
v 16.905199 1.168820 -5.889880
v 16.628300 0.617687 -5.647440
v 19.627300 -9.182260 -9.396510
v 19.659401 -9.976600 -8.935830
v 18.627701 -9.951580 -8.952400
v 19.654600 -8.360340 -9.872110
v 10.035300 -5.822710 -1.165510
v -17.546900 -4.871750 -11.878800
v -17.815500 -3.775410 -12.481100
v -1.712400 -7.910180 1.511670
v -0.781395 -8.087110 1.834200
v -0.861119 -7.720840 2.483800
v 3.629940 -7.025870 -10.645800
v 3.640700 -7.714670 -10.248200
v -3.648250 -10.765700 -8.486660
v -3.570500 -11.567600 -8.023630
v -4.623830 -11.624000 -7.991040
v -2.506710 -11.439500 -8.097680
v 17.601999 -9.975120 -8.939720
v 5.618200 -15.159900 1.227480
v 17.516300 -10.855700 -8.429620
v -11.386800 8.715800 -10.195400
v 10.952400 3.551940 -3.649530
v 2.508260 -9.209450 -9.385260
v 2.528160 -8.487610 -9.802020
v 0.674719 9.511550 5.500240
v -0.286291 10.381400 5.741020
v 1.525240 -9.292410 -9.337390
v 1.544420 -8.623390 -9.723650
v 2.576540 -7.841480 -10.175000
v 1.550710 -7.934000 -10.121700
v -5.139800 -15.692000 -5.641160
v -5.973320 -15.760500 -5.601300
v 5.036280 9.314810 3.230010
v 0.762632 8.583500 5.548720
v 21.599800 -13.946500 -5.027890
v -3.974100 15.234900 1.894070
v -4.309180 15.160500 1.270890
v -4.630290 14.524600 1.644920
v 10.766500 4.231150 -3.325090
v 13.294800 -6.396760 -11.007600
v 1.062580 -8.285850 1.283640
v 5.042320 13.201400 2.064410
v -4.887810 13.712700 2.081680
v 15.682300 -0.031345 -5.162250
v 18.644100 -10.840100 -8.436050
v 0.476432 1.134920 -15.355700
v 19.587400 -10.817200 -8.446830
v -5.067000 12.833200 2.445400
v 6.826310 -15.182400 1.145820
v -1.260610 10.311900 5.695900
v 16.205601 0.269639 -5.437720
v 23.467501 -13.532100 -5.686230
v 16.403999 -0.326915 -5.643680
v -4.817850 10.485400 3.592720
v -5.268550 15.125100 -0.972052
v -6.374440 14.589400 -1.696300
v -4.682040 15.171700 0.332286
v -6.250260 15.174600 -2.820310
v -5.569780 10.086400 2.880110
v -5.384610 11.029700 2.826550
v -5.238660 11.912400 2.737670
# 4468 vertices, 0 vertices normals

f 1 2 4
f 2 5 3
f 4 3 8
f 3 6 7
f 10 11 13
f 14 10 15
f 15 13 17
f 13 12 16
f 19 20 22
f 23 24 20
f 25 26 19
f 27 23 26
f 22 21 29
f 24 30 21
f 31 32 34
f 34 33 36
f 37 31 38
f 39 38 40
f 36 41 34
f 42 43 45
f 46 45 47
f 48 49 46
f 50 42 49
f 51 52 54
f 52 55 53
f 54 53 58
f 53 56 57
f 60 61 63
f 61 64 62
f 66 67 61
f 68 66 60
f 69 70 72
f 73 69 74
f 73 75 69
f 69 76 70
f 78 79 81
f 82 83 81
f 85 78 84
f 86 82 80
f 87 88 90
f 91 87 92
f 93 94 87
f 95 93 91
f 92 90 97
f 90 89 96
f 97 96 100
f 101 92 102
f 102 97 103
f 96 98 99
f 105 106 108
f 109 105 110
f 110 108 112
f 108 107 111
f 114 115 117
f 118 114 119
f 117 116 121
f 119 117 122
f 123 124 114
f 125 123 118
f 126 127 129
f 127 130 128
f 132 133 126
f 133 134 127
f 128 131 136
f 129 128 137
f 138 139 141
f 142 141 143
f 139 144 140
f 143 140 146
f 147 148 150
f 148 151 149
f 153 154 147
f 154 155 148
f 156 157 159
f 157 160 158
f 158 161 163
f 159 158 164
f 165 166 168
f 169 165 170
f 171 172 169
f 172 173 165
f 168 167 175
f 170 168 176
f 177 178 180
f 179 181 183
f 178 184 179
f 180 179 185
f 186 187 189
f 190 191 192
f 191 193 186
f 192 186 194
f 195 196 198
f 199 195 200
f 200 198 202
f 198 197 201
f 204 205 207
f 207 206 209
f 210 207 211
f 212 204 210
f 205 213 206
f 206 214 208
f 216 217 219
f 216 219 221
f 219 218 223
f 219 223 220
f 225 216 226
f 225 227 216
f 228 229 231
f 229 232 230
f 234 235 228
f 235 236 229
f 230 233 238
f 231 230 239
f 52 51 241
f 242 51 243
f 51 242 240
f 245 246 248
f 246 249 247
f 248 247 251
f 247 250 190
f 252 253 245
f 253 254 246
f 255 256 258
f 258 257 260
f 261 258 262
f 263 255 261
f 264 265 267
f 267 266 269
f 269 270 267
f 267 271 264
f 265 273 266
f 266 274 268
f 276 277 279
f 277 276 281
f 282 276 283
f 276 282 280
f 285 286 288
f 286 285 290
f 290 291 286
f 292 293 295
f 296 297 298
f 298 294 299
f 295 294 300
f 301 302 304
f 302 301 306
f 304 307 301
f 277 302 278
f 302 277 303
f 308 309 304
f 304 303 308
f 311 312 314
f 314 313 316
f 313 317 315
f 312 319 313
f 320 311 321
f 321 314 322
f 323 321 324
f 325 320 323
f 326 323 327
f 328 325 326
f 329 330 311
f 331 329 320
f 332 333 335
f 336 337 332
f 337 338 333
f 340 333 341
f 340 342 333
f 343 344 346
f 347 348 343
f 349 343 350
f 351 347 349
f 348 352 344
f 344 353 345
f 355 356 358
f 358 357 360
f 361 355 362
f 362 358 363
f 356 364 357
f 366 367 356
f 368 366 355
f 357 365 359
f 370 371 373
f 374 370 375
f 376 377 370
f 378 376 374
f 379 380 382
f 380 383 381
f 382 381 386
f 381 384 385
f 388 389 263
f 390 391 388
f 392 388 393
f 394 390 392
f 389 395 255
f 391 396 389
f 397 398 400
f 400 399 402
f 403 400 404
f 405 397 403
f 406 407 397
f 407 408 398
f 398 409 399
f 411 412 414
f 412 415 413
f 414 413 418
f 413 416 417
f 420 421 423
f 424 425 421
f 421 426 422
f 334 424 420
f 428 429 431
f 429 432 430
f 434 435 428
f 435 436 429
f 431 430 438
f 430 433 437
f 440 441 443
f 443 442 445
f 446 440 447
f 447 443 448
f 441 449 442
f 451 452 441
f 453 451 440
f 442 450 444
f 449 455 450
f 452 457 449
f 450 456 454
f 456 459 458
f 458 460 462
f 454 458 463
f 464 465 467
f 467 468 464
f 468 467 470
f 471 472 464
f 464 469 471
f 474 475 477
f 478 476 479
f 480 481 474
f 479 475 482
f 477 476 484
f 485 483 478
f 484 483 31
f 486 32 485
f 487 488 490
f 491 492 487
f 493 487 494
f 495 491 493
f 496 497 499
f 499 500 496
f 502 503 496
f 496 501 502
f 505 506 508
f 509 505 510
f 511 512 505
f 513 511 509
f 508 507 515
f 510 508 516
f 515 514 518
f 516 515 519
f 506 520 507
f 512 522 506
f 507 521 514
f 514 523 517
f 520 525 521
f 522 527 520
f 521 526 523
f 402 401 530
f 404 402 531
f 531 530 533
f 530 529 532
f 401 535 529
f 399 410 401
f 537 538 540
f 540 539 542
f 543 540 544
f 534 537 543
f 545 546 548
f 549 550 551
f 550 552 545
f 551 545 553
f 554 555 557
f 558 559 554
f 555 560 556
f 559 562 555
f 563 564 566
f 567 568 563
f 567 563 269
f 563 566 270
f 570 571 573
f 573 574 570
f 571 570 576
f 150 149 578
f 579 150 580
f 578 577 582
f 580 578 583
f 149 152 577
f 585 147 579
f 586 587 589
f 590 589 592
f 589 590 594
f 589 594 586
f 589 588 591
f 29 28 598
f 30 599 28
f 600 598 599
f 601 602 603
f 602 153 585
f 603 585 604
f 605 606 601
f 606 607 602
f 608 601 609
f 610 605 608
f 611 612 614
f 612 615 613
f 614 613 618
f 613 616 617
f 620 621 623
f 621 624 622
f 626 622 627
f 628 623 626
f 629 630 632
f 633 629 634
f 635 636 633
f 636 637 629
f 638 639 641
f 642 641 643
f 644 638 645
f 646 645 642
f 647 648 650
f 648 651 649
f 653 654 647
f 654 655 648
f 265 264 656
f 273 265 657
f 658 659 661
f 662 663 659
f 661 660 665
f 663 666 660
f 667 668 670
f 670 671 667
f 673 674 667
f 667 672 673
f 670 669 677
f 677 678 670
f 679 680 682
f 680 679 684
f 685 680 686
f 680 685 681
f 688 689 522
f 690 688 512
f 691 692 688
f 693 691 690
f 689 694 527
f 692 696 689
f 527 695 525
f 525 697 526
f 699 700 702
f 703 702 704
f 705 704 700
f 706 707 703
f 708 699 707
f 610 709 711
f 712 713 709
f 608 712 610
f 709 714 710
f 716 717 719
f 720 721 718
f 721 722 719
f 724 716 723
f 696 725 694
f 694 726 695
f 728 729 731
f 731 730 733
f 730 734 732
f 729 736 730
f 737 11 739
f 11 10 738
f 11 737 12
f 742 743 745
f 743 642 744
f 744 643 747
f 745 744 748
f 749 750 752
f 753 754 749
f 755 750 756
f 341 751 755
f 567 757 759
f 757 760 758
f 759 758 763
f 758 761 762
f 765 766 768
f 768 769 765
f 765 770 772
f 772 773 765
f 768 767 775
f 775 776 768
f 776 775 777
f 136 135 779
f 779 778 781
f 135 782 778
f 778 783 780
f 785 786 788
f 789 790 786
f 791 792 785
f 793 789 792
f 788 787 782
f 790 795 787
f 796 797 799
f 800 798 801
f 802 803 800
f 799 798 804
f 805 806 808
f 809 808 810
f 811 810 806
f 812 805 813
f 814 813 809
f 815 816 818
f 819 815 821
f 815 818 820
f 819 822 815
f 823 824 826
f 827 826 828
f 829 828 824
f 830 831 716
f 832 833 834
f 833 835 830
f 834 830 724
f 831 796 717
f 717 799 718
f 836 837 839
f 836 839 841
f 836 841 837
f 843 844 796
f 835 843 831
f 845 846 848
f 846 845 850
f 846 242 847
f 242 846 244
f 851 852 854
f 855 856 851
f 852 857 853
f 856 859 852
f 860 861 863
f 864 865 860
f 865 431 861
f 861 438 862
f 269 268 567
f 268 275 757
f 377 867 869
f 377 869 371
f 869 868 857
f 869 857 870
f 872 873 875
f 876 875 877
f 878 872 879
f 880 879 876
f 877 874 882
f 873 883 874
f 609 603 884
f 885 886 888
f 888 887 890
f 886 891 887
f 887 892 889
f 894 885 895
f 895 888 896
f 897 894 898
f 898 895 899
f 900 901 885
f 901 902 886
f 903 900 894
f 904 905 900
f 905 906 901
f 907 904 903
f 908 909 905
f 910 908 904
f 911 912 914
f 912 915 913
f 917 914 918
f 918 913 919
f 920 921 923
f 921 122 922
f 923 922 926
f 922 924 925
f 928 929 920
f 929 119 921
f 226 930 225
f 225 931 933
f 227 225 934
f 226 221 936
f 936 937 226
f 938 939 941
f 942 943 939
f 939 944 940
f 946 942 938
f 947 948 950
f 951 952 947
f 953 947 954
f 955 951 953
f 956 957 693
f 958 693 959
f 960 956 958
f 957 961 691
f 571 962 572
f 962 571 964
f 962 965 963
f 965 962 967
f 573 572 969
f 969 970 573
f 971 972 974
f 975 971 976
f 974 973 978
f 976 974 979
f 980 981 975
f 981 982 971
f 983 984 986
f 984 8 985
f 252 988 983
f 988 4 984
f 986 985 884
f 985 987 989
f 546 823 547
f 552 991 546
f 991 992 823
f 993 994 996
f 997 993 998
f 999 998 1000
f 1000 996 1001
f 1002 1003 721
f 1004 1002 720
f 1005 1006 752
f 1008 1009 1005
f 338 1005 339
f 1010 1008 338
f 1011 1012 1014
f 1014 1013 1016
f 1011 1014 1018
f 1014 1016 1017
f 1012 1020 1013
f 1013 827 1015
f 1021 1022 1024
f 1025 1026 1021
f 734 1021 735
f 736 1025 734
f 1027 1028 1030
f 1029 1031 1033
f 1028 1034 1029
f 1030 1029 1035
f 1036 1027 1037
f 1038 1039 1036
f 1039 1040 1027
f 1041 1042 1044
f 1042 43 1043
f 1046 44 1042
f 1047 1046 1041
f 1048 326 1049
f 1050 328 1048
f 581 1051 611
f 1051 1052 612
f 1053 611 1054
f 582 581 1053
f 584 1055 1051
f 577 584 581
f 1056 1057 1058
f 1059 938 1057
f 1058 941 1060
f 1061 1062 1064
f 1062 1065 1063
f 1067 1068 1062
f 1069 1067 1061
f 1064 1063 1071
f 1072 1064 1073
f 1074 1061 1072
f 1063 1066 1070
f 1071 1070 1076
f 1073 1071 1077
f 1070 101 1075
f 1076 1075 1079
f 1077 1076 1080
f 557 556 1082
f 1082 1083 557
f 557 1084 554
f 1086 1087 1089
f 1090 1086 1091
f 1092 1093 1086
f 619 1092 1090
f 1094 1095 1097
f 1097 1096 1099
f 1096 1100 1098
f 1095 1102 1096
f 1103 742 1104
f 1104 1105 1103
f 1107 1108 1103
f 1103 1106 1107
f 1110 1111 1113
f 1114 1110 1115
f 1115 1113 1117
f 1113 1112 1116
f 1083 1082 1119
f 1120 1121 1123
f 1121 1124 1122
f 1123 1122 1126
f 1122 841 1125
f 1127 1128 1120
f 1129 1120 1130
f 1131 1127 1129
f 1132 1133 1012
f 106 105 1134
f 105 109 1132
f 1134 1132 1011
f 1135 1136 1138
f 1137 1139 1141
f 1138 1137 1142
f 1136 1143 1137
f 1144 911 1145
f 1146 1145 917
f 1147 1148 1146
f 1149 1144 1148
f 1150 1151 1153
f 1153 1154 1150
f 1153 1152 1157
f 1157 1158 1153
f 1159 1160 1162
f 1160 1163 1161
f 1161 1164 1166
f 1162 1161 1167
f 1168 1169 1159
f 1169 1170 1160
f 1171 1172 1168
f 1172 1173 1169
f 1174 1175 1150
f 1150 1155 1174
f 564 1177 565
f 565 706 1178
f 566 565 1179
f 839 838 1181
f 839 1181 840
f 1183 1184 1186
f 1187 1185 1189
f 1184 1190 1185
f 1191 1186 1187
f 1192 1193 1195
f 1193 1192 1197
f 1198 1193 1199
f 1193 1198 1194
f 1201 1192 1202
f 1192 1201 1196
f 1202 1204 1201
f 1205 1135 1206
f 1136 1135 1208
f 1135 1205 1207
f 554 1085 558
f 1211 1212 1214
f 1214 1213 1216
f 1212 665 1213
f 1213 48 1215
f 1217 1211 1218
f 1218 1214 1219
f 285 1205 289
f 1205 285 1209
f 1220 1221 1223
f 1224 1225 1220
f 1221 1226 1222
f 1225 1228 1221
f 1229 1220 1230
f 1231 1224 1229
f 1232 1229 1233
f 1234 1231 1232
f 1235 1236 1238
f 1239 1240 1235
f 687 1239 1241
f 1241 1235 1242
f 1243 1244 1246
f 1247 1248 1243
f 1249 1245 1250
f 1250 1244 1251
f 196 1252 197
f 1252 196 1240
f 1252 1255 1253
f 1255 1252 1239
f 1257 1258 1260
f 1257 1260 1262
f 1263 1264 1257
f 1263 1257 1265
f 1260 1259 1267
f 1260 1267 1261
f 1269 1270 1272
f 144 1272 145
f 1273 1269 1019
f 1017 1019 144
f 146 145 1270
f 196 195 1254
f 677 587 678
f 587 677 588
f 587 586 1275
f 677 676 1276
f 676 1278 1277
f 1277 1279 1281
f 1276 1277 1282
f 1283 1 988
f 1284 1285 1283
f 1285 1001 1
f 1286 1287 1289
f 1286 1290 1287
f 678 1286 671
f 678 1275 1286
f 465 1292 466
f 470 466 1294
f 1292 1295 1293
f 1294 1293 1297
f 1298 1296 1299
f 1296 1298 1301
f 1297 1296 1302
f 1303 1304 1306
f 1307 1303 1308
f 1308 1306 66
f 1306 1305 67
f 746 1310 943
f 943 1311 944
f 747 746 942
f 1291 1313 1087
f 1314 1089 1313
f 1315 1316 1318
f 1318 1317 1320
f 1321 1315 1322
f 1322 1318 1323
f 568 1324 564
f 1325 1326 1328
f 1326 1325 1330
f 1331 1325 1332
f 1325 1331 1329
f 1317 1334 1319
f 1316 1336 1317
f 33 1337 1339
f 1339 1338 1341
f 33 1339 35
f 1339 1341 1342
f 1337 1344 1338
f 1338 1345 1340
f 1344 1347 1345
f 1347 1344 1350
f 1344 1337 1349
f 1345 1348 1346
f 79 332 80
f 1352 86 335
f 420 1352 334
f 1353 1354 1356
f 1357 1353 1358
f 1359 1360 1357
f 1360 1361 1353
f 1362 1363 411
f 1363 1364 412
f 1315 1321 1366
f 1316 1315 1367
f 1368 1369 1371
f 1371 1370 1373
f 1374 1368 1375
f 1375 1371 1376
f 1377 1378 1380
f 1381 1382 1377
f 1383 1381 1384
f 1384 1377 1385
f 1370 1386 1372
f 1369 1388 1370
f 1389 1390 1392
f 1392 1391 1394
f 1391 1395 1393
f 1390 1397 1391
f 1398 1389 1399
f 1399 1392 1400
f 1401 1398 1402
f 1402 1399 1403
f 1404 1405 1398
f 1405 1406 1389
f 1407 1404 1401
f 137 136 1408
f 1408 779 1409
f 131 788 135
f 1178 703 1410
f 1179 1178 1411
f 1412 1411 1413
f 1413 1410 705
f 468 1414 469
f 1414 468 1416
f 1417 14 1418
f 1418 15 1419
f 202 1420 200
f 200 1421 199
f 1423 63 1425
f 1426 60 1423
f 1427 1423 1428
f 1429 1426 1427
f 63 62 1424
f 1431 1432 1434
f 1435 1431 1436
f 1437 1438 1435
f 1438 1439 1431
f 245 1283 252
f 983 1440 252
f 1441 1442 1444
f 1442 1445 1443
f 1447 1448 1441
f 1448 1449 1442
f 1020 547 827
f 1133 548 1020
f 1450 1451 1453
f 1453 1452 1455
f 1456 1450 1457
f 1457 1453 1128
f 1451 1458 1452
f 1460 1461 1451
f 1462 1460 1450
f 1452 1459 1454
f 1464 1465 1467
f 1468 1464 1469
f 1470 1471 1464
f 1472 1470 1468
f 1473 1474 1475
f 1476 1473 1477
f 1475 1045 42
f 1477 1475 50
f 1094 949 1473
f 1095 1094 1476
f 949 1094 1478
f 1479 336 79
f 1480 1479 78
f 1481 1482 1479
f 1483 1481 1480
f 1469 1467 1485
f 1467 1466 1484
f 850 849 658
f 1487 662 849
f 1488 1489 1491
f 1489 1488 1493
f 1489 378 1490
f 378 1489 376
f 1495 1496 1498
f 1498 1497 1500
f 1496 1501 1497
f 1497 1502 1499
f 375 373 1505
f 373 372 1504
f 1505 1504 1508
f 1504 1506 1507
f 1510 1511 1513
f 1513 1512 1515
f 1511 1516 1512
f 1512 1517 1514
f 1519 1513 1520
f 1521 1510 1519
f 1522 1523 1511
f 1516 1524 1517
f 1523 1526 1516
f 1527 1522 1510
f 1528 1529 1522
f 1530 1528 1527
f 1482 1531 336
f 1531 1010 337
f 1532 1533 1531
f 1534 1532 1482
f 884 604 986
f 986 1535 983
f 1536 1537 1539
f 1537 1536 1541
f 1542 1537 1543
f 1537 1542 1538
f 1545 1536 1546
f 1536 1545 1540
f 1548 1044 1550
f 1044 1043 1549
f 1552 1041 1548
f 1553 1554 1556
f 1557 1558 1554
f 1556 1555 1560
f 1558 1561 1555
f 1562 1557 1563
f 1564 1563 1553
f 1565 1562 1566
f 1567 1566 1564
f 1568 1565 1569
f 1570 1569 1567
f 1571 1572 1574
f 1574 1573 1576
f 1572 1416 1573
f 1573 1577 1575
f 1551 1474 948
f 950 949 1579
f 1580 1581 1583
f 1583 1584 1580
f 1583 1582 1586
f 1586 1587 1583
f 1580 1585 379
f 379 1588 1580
f 1589 1590 1592
f 1593 1594 1589
f 1590 1595 1591
f 1594 1597 1590
f 1598 1589 1599
f 1600 1593 1598
f 1543 1601 1542
f 1602 1603 1605
f 1605 1604 1586
f 1603 1606 1604
f 1604 1607 1587
f 1609 1610 1303
f 1611 1609 1307
f 1612 1613 1610
f 767 1612 774
f 777 774 1609
f 1614 1615 1617
f 1618 1614 1619
f 1619 1617 1621
f 1617 1616 1620
f 1623 1624 1614
f 1624 1625 1615
f 1615 1626 1616
f 1628 1623 1618
f 1629 1630 1632
f 1633 1632 1634
f 1635 1636 1633
f 1637 1629 1636
f 1151 1638 1152
f 1152 1639 1156
f 1639 1641 1640
f 1638 1643 1639
f 1175 1644 1151
f 1645 1646 1648
f 1646 1649 1647
f 1647 1650 418
f 1648 1647 417
f 1652 1653 1104
f 1104 745 1652
f 1654 1298 1655
f 1299 1295 1657
f 1655 1299 1658
f 1298 1654 1300
f 1660 1661 1663
f 1661 1574 1662
f 738 740 1660
f 740 1571 1661
f 1664 1556 1665
f 1666 1553 1664
f 961 1667 692
f 1667 1668 696
f 195 199 1274
f 202 201 1670
f 201 203 1669
f 1287 1093 1288
f 1289 1288 1673
f 1288 1672 628
f 1674 1675 1676
f 1677 1674 472
f 1678 1679 1674
f 1680 1678 1677
f 1676 1656 1292
f 472 1676 465
f 1657 1656 1681
f 1658 1657 1682
f 1683 1663 1685
f 1686 1683 1687
f 1687 1685 1689
f 1685 1684 1688
f 1663 1662 1684
f 1692 1660 1683
f 224 1634 1630
f 1581 1693 1582
f 1582 1694 1050
f 1695 1696 453
f 1697 453 446
f 1698 1695 1697
f 1696 1699 451
f 1699 1700 452
f 455 1701 456
f 1702 923 1703
f 1703 926 1705
f 926 925 1704
f 1707 920 1702
f 1708 928 1707
f 1709 1708 1710
f 1710 1707 1711
f 643 640 746
f 639 1712 640
f 1712 1713 1310
f 1300 1659 133
f 1654 1714 1659
f 1659 1715 134
f 14 1417 1571
f 10 14 740
f 1716 1717 1719
f 1719 1718 562
f 1721 1716 1722
f 1722 1719 559
f 1717 1723 1718
f 1718 1724 1720
f 1723 1726 1724
f 1724 1727 1725
f 1729 1730 1732
f 1733 1734 1731
f 1735 1736 1734
f 1736 1737 1732
f 1732 1738 1729
f 725 1686 726
f 726 1687 727
f 1332 1328 1741
f 1741 1740 1743
f 1744 1741 1745
f 1746 1332 1744
f 1747 1748 960
f 1749 1750 1747
f 1321 1749 1365
f 1365 1747 1449
f 1751 1752 1754
f 1754 1753 1756
f 1757 1754 1758
f 1759 1751 1757
f 1760 1761 1752
f 1762 1763 1751
f 561 1760 1763
f 1761 1764 1753
f 1756 1755 1766
f 1764 1767 1755
f 1768 1769 1771
f 1771 1770 1773
f 1769 1774 1770
f 1770 1775 1772
f 1777 1768 1778
f 1778 1771 1779
f 1758 1756 1780
f 1780 1766 1782
f 1766 1765 1781
f 1784 1785 993
f 1786 1784 997
f 1787 1788 1790
f 1791 1787 1792
f 1793 1794 1787
f 1795 1793 1791
f 1790 1789 1797
f 1792 1790 1798
f 1788 129 1789
f 1794 126 1788
f 1326 1799 1327
f 1799 1326 1801
f 1653 1802 1105
f 1802 1804 1803
f 1806 1807 1802
f 1808 1806 1653
f 1809 1810 1812
f 1810 1813 1811
f 1812 1811 1816
f 1811 1814 1815
f 1818 1819 1809
f 1819 1820 1810
f 837 842 1822
f 837 1822 838
f 1824 1825 1827
f 503 1828 1826
f 503 1826 497
f 1829 1830 1832
f 1833 1834 1832
f 1832 1831 1833
f 1832 1835 1829
f 854 853 1110
f 1838 854 1114
f 1839 1777 1840
f 1841 1842 1839
f 1843 1841 1844
f 1844 1839 1845
f 1846 1265 1848
f 1265 1262 1847
f 1848 1847 1613
f 1847 1849 1850
f 632 631 1853
f 630 1854 631
f 631 1855 1852
f 634 632 1856
f 1857 1858 1860
f 1860 1859 1862
f 1863 1860 1864
f 1865 1857 1863
f 1191 1866 1868
f 1869 1870 1866
f 1866 1191 1869
f 556 561 1081
f 1871 1872 1874
f 1875 1873 1876
f 1872 1877 1879
f 1872 1871 1877
f 1876 1872 1881
f 1022 1882 1023
f 627 625 1882
f 624 1023 625
f 1884 1885 1606
f 1606 1886 1607
f 1885 1888 1886
f 1886 1889 1887
f 1128 1455 1121
f 376 1493 377
f 1891 1892 1893
f 1892 1894 177
f 1893 177 1895
f 1035 1033 1892
f 1896 1035 1891
f 1897 1898 1900
f 1901 1897 1902
f 1900 1899 1904
f 1902 1900 1905
f 1906 1090 1907
f 618 617 1908
f 1908 1906 1909
f 617 619 1906
f 711 1910 610
f 711 710 1912
f 1912 1913 711
f 1914 1915 1917
f 1918 1914 1919
f 1919 1917 1921
f 1917 1916 1920
f 1923 1924 1926
f 1927 1928 1923
f 1928 1929 1924
f 1924 1930 1925
f 1143 1488 1139
f 1488 1143 1492
f 1933 1934 1568
f 1934 1935 1565
f 1936 1937 1933
f 1937 1938 1934
f 1939 1940 814
f 222 812 1940
f 1328 1327 1740
f 1740 1941 1742
f 1327 1800 1941
f 1941 1943 1942
f 1287 1291 1093
f 1290 1945 1291
f 1946 1947 1949
f 760 1946 761
f 1950 1951 1946
f 275 1950 760
f 1949 1948 1953
f 761 1949 764
f 1947 1954 1948
f 1948 1955 1952
f 251 190 1957
f 1958 1959 1957
f 1957 192 1958
f 1957 1960 251
f 1962 1923 1963
f 1963 1926 1965
f 1926 1925 1964
f 1878 1962 1967
f 1967 1963 1968
f 1969 1927 1962
f 181 1970 182
f 182 1971 1973
f 183 182 1974
f 1975 47 1977
f 47 44 1976
f 1215 46 1975
f 1979 749 1980
f 1981 753 1979
f 1982 1983 1985
f 1985 1984 1987
f 1984 1988 1986
f 1983 1990 1984
f 423 422 1202
f 1202 1195 423
f 423 1991 420
f 1992 1993 1995
f 1993 1992 1997
f 1993 1998 1994
f 1998 1993 2000
f 1995 2001 1992
f 2002 2003 2005
f 2005 2004 2007
f 2003 2008 2004
f 2004 2009 2006
f 2011 2002 2012
f 2012 2005 2013
f 2014 2011 2015
f 2015 2012 2016
f 2011 2014 2018
f 2002 2011 2019
f 1199 1197 2021
f 2022 1199 2023
f 2024 1198 2022
f 2023 2021 2026
f 2021 2020 2025
f 2028 2029 878
f 2030 2028 2031
f 2031 878 2032
f 2029 2033 872
f 1748 1801 956
f 1750 1799 1748
f 2034 1322 2035
f 2036 2034 2037
f 2035 1323 2039
f 2037 2035 2040
f 2041 860 2042
f 2043 864 2041
f 2044 2045 2047
f 2048 2044 2049
f 2050 2051 2048
f 2051 2052 2044
f 55 52 2053
f 665 664 48
f 2054 2055 2057
f 2058 2059 2054
f 2055 2060 2056
f 2059 2016 2055
f 2062 2054 2063
f 2064 2058 2062
f 1006 2065 1007
f 1009 2067 1006
f 2065 2068 2066
f 2067 2070 2065
f 2071 2072 2074
f 2075 2076 2071
f 2077 2071 2078
f 2079 2075 2077
f 2076 2080 2072
f 2072 2081 2073
f 386 385 549
f 549 112 386
f 551 110 549
f 248 1284 245
f 251 1961 248
f 818 817 2085
f 817 2086 2084
f 816 2088 817
f 1907 1091 2090
f 1091 1089 2089
f 2090 2089 2093
f 2089 2091 2092
f 2095 2096 1144
f 2096 2097 911
f 2098 2099 2101
f 2102 2103 2099
f 2105 2102 2098
f 2099 2104 2100
f 2107 2108 1543
f 1543 1541 2107
f 2110 2111 2107
f 2107 2109 2110
f 2113 2114 2115
f 2116 2117 2113
f 2118 2113 2119
f 2120 2116 2118
f 2121 2122 2026
f 2026 2123 2023
f 2026 2025 2121
f 2126 2127 1428
f 2129 1427 2128
f 2130 2126 1425
f 1108 2131 742
f 1681 1675 2132
f 1682 1681 2133
f 2134 2133 2135
f 2135 2132 2136
f 1679 1678 2138
f 1678 1680 2137
f 1301 1300 132
f 1302 1301 2140
f 2085 2084 204
f 2141 2085 212
f 818 2085 25
f 2141 27 2085
f 387 2142 552
f 2142 2143 991
f 2144 2145 2142
f 384 2144 387
f 2146 2147 2148
f 2148 1456 2149
f 2150 2146 2151
f 2151 2148 2152
f 2147 1462 1456
f 1688 1690 2147
f 1689 1688 2146
f 2153 2154 2156
f 2157 2153 2158
f 2019 2018 2153
f 2159 2019 2157
f 2158 2156 2161
f 2156 2155 2160
f 2161 2160 2164
f 2165 2161 2166
f 2167 2158 2165
f 2166 2164 2169
f 2164 2163 2168
f 2171 2172 1829
f 2172 2173 1830
f 1830 2174 1831
f 2176 2177 2171
f 2177 2178 2172
f 2179 2180 2176
f 2180 2181 2177
f 2171 2182 2176
f 2176 2183 2179
f 669 2185 676
f 668 2186 669
f 254 1053 249
f 583 582 254
f 1440 583 253
f 1358 1356 2188
f 1356 1355 2187
f 2190 1358 1158
f 1158 2188 1154
f 2188 2187 2191
f 2193 1437 2194
f 2125 2193 2195
f 2195 2194 2197
f 2194 1435 2196
f 2198 494 2200
f 2201 2199 1857
f 494 490 2199
f 2202 2200 2201
f 2203 2204 2206
f 2206 2205 2116
f 2205 2207 2117
f 2204 2209 2205
f 1840 1778 1913
f 1842 2210 1777
f 1602 1049 2212
f 2212 2213 1602
f 1605 1048 1602
f 2214 2215 2217
f 2218 2214 2219
f 2219 2217 2221
f 2217 2216 2220
f 2222 2223 2225
f 2225 2226 2222
f 2228 2229 2222
f 2222 2227 2228
f 2231 2232 2225
f 2225 2224 2231
f 2233 2234 2236
f 2237 2238 2233
f 2239 2234 2240
f 2241 2235 2239
f 2242 2243 2245
f 2245 2244 2247
f 2243 2248 2244
f 2244 1939 2246
f 2249 2242 2250
f 2250 2245 2251
f 2252 1933 2253
f 2253 1568 2254
f 2114 2255 1273
f 2255 2256 1269
f 2257 2258 2260
f 2260 2241 2257
f 2261 2262 2257
f 2257 2239 2261
f 1057 1056 1059
f 2264 876 2265
f 2265 877 2266
f 2267 292 2268
f 756 754 292
f 2269 756 2267
f 437 439 2271
f 438 437 866
f 2272 2273 2275
f 2276 2272 2277
f 2277 2275 2279
f 2275 2274 2278
f 2281 2282 2272
f 2282 2283 2273
f 2273 2284 2274
f 2286 2281 2276
f 2287 2288 2286
f 2288 2289 2281
f 1060 940 2290
f 2291 728 2292
f 1932 1208 728
f 1492 1932 2291
f 2293 2294 2296
f 1324 2296 1177
f 2296 1324 2293
f 2268 2298 2300
f 2268 295 2298
f 2301 2299 300
f 2302 999 2303
f 2303 1000 1285
f 1960 2302 1961
f 1961 2303 1284
f 1274 1422 2305
f 1421 1550 1422
f 1550 1549 2304
f 2305 2304 951
f 1843 1905 1729
f 1729 1739 1843
f 1844 1902 1843
f 884 989 609
f 2307 2308 1723
f 2309 2307 1717
f 1331 2310 1333
f 2310 1331 1746
f 2310 737 2311
f 737 2310 741
f 2312 1469 1959
f 1959 1485 1960
f 1485 1484 2302
f 2313 2314 2316
f 2316 2315 2318
f 2314 1975 2315
f 2315 1977 2317
f 2320 2313 2321
f 2321 2316 2322
f 1219 1216 2313
f 1216 1215 2314
f 2323 1219 2320
f 1455 1454 1124
f 1454 1463 2324
f 2324 2325 842
f 1124 2324 841
f 2326 146 2256
f 57 59 2327
f 59 143 2326
f 2327 2326 2328
f 2329 2330 2332
f 2332 2331 2334
f 2335 2329 2336
f 2336 2332 2337
f 2338 2339 2341
f 2342 2340 2343
f 2344 2345 2342
f 2341 2340 2346
f 2347 2348 2338
f 2343 2339 1649
f 2349 2350 2352
f 1643 2349 1641
f 1641 2352 1642
f 2352 2351 2353
f 2355 2356 2350
f 2350 2357 2351
f 2356 2359 2357
f 2357 2360 2358
f 2362 2355 2349
f 2363 2362 1643
f 2364 2365 2362
f 2365 2366 2355
f 2367 2364 2363
f 2368 1985 2369
f 2370 1982 2368
f 2371 2372 2374
f 2375 2371 2376
f 2376 2374 2378
f 2374 2373 2377
f 656 272 2381
f 657 656 2382
f 176 175 2384
f 175 174 2383
f 2386 2387 167
f 2388 2386 166
f 2389 682 2391
f 682 681 2390
f 794 679 2389
f 2390 2392 2394
f 2391 2390 1990
f 2139 2395 2372
f 2372 2396 2373
f 2137 2139 2371
f 2398 1056 2399
f 590 2398 593
f 593 2399 2401
f 2399 1058 2400
f 2402 210 2403
f 2404 212 2402
f 2401 2400 2406
f 2400 1060 2405
f 2405 2290 2094
f 2406 2405 2091
f 1508 2408 1505
f 2293 2297 1508
f 1508 1507 2293
f 1505 394 375
f 2409 2410 2412
f 2413 2411 2414
f 2412 2411 2416
f 2417 2415 2413
f 2409 2418 2410
f 1670 2419 202
f 2420 2421 2423
f 2421 2420 2425
f 2420 2426 2424
f 2426 2420 2428
f 2429 2421 2430
f 2421 2429 2422
f 1586 1050 1605
f 121 120 2432
f 2432 2431 1635
f 924 2432 927
f 122 121 924
f 2433 2434 2436
f 2435 2437 2439
f 2436 2435 2440
f 2434 2441 2435
f 944 1312 945
f 106 1134 2444
f 2444 2445 106
f 106 2446 107
f 2448 2449 2451
f 2452 2451 2454
f 2451 2450 2453
f 2456 2448 2452
f 536 2457 537
f 2457 2458 538
f 538 2043 539
f 2341 2459 2338
f 2338 2460 2347
f 1927 2462 1928
f 1928 2463 1929
f 2040 2039 124
f 1944 2040 2465
f 2466 2465 123
f 2467 138 2468
f 2469 2468 142
f 902 2470 891
f 891 2471 892
f 906 2473 902
f 2473 2474 2470
f 2470 2475 2471
f 909 2477 906
f 2477 2478 2473
f 1662 1576 1691
f 1105 1803 1106
f 1803 1805 2480
f 1106 2480 1109
f 2480 2481 2482
f 2484 2485 2486
f 2486 2367 1644
f 2485 2487 2367
f 2230 2484 2488
f 2488 2486 1175
f 2489 2490 2485
f 2491 2489 2484
f 2492 2493 2489
f 2493 2494 2490
f 2490 2495 2487
f 2497 2492 2491
f 2498 2499 2492
f 2499 2500 2493
f 2501 2498 2497
f 2232 2501 2226
f 2226 2497 2227
f 1223 1222 2503
f 1222 1227 2502
f 1230 1223 2505
f 1228 2506 1226
f 1226 2507 1227
f 2509 2510 2512
f 2513 2509 2514
f 2512 2511 2516
f 2514 2512 2517
f 2518 2519 2509
f 2519 2520 2510
f 2510 2521 2511
f 2523 2524 1231
f 2525 2526 2523
f 2527 2525 2528
f 2528 2523 1234
f 2369 1987 2214
f 2215 2529 2216
f 1987 1986 2215
f 2530 296 2531
f 2531 298 2532
f 2038 2533 116
f 2533 2534 120
f 2535 2536 2101
f 2101 2537 2098
f 2536 2538 2537
f 2537 2539 2237
f 2540 2541 2543
f 1899 2540 1903
f 1903 2543 2545
f 2543 2542 2544
f 2547 2548 2550
f 2550 2549 1374
f 2551 2547 2552
f 2552 2550 2553
f 2554 1115 1820
f 1820 1117 1813
f 1117 1116 2555
f 289 1206 674
f 1206 1138 2557
f 2039 2038 115
f 2558 2559 646
f 2560 644 2559
f 2561 2562 2541
f 2105 2233 2562
f 2541 2236 2542
f 2563 2564 2417
f 2416 2415 2565
f 2565 2564 2567
f 2568 2566 2563
f 2569 1268 1266
f 2570 2569 533
f 1259 531 1266
f 2571 2572 2569
f 2573 2571 2570
f 2574 809 2575
f 2246 814 2574
f 2576 2574 1411
f 2247 2246 2576
f 2577 793 2578
f 1715 2578 791
f 130 785 131
f 2579 1808 1652
f 1652 748 2579
f 1056 2398 2263
f 278 306 2581
f 306 305 2134
f 279 278 2582
f 2583 2584 2586
f 2586 2585 1437
f 2587 2588 2585
f 2589 2587 2584
f 2590 2014 2591
f 2591 2015 2059
f 2590 2592 2594
f 2014 2590 2017
f 2592 2590 2595
f 2596 2597 2599
f 2597 1016 2598
f 2119 2115 2597
f 2600 2119 2596
f 2599 2598 2601
f 2598 1015 829
f 2456 2602 1700
f 2602 2604 2603
f 2604 2602 2607
f 2602 2456 2606
f 2608 2609 2611
f 2612 2608 2613
f 2614 2615 2612
f 2615 2616 2608
f 2617 2618 5
f 2619 2620 2617
f 2620 2621 2618
f 2618 2622 6
f 499 498 2624
f 2624 2625 499
f 2626 2627 2624
f 2624 2623 2626
f 1194 1200 2630
f 1195 1194 1991
f 2630 2629 86
f 1991 2630 1352
f 189 188 2632
f 187 1909 188
f 188 2633 2631
f 1704 1706 2243
f 2248 2635 1939
f 1706 2636 2248
f 1156 1640 2638
f 1640 1642 2637
f 2638 2637 2641
f 2637 2639 2640
f 2297 2643 2408
f 2408 2644 394
f 937 936 2645
f 1549 1551 952
f 987 2646 990
f 990 2647 2648
f 989 990 2306
f 2649 2650 2651
f 2652 2649 2653
f 2651 1149 2654
f 2653 2651 2655
f 2656 1599 2181
f 2181 2657 2178
f 1599 1592 2657
f 2657 2659 2658
f 2661 2656 2180
f 2662 2663 2661
f 2663 1598 2656
f 1994 1999 2662
f 1999 1600 2663
f 2648 1147 713
f 713 1146 714
f 2049 2047 2665
f 2665 2664 2667
f 2047 2046 2664
f 2664 2668 2666
f 1157 1156 2670
f 2670 2638 2671
f 1118 732 2672
f 2556 2672 2674
f 2672 735 2673
f 1116 1118 2556
f 2675 2665 2676
f 2677 2675 2678
f 2678 2676 2680
f 2676 2667 2679
f 2682 2049 2675
f 2683 2682 2677
f 2684 1403 2287
f 1403 1400 2288
f 2685 2684 2686
f 2686 2287 2687
f 2688 2685 2689
f 2689 2686 2690
f 2691 1402 2684
f 2692 2693 2695
f 2695 2694 383
f 1585 2695 380
f 1584 2692 1585
f 2693 2697 2694
f 2694 2698 2696
f 2398 590 2580
f 2443 1018 138
f 1018 1017 139
f 2700 658 2701
f 244 850 2700
f 2702 84 2704
f 2705 2703 83
f 259 85 2702
f 2706 2707 2705
f 2704 2703 2708
f 2709 2710 1868
f 1186 1191 1183
f 2711 2709 1867
f 1700 2603 457
f 2603 2605 2712
f 489 1856 1859
f 1856 1853 1861
f 488 634 489
f 2715 477 2716
f 2716 484 37
f 369 2715 2717
f 2717 2716 2718
f 2719 474 2715
f 2720 480 2719
f 2448 2456 1699
f 457 2712 455
f 2712 2713 1701
f 2721 2722 2723
f 2721 1677 471
f 471 473 2721
f 2723 1680 2721
f 2097 2724 912
f 2724 2104 915
f 915 2103 916
f 490 489 1858
f 2726 2727 2729
f 2727 2730 2728
f 2732 2733 2727
f 2734 2732 2726
f 2728 2731 2736
f 2729 2728 2737
f 1174 1176 2739
f 2739 2488 1174
f 2740 1823 1821
f 1134 1011 2443
f 1111 2741 1112
f 1112 733 1118
f 2742 2369 2218
f 2743 2368 2742
f 2744 2743 2745
f 2742 2218 772
f 772 771 2742
f 2746 2747 2749
f 2749 2748 2751
f 2747 2752 2748
f 2748 2753 2750
f 2755 2746 2756
f 2756 2749 2757
f 2758 2755 2759
f 2759 2756 2760
f 2761 2758 2762
f 2762 2759 2763
f 2764 2765 2746
f 2765 2766 2747
f 2767 2764 2755
f 2768 2767 2758
f 2769 2770 2764
f 2770 2771 2765
f 2772 2769 2767
f 197 1253 203
f 2140 132 1794
f 2774 2375 2775
f 2775 2376 2776
f 2777 2775 2778
f 2779 2774 2777
f 2138 2137 2375
f 2780 2138 2774
f 2670 2190 1157
f 2671 2781 2670
f 2671 2641 2110
f 2110 2112 2671
f 2713 1762 1759
f 2605 1119 2713
f 1119 1081 1762
f 2604 1083 2605
f 1083 2604 1084
f 2459 2782 2460
f 2784 2785 2783
f 2787 2784 2782
f 2460 2783 2461
f 2788 2789 1914
f 2790 2788 1918
f 930 2791 931
f 931 2792 932
f 2794 1246 2796
f 1246 1245 2795
f 2798 1243 2794
f 2221 1263 1846
f 2221 2220 1263
f 2799 2800 2802
f 2799 1249 2800
f 1825 2799 2803
f 1825 1824 2799
f 1130 1123 2804
f 2805 2806 1126
f 2807 2805 1125
f 2808 2401 1314
f 2808 1314 1945
f 1314 2406 1089
f 739 738 1692
f 2068 2809 2069
f 2070 2811 2068
f 2809 2812 2810
f 2811 2814 2809
f 2815 2816 2810
f 2817 2815 2813
f 2814 2818 2812
f 524 2820 2811
f 2820 2821 2814
f 2812 2819 2813
f 1247 2823 1248
f 2824 2825 1247
f 2824 1247 2798
f 2826 2827 2829
f 2830 2831 2826
f 2832 2826 2833
f 2834 2830 2832
f 2827 2835 2828
f 2831 2837 2827
f 2837 2838 2835
f 2835 2839 2836
f 2838 2841 2839
f 2843 2844 2838
f 2845 2843 2837
f 932 2793 2847
f 2847 2846 1954
f 1951 2847 1947
f 933 932 1951
f 1183 2849 1184
f 2710 2851 1183
f 2306 2648 712
f 2330 2852 2331
f 2331 2853 2333
f 2852 2855 2853
f 2857 2858 2852
f 652 2857 2330
f 1591 1596 2860
f 1592 1591 2659
f 820 25 2861
f 821 820 2862
f 1785 2619 994
f 994 2617 995
f 1789 137 1796
f 1796 1408 2863
f 1797 1796 2864
f 1601 2865 1544
f 2108 2867 1601
f 2263 2580 1808
f 1059 2263 2579
f 2868 705 2869
f 2870 2869 699
f 2241 2260 2871
f 2474 2872 2475
f 2475 2873 2476
f 2478 2875 2474
f 783 2389 784
f 780 784 1982
f 784 2391 1983
f 2311 739 2876
f 1668 2876 725
f 2267 2268 425
f 2269 2267 424
f 425 2300 426
f 2878 2879 2881
f 2882 2883 2884
f 2884 2878 2885
f 2883 2886 2878
f 2879 2887 2880
f 2880 2888 2890
f 2881 2880 2891
f 2887 2892 2888
f 2888 2893 2889
f 2894 2249 2895
f 2896 2894 2897
f 2895 2250 2898
f 2897 2895 2899
f 2900 2901 2894
f 2902 2900 2896
f 2903 2904 2900
f 2905 2903 2902
f 2861 19 2906
f 2906 22 2907
f 2907 29 2908
f 71 821 2909
f 2862 2861 2910
f 2909 2862 2911
f 1942 1944 2912
f 2874 2912 2466
f 1742 1942 2913
f 2873 2913 2874
f 72 71 2914
f 70 819 71
f 1236 2915 1237
f 1240 1254 1236
f 2915 2305 955
f 1254 1274 2915
f 2916 2917 2919
f 2919 2918 2921
f 2917 2922 2918
f 2918 2923 2920
f 2925 2916 2926
f 2926 2919 2927
f 2378 2377 2916
f 2377 2379 2917
f 2776 2378 2925
f 2928 2929 2931
f 1200 2931 2629
f 2629 2930 82
f 2929 2705 2930
f 2022 2928 2024
f 1198 2024 1200
f 609 2306 608
f 2932 2933 2231
f 2231 1721 2932
f 2934 2868 2935
f 2936 2935 2870
f 684 683 2938
f 686 684 2939
f 2426 2336 2427
f 2336 2426 2940
f 2941 2942 2944
f 2942 975 2943
f 2943 976 637
f 2944 2943 636
f 2641 2640 2111
f 2111 2945 2108
f 2640 2642 2945
f 2945 2946 2867
f 1414 1417 1415
f 1415 1418 2948
f 469 1415 473
f 2800 1250 2949
f 2800 2949 2801
f 2823 2950 1251
f 2346 1189 2341
f 1189 1188 2459
f 2381 2380 805
f 2951 811 2380
f 2952 2600 2953
f 432 2952 433
f 436 2954 432
f 2954 2955 2952
f 433 2953 439
f 2953 2596 2956
f 517 524 2070
f 518 517 2067
f 523 528 524
f 526 698 528
f 528 2957 2820
f 2117 2208 2114
f 2958 2959 1495
f 2959 2960 1496
f 2961 2962 2959
f 2963 2961 2958
f 2964 2965 1645
f 2965 2343 1646
f 2966 2964 2967
f 2968 2969 2966
f 2969 2970 2964
f 2967 1645 2971
f 519 518 1009
f 2960 2077 1501
f 2962 2079 2960
f 2972 2312 1958
f 2973 1468 2312
f 2560 2973 2972
f 2534 1637 2431
f 2974 2975 2976
f 2976 2030 2977
f 1502 2974 1503
f 1503 2976 2978
f 2975 2979 2030
f 2979 2980 2028
f 2981 2264 2982
f 2981 2982 2984
f 2985 2981 2986
f 2985 2987 2981
f 2982 2265 2988
f 2982 2988 2983
f 2988 2990 2989
f 2988 2266 2990
f 2816 2993 2069
f 1626 2994 1627
f 1625 2996 1626
f 184 2997 181
f 2469 55 2998
f 55 2469 56
f 2610 1733 2999
f 2609 3000 2610
f 2611 2610 3001
f 3002 2614 3003
f 3003 2612 3004
f 3005 1350 3007
f 3006 3008 3010
f 3007 3006 3011
f 1350 1349 3006
f 3012 3013 3014
f 3013 1347 3005
f 3014 3005 3015
f 3013 3012 3017
f 3014 3018 3012
f 3019 3020 3018
f 3015 3019 3014
f 3022 3023 3019
f 3024 3022 3015
f 3025 3026 3028
f 3028 3027 2934
f 3026 1412 3027
f 3027 1413 2868
f 1164 3025 1165
f 1165 3028 3029
f 3030 3031 3033
f 3033 3034 3030
f 3030 3035 2347
f 2347 2461 3030
f 3036 3037 3039
f 3039 2195 3036
f 2121 2125 3039
f 3039 3038 2121
f 3040 3041 3036
f 3037 3042 3038
f 3041 2538 3037
f 3036 2197 3040
f 679 794 683
f 683 795 2937
f 650 649 2335
f 2335 3046 650
f 2336 2940 2335
f 99 104 3049
f 100 99 3050
f 3051 3052 3054
f 3054 3053 3056
f 3052 3057 3053
f 3053 3058 3055
f 3060 3051 3061
f 3061 3054 3062
f 3063 3060 3064
f 3064 3061 3065
f 3066 3063 3067
f 3067 3064 3068
f 3069 3070 3060
f 3070 3071 3051
f 3072 3069 3063
f 3073 3072 3066
f 3074 3075 3072
f 3076 3074 3073
f 364 2720 365
f 3077 3078 2720
f 367 3077 364
f 365 2719 369
f 3078 2127 480
f 1323 1320 2038
f 1320 1319 2533
f 271 2951 272
f 2382 2381 812
f 273 227 274
f 274 934 275
f 439 2956 2270
f 2270 3079 2145
f 2271 2270 2699
f 1725 1728 3081
f 1720 1725 3082
f 1728 3083 3080
f 1727 3085 1728
f 3081 3080 1761
f 3082 3081 1760
f 3080 3084 1764
f 3084 3086 1767
f 3083 3088 3084
f 18 3089 3091
f 12 741 18
f 3089 1744 3090
f 741 1746 3089
f 1507 1509 2294
f 2294 708 2295
f 569 3092 2951
f 270 569 271
f 163 162 2650
f 2650 2095 1149
f 164 163 2649
f 1494 3093 2548
f 2548 3094 2549
f 3093 262 3094
f 3094 3096 3095
f 372 3098 1506
f 371 870 372
f 870 871 3098
f 3098 3099 2936
f 16 18 3100
f 17 16 3101
f 2101 2100 2535
f 2536 2535 2418
f 2292 731 2741
f 853 858 1111
f 868 2292 858
f 2933 3103 2232
f 2112 1359 2781
f 2109 3104 2112
f 2781 1357 2190
f 3105 3106 3108
f 3109 3110 3105
f 3110 3111 3106
f 3106 3112 3107
f 3114 3115 3117
f 3118 844 3114
f 3119 3118 2996
f 2996 3114 2994
f 3120 3121 3123
f 3121 3124 3122
f 3125 3126 3120
f 3126 3127 3121
f 1066 91 101
f 1065 95 1066
f 1075 102 1078
f 3104 3128 1359
f 1540 1547 3104
f 1541 1540 2109
f 3128 2885 1360
f 1361 2891 1354
f 2885 2881 1361
f 3130 3131 2063
f 2063 2057 3130
f 3134 3135 3130
f 3130 3133 3134
f 2063 3132 2062
f 2062 3137 2064
f 1749 1321 2034
f 1750 1749 2036
f 675 3139 291
f 3139 626 3140
f 291 3140 287
f 3140 627 3141
f 1673 628 3139
f 672 1673 675
f 3142 3143 2307
f 3144 3142 2309
f 3145 3146 3142
f 3147 3145 3144
f 671 1289 672
f 288 287 1026
f 673 675 290
f 1026 3141 1022
f 2187 2189 2192
f 1154 2191 1155
f 2191 2192 3149
f 1155 3149 1176
f 3149 3150 3151
f 2283 3153 2284
f 2284 3154 2285
f 3153 3156 3154
f 3154 3157 3155
f 3159 3160 3074
f 3161 3162 3159
f 3162 3163 3160
f 3160 3164 3075
f 3166 3159 3076
f 2455 3161 3166
f 3167 3166 3168
f 2453 2455 3167
f 1417 1414 1572
f 3169 3170 3172
f 3173 3174 3170
f 3176 3173 3169
f 3170 3175 3171
f 3178 3179 1784
f 3179 3180 1785
f 3181 3182 3178
f 3182 3183 3179
f 1514 1518 3185
f 1518 2905 3184
f 3184 2902 3186
f 3185 3184 3187
f 1517 1525 1518
f 1515 1514 3188
f 3189 3190 3192
f 3190 3193 3191
f 3191 3194 1002
f 3192 3191 1004
f 3195 3196 3189
f 3196 3197 3190
f 2462 3189 2463
f 3198 3195 2462
f 3199 3200 2261
f 2261 2240 3199
f 748 747 946
f 1894 3202 178
f 3202 3203 184
f 542 541 1888
f 541 2042 1889
f 539 2041 541
f 2739 2738 2228
f 2228 2230 2739
f 1363 1362 3205
f 3205 3204 3207
f 1364 1363 3208
f 3208 3205 3209
f 2423 2422 3211
f 2428 2423 75
f 3211 3210 3213
f 75 3211 76
f 3091 3090 3215
f 2923 3215 2924
f 3100 3091 3216
f 2922 3216 2923
f 1730 3217 1731
f 1905 1904 1730
f 1354 3129 1355
f 1355 3218 2189
f 3218 3220 3219
f 3129 3222 3218
f 2289 3223 2282
f 3223 3224 2283
f 558 1210 2932
f 1210 3225 2933
f 1329 1333 1667
f 1333 2311 1668
f 3226 414 1651
f 3109 1362 3227
f 3227 411 3226
f 3228 3229 3231
f 3232 3228 3233
f 3234 3235 3228
f 3236 3234 3232
f 3231 3230 3238
f 3233 3231 3239
f 3229 3240 3230
f 3235 3242 3229
f 3230 3241 3237
f 3244 3245 3247
f 3245 3244 3249
f 3247 3250 3244
f 3251 3245 3252
f 3245 3251 3246
f 3206 3108 3255
f 3255 3254 3257
f 3258 3255 3259
f 3207 3206 3258
f 3108 3107 3254
f 3204 3105 3206
f 3254 3260 3256
f 3107 3113 3260
f 3260 3262 3261
f 3264 3236 3265
f 3265 3266 3264
f 3265 3232 3268
f 3268 3269 3265
f 3270 3271 3236
f 3272 3270 3264
f 3271 1874 3234
f 3273 3274 3276
f 3277 3278 3273
f 3279 3273 3280
f 3281 3277 3279
f 3282 2530 3283
f 3283 2531 3284
f 2580 592 1806
f 1833 1836 3285
f 3285 3286 1833
f 1627 2995 3288
f 3288 3287 1936
f 1622 3288 3289
f 1616 1627 1622
f 3290 3291 3293
f 3293 3292 3295
f 3296 3293 1938
f 3297 3290 3296
f 395 3298 256
f 256 3299 257
f 1052 1809 615
f 615 1812 616
f 3301 3302 2941
f 3302 980 2942
f 3303 2941 3304
f 2361 3301 3303
f 3305 3306 3308
f 3305 3308 3310
f 3311 3312 3305
f 3311 3305 3313
f 3308 3307 3315
f 3308 3315 3309
f 594 593 2808
f 594 2808 595
f 1337 33 486
f 3315 3314 3318
f 3315 3318 3316
f 3318 3317 2990
f 3318 2990 3319
f 592 591 1807
f 1807 3321 1804
f 2718 37 3323
f 3324 3323 39
f 3325 3326 3324
f 3327 2718 3326
f 3328 3329 3331
f 3329 3332 3330
f 3334 3335 3328
f 3335 3336 3329
f 3331 3330 3338
f 3330 3333 3337
f 3340 1863 3341
f 3341 1864 2615
f 1864 1862 2616
f 1828 3343 1827
f 3345 3346 1828
f 2797 3344 3347
f 3347 3343 3348
f 1969 3198 1927
f 3349 39 3350
f 41 3351 40
f 3352 3349 3353
f 3351 3354 3350
f 2224 3355 1721
f 2932 1722 558
f 3356 479 3357
f 3357 482 2130
f 482 481 2126
f 3009 478 3356
f 3358 3356 3359
f 3359 3357 3360
f 3010 3009 3358
f 3008 485 3009
f 74 72 3361
f 3362 3363 23
f 3363 3364 24
f 211 209 3022
f 2403 211 3024
f 3057 3365 3058
f 3058 3366 3059
f 3365 3368 3366
f 3366 3369 3367
f 3371 3372 3374
f 3374 3373 1995
f 3374 2662 3371
f 1995 1994 3374
f 3372 3375 3373
f 2184 3377 3372
f 2179 2184 3371
f 3373 3376 2001
f 2924 3214 2875
f 3090 1745 3214
f 2875 3379 2872
f 1745 1743 3379
f 2990 3320 2991
f 1935 3382 1562
f 2020 2583 2027
f 2027 2586 2193
f 1180 3383 2825
f 3385 3384 3386
f 2825 3384 2823
f 2801 2950 3385
f 3387 3388 3390
f 3391 3392 3387
f 2086 3391 2087
f 2087 3387 213
f 3312 3328 3306
f 3306 3331 3307
f 3393 3334 3312
f 3394 2985 3395
f 3394 3396 2985
f 1595 3397 1596
f 3397 3399 3398
f 3401 3252 3397
f 1597 3401 1595
f 1596 3398 2859
f 3403 3404 3406
f 3407 3408 3403
f 3409 3407 3410
f 3410 3403 3411
f 3404 3412 3405
f 3405 3413 3415
f 3406 3405 3416
f 3417 3418 3419
f 3420 3417 3421
f 3421 3419 1483
f 3419 1534 1481
f 3272 3422 3424
f 3424 3425 3272
f 3425 3424 3426
f 3264 3267 3272
f 3237 3243 3428
f 3429 3427 3430
f 3430 3243 3431
f 3428 3427 3433
f 3434 3432 3429
f 2735 434 3435
f 3435 428 865
f 1098 1101 3437
f 1099 1098 3438
f 3314 3439 3317
f 3317 3440 3320
f 1837 3442 2182
f 2182 3443 2183
f 1829 1837 2171
f 3442 3445 3443
f 3443 3446 3444
f 838 1823 1180
f 1181 1180 2824
f 3447 3448 3194
f 3448 1974 1003
f 3449 185 3447
f 185 183 3448
f 2819 1130 2822
f 2806 3450 2804
f 3268 3233 3451
f 3451 3452 3268
f 3451 3239 3134
f 3134 3136 3451
f 3110 3109 3453
f 1362 3109 3204
f 3111 3110 3454
f 1261 1268 3455
f 2754 903 897
f 2750 2754 3456
f 3456 897 3457
f 2753 907 2754
f 3458 910 907
f 2752 3458 2753
f 3459 2140 1793
f 3460 3459 1795
f 2129 2128 3078
f 2627 2626 3461
f 3462 2407 1312
f 2290 945 2407
f 2784 3463 2785
f 2787 3465 2784
f 2785 3466 2786
f 2785 3464 3466
f 2056 2061 3469
f 2057 2056 3133
f 3431 3241 3470
f 3470 3240 3471
f 1874 1873 3235
f 3471 3242 1875
f 3472 3473 3247
f 3247 3246 3472
f 3472 3474 3476
f 3476 3477 3472
f 3454 3453 3032
f 3033 3226 3034
f 3453 3227 3033
f 2213 1884 1603
f 3478 3454 3479
f 3031 3467 3032
f 3354 3479 3353
f 3481 3478 3354
f 3466 3480 3467
f 1346 1351 3483
f 1340 1346 3484
f 1348 3017 1351
f 1351 3485 3482
f 3487 1895 3488
f 1895 180 3449
f 3488 3449 3489
f 3490 1893 3487
f 3491 3490 3492
f 3492 3487 3493
f 296 2301 297
f 3494 1870 2344
f 3495 2344 2970
f 3496 3494 3495
f 2346 2345 1869
f 2851 1998 2849
f 2849 2000 2850
f 3440 3498 3441
f 3498 3500 3499
f 3499 3501 3503
f 3441 3499 3504
f 3502 3505 3507
f 3508 3509 3505
f 3501 3510 3502
f 3511 3508 3510
f 3512 3513 3515
f 3516 3512 3517
f 3515 3514 3519
f 3517 3515 3520
f 2778 2776 3513
f 3513 2925 3514
f 3521 2778 3512
f 3408 3522 3404
f 3523 3524 3408
f 3525 3523 3407
f 3522 3526 3412
f 3524 1782 3522
f 3412 3527 3413
f 3413 3528 3414
f 1782 1781 3526
f 461 1780 3524
f 3526 3530 3527
f 1197 1196 2020
f 2463 3192 2464
f 2464 1004 3532
f 3533 3521 3516
f 3534 3533 3535
f 3535 3516 2771
f 3536 2777 3521
f 3537 3536 3533
f 3538 3537 3534
f 341 339 751
f 3539 3428 3540
f 3135 3539 3131
f 3131 3540 3132
f 3540 3433 3541
f 3238 3237 3539
f 3439 3543 3440
f 3289 1936 2252
f 3291 3544 3282
f 3544 2588 3545
f 3282 3545 2530
f 3545 3546 3547
f 3399 3549 3400
f 3252 3249 3399
f 3549 3551 3550
f 3249 3248 3549
f 3398 3400 3402
f 3400 3550 3552
f 3402 3552 3554
f 3552 1570 3553
f 2023 2124 2022
f 1490 1494 2547
f 3122 2691 2685
f 3123 3122 2688
f 3555 2689 3556
f 3557 3555 3558
f 3558 3556 3560
f 3556 2690 3559
f 3562 2688 3555
f 3563 3562 3557
f 982 3563 972
f 972 3557 973
f 2711 3564 1597
f 3564 3251 3401
f 2709 2711 1594
f 299 293 753
f 340 341 342
f 3565 1980 1007
f 1491 1490 2551
f 2025 2027 2125
f 3566 3489 3197
f 3489 3447 3193
f 3426 3423 3196
f 3422 3566 3423
f 3567 3426 3195
f 3568 3425 3567
f 3382 3569 1557
f 3569 3570 1558
f 896 890 3572
f 3572 3571 3573
f 3571 3574 1709
f 890 889 3571
f 899 896 3575
f 3576 2253 3551
f 3577 2252 3576
f 2796 2795 3579
f 1834 2796 1835
f 3286 2794 1834
f 2546 3580 3582
f 3583 3004 3581
f 2544 2546 3584
f 3004 2613 3582
f 566 1179 569
f 1179 1411 3092
f 3092 2575 811
f 3585 3586 3588
f 3589 3585 160
f 1376 1373 3589
f 1373 1372 3585
f 3588 3587 3591
f 160 3588 161
f 3586 3592 3587
f 3587 3593 3590
f 3527 3531 3528
f 3528 3595 3529
f 3530 3597 3531
f 1781 1783 3530
f 3531 3598 3595
f 3600 1080 3597
f 1080 1079 3598
f 162 3601 2095
f 3250 3576 3248
f 3473 3577 3250
f 3602 3603 3605
f 1142 1141 3602
f 2186 3602 2185
f 2557 1142 2186
f 3603 3606 3604
f 1141 1140 3603
f 3605 3604 3176
f 3604 3607 3173
f 862 866 2697
f 3608 3609 2693
f 863 862 3609
f 2956 2599 3079
f 3610 3611 3613
f 3611 3188 3612
f 3612 3614 3615
f 3613 3612 3616
f 308 310 3617
f 3617 2577 3618
f 310 3619 2577
f 2319 3620 3622
f 2317 2319 3623
f 3623 3622 319
f 3622 3621 3624
f 1977 1976 2319
f 1976 1978 3620
f 3620 3626 3621
f 3628 1655 309
f 1714 1654 3628
f 3617 3628 308
f 3618 1714 3617
f 2927 2921 909
f 3518 2927 908
f 2921 2920 2477
f 3514 2926 3518
f 1432 3116 1433
f 1434 1433 835
f 1433 3115 843
f 866 2271 2698
f 2940 2428 73
f 2940 73 3046
f 3629 3630 416
f 3630 1967 419
f 419 1968 2971
f 2971 1648 419
f 3631 3629 415
f 1881 1879 3629
f 3632 1881 3631
f 3633 3634 3636
f 3633 3636 3638
f 3639 3640 3633
f 3639 3633 3641
f 3636 3642 3637
f 3636 3635 3642
f 3642 3394 3643
f 3642 3644 3394
f 3579 3578 3442
f 2795 2797 3578
f 3578 3347 3445
f 848 1487 845
f 968 3645 1487
f 969 968 848
f 3646 3647 3649
f 3647 3650 3648
f 2427 2337 3647
f 2424 2427 3646
f 3649 3648 3653
f 3164 3649 3165
f 3653 3652 3071
f 3165 3653 3070
f 385 387 550
f 3655 855 3656
f 3656 851 1838
f 1835 3579 1837
f 3648 3651 3652
f 3163 3646 3164
f 2910 2906 3658
f 498 2803 2623
f 497 1825 498
f 2084 2087 205
f 3660 2674 620
f 1817 620 1672
f 1814 3660 1817
f 2993 3565 2066
f 1713 3462 1311
f 2483 997 1486
f 2481 1786 2483
f 3291 3282 3292
f 3290 1439 3291
f 3661 3662 1737
f 3662 3664 3663
f 1737 3663 1738
f 3663 3665 3666
f 1280 3172 3669
f 1281 1280 3670
f 1279 3169 1280
f 3670 3669 3183
f 3669 3668 3671
f 3172 3171 3668
f 3674 3675 3676
f 3676 2554 1819
f 3675 1114 2554
f 3677 3258 3678
f 3678 3679 3677
f 3209 3207 3677
f 3677 3680 3209
f 3678 3259 3682
f 3682 3683 3678
f 3568 1871 3271
f 3684 3484 3686
f 3684 3686 3688
f 1341 1340 3684
f 1341 3684 1343
f 3686 3685 3689
f 3686 3689 3687
f 3689 3393 3311
f 3689 3311 3690
f 3691 2129 3077
f 70 77 819
f 607 3692 153
f 1877 1969 1878
f 1877 1880 1969
f 1879 1878 3630
f 3693 3694 3695
f 3694 3696 3661
f 3695 3661 1736
f 978 977 3693
f 977 3560 3694
f 3212 446 3697
f 3210 1697 3212
f 352 3698 353
f 3698 953 3699
f 353 3699 354
f 3699 954 3700
f 1238 1237 352
f 1237 955 3698
f 1242 1238 348
f 1801 1330 957
f 1330 1329 961
f 2731 3702 2735
f 2736 2735 3703
f 3386 3383 2740
f 1378 3704 1379
f 3704 3656 3705
f 1379 3705 3674
f 3705 1838 3675
f 1382 3706 1378
f 3706 3655 3704
f 1055 1818 1052
f 2581 2134 3707
f 2582 2581 3708
f 3709 2744 3710
f 3711 3712 3709
f 3712 3713 2744
f 2218 2219 773
f 2219 2221 3714
f 2046 3715 2668
f 2045 3717 2046
f 3715 1918 3716
f 3717 2790 3715
f 3718 3719 3721
f 3722 3718 3465
f 3497 3723 3718
f 2850 3497 3722
f 3721 3720 3724
f 3465 3721 3463
f 3723 3725 3719
f 1997 1996 3723
f 2000 1997 3497
f 3719 3726 3720
f 3720 3727 3325
f 1853 1852 2714
f 1436 1434 833
f 2196 1436 832
f 3729 3674 3730
f 3730 3676 1818
f 1380 1379 3729
f 3731 3729 3732
f 1385 1380 3731
f 3733 2632 644
f 2632 2631 638
f 1258 404 1259
f 1264 403 1258
f 2559 2558 2560
f 3734 164 2652
f 3175 3735 3177
f 3174 3737 3175
f 1613 1850 1304
f 3738 1302 3459
f 1578 1297 3738
f 3739 3738 3460
f 1575 1578 3739
f 3713 2370 2743
f 3740 3741 3743
f 3744 3743 3745
f 3746 3747 3744
f 3748 3740 3747
f 3741 3749 3742
f 3641 3638 3741
f 3751 3641 3740
f 2083 3752 3754
f 112 111 2083
f 386 2083 382
f 2803 2802 3659
f 2802 2801 3755
f 2530 3547 296
f 3132 3541 3137
f 3137 3756 3138
f 3758 2595 2064
f 2064 3138 3758
f 3758 3759 3761
f 3761 2592 3758
f 2592 3761 2593
f 3274 2202 3275
f 3275 2201 1865
f 3276 3275 3762
f 3278 3763 3274
f 1767 3087 1765
f 3087 3600 1783
f 3764 3765 3767
f 3768 3769 3764
f 3150 3768 3152
f 3152 3764 3770
f 3765 3771 3766
f 3769 3773 3765
f 3771 3774 3772
f 3773 3776 3771
f 3776 3777 3774
f 3774 3778 3775
f 3766 3772 3146
f 3767 3766 3145
f 3772 3775 3780
f 3146 3780 3143
f 3783 3507 98
f 3503 3502 3783
f 3784 3783 89
f 3504 3503 3784
f 3507 3506 104
f 3509 3049 3506
f 3307 3338 3314
f 3785 3786 2433
f 3787 3785 3788
f 3788 2433 3789
f 260 259 3790
f 3790 2702 3791
f 3042 2412 3043
f 2538 2409 3042
f 3342 2714 3000
f 3000 3728 1733
f 2616 3342 2609
f 3376 3792 3378
f 3378 3793 3725
f 2001 3378 1996
f 3177 3736 156
f 3736 3589 157
f 3735 1376 3736
f 771 3794 2745
f 3795 2276 3796
f 3796 2277 3797
f 3798 618 193
f 193 1908 187
f 1054 614 3798
f 3543 3799 3498
f 3500 3800 3501
f 3801 3511 3800
f 3444 361 3377
f 3377 362 3375
f 2183 3444 2184
f 3259 3257 3681
f 3257 3256 3802
f 2625 3804 500
f 2627 3805 2625
f 500 1611 501
f 3806 3807 1884
f 3807 3808 1885
f 3809 3810 3812
f 3813 3809 3814
f 3814 3812 2772
f 3812 3811 2769
f 3815 3538 3810
f 3810 3534 3811
f 3816 3815 3809
f 3817 3816 3813
f 2920 2924 2478
f 3818 3819 3002
f 3820 3821 3818
f 3821 3340 3819
f 3819 3341 2614
f 3822 3818 3823
f 3824 3820 3822
f 3762 1865 3340
f 3825 3762 3821
f 1347 3013 1348
f 3826 3827 1769
f 3828 3829 3826
f 3827 3830 1774
f 3829 3832 3827
f 2210 3826 1768
f 3833 3828 2210
f 3580 2871 3581
f 1971 3583 1972
f 588 1276 596
f 8 7 987
f 3239 3238 3135
f 3338 3337 3439
f 3339 3834 3799
f 3337 3339 3543
f 3333 2840 3339
f 3799 3835 3500
f 1824 2797 1249
f 2797 1824 3344
f 2844 3836 2841
f 2841 3837 2842
f 2839 2842 2840
f 3332 2836 3333
f 2842 3838 3834
f 3838 3801 3835
f 3839 3840 3801
f 3840 3841 3511
f 3143 3782 2308
f 3782 3843 3842
f 3780 3781 3782
f 2308 3842 1726
f 3842 3844 3845
f 3844 3847 3846
f 3843 3849 3844
f 1726 3845 1727
f 3845 3846 3085
f 3846 3848 3850
f 103 100 3852
f 3853 3852 3854
f 3596 3855 3853
f 1078 103 3855
f 3854 3050 3509
f 3484 3483 3685
f 822 3857 816
f 77 3858 822
f 2871 2259 1972
f 2258 723 2259
f 3859 3860 3862
f 3860 2527 3861
f 3862 3861 3864
f 3861 2528 3863
f 2216 406 405
f 2529 3865 406
f 3866 3867 3868
f 3868 3859 3869
f 3867 3870 3859
f 3871 3872 3873
f 2977 2031 3872
f 2978 2977 3874
f 3875 3874 3871
f 3873 2032 880
f 3396 3873 2987
f 3644 3871 3396
f 2987 880 2264
f 801 797 3118
f 3876 261 3093
f 378 3876 1494
f 3550 2254 1570
f 2818 1129 2819
f 2821 1131 2818
f 109 553 1133
f 3685 3856 3393
f 3856 3877 3334
f 3714 1846 3878
f 3878 1848 1612
f 529 536 534
f 3879 2518 2513
f 3466 3352 3480
f 250 3798 191
f 249 1054 250
f 1650 3035 1651
f 1439 3290 1432
f 3117 3116 3297
f 3880 3881 3883
f 3881 3884 3882
f 3883 3882 3886
f 3882 3885 3879
f 3564 2711 3887
f 3887 1867 3494
f 3680 1876 3632
f 3888 3111 3478
f 3889 3888 3481
f 3890 1665 2816
f 1665 1560 2993
f 3891 1664 3890
f 3892 3890 2815
f 1964 1966 1624
f 1965 1964 1623
f 1869 1187 2346
f 1925 1931 1966
f 1966 3119 1625
f 3643 3395 3894
f 3637 3643 3895
f 3894 3893 3897
f 3895 3894 3898
f 3395 2986 3893
f 3893 3899 3896
f 3901 3897 3902
f 3902 3896 3903
f 3904 3784 88
f 3745 3742 3905
f 3749 3895 3750
f 3638 3637 3749
f 3905 3750 3906
f 3906 3898 3901
f 382 3754 379
f 979 978 1854
f 1854 3693 1855
f 637 979 630
f 3907 3908 3025
f 3908 3909 3026
f 3836 3910 3837
f 3416 3415 3836
f 3911 3416 2844
f 3415 3414 3910
f 3414 3529 3912
f 3914 3915 3917
f 3917 3916 3919
f 3920 3917 3921
f 3922 3914 3920
f 3923 3924 3915
f 3915 3914 3923
f 3924 3926 3916
f 3919 3918 3928
f 3926 3929 3918
f 2549 3095 1368
f 1001 995 2
f 1799 1750 1800
f 1800 2036 1943
f 3794 3930 3710
f 3932 3933 3930
f 3930 3934 3931
f 3935 3932 3794
f 2562 2561 2105
f 2561 2725 2102
f 3936 3937 3939
f 3939 3938 3941
f 3937 3942 3938
f 3938 3943 3940
f 2526 3939 2524
f 3945 3936 2526
f 3946 3947 3125
f 3947 3948 3126
f 3949 3946 3950
f 3950 3125 3951
f 3952 3953 3947
f 3953 3954 3948
f 3948 3955 3127
f 3956 3952 3946
f 3957 3956 3949
f 3958 3959 3937
f 3959 3960 3942
f 3942 3961 3943
f 3963 3958 3936
f 782 794 783
f 3309 3316 3965
f 3316 3319 3964
f 3964 3966 3968
f 3965 3964 3969
f 3837 3839 3838
f 3910 3912 3839
f 3912 3913 3840
f 2645 935 3971
f 221 220 935
f 2594 2593 3973
f 2017 2594 3974
f 3111 3888 3112
f 2595 2591 2058
f 3841 3854 3508
f 3913 3853 3841
f 3976 3546 2587
f 1439 1438 3544
f 3371 2661 2179
f 2882 1545 3977
f 1546 1539 3277
f 3977 1546 3281
f 3978 3979 2097
f 3979 2106 2724
f 152 3732 584
f 1046 1047 3880
f 1047 3980 3881
f 1978 3880 3626
f 44 1046 1978
f 194 189 3733
f 2419 1552 1420
f 1420 1548 1421
f 3981 3456 3982
f 3982 3457 3984
f 3457 898 3983
f 3985 3981 3986
f 3986 3982 3987
f 3388 3988 3389
f 3389 3989 3991
f 3390 3389 3992
f 215 3993 3995
f 3993 3996 3994
f 3992 3991 3993
f 214 3992 215
f 3990 3411 3997
f 3997 3911 2843
f 3991 3990 3996
f 3996 3997 2845
f 3411 3406 3911
f 290 289 673
f 3392 3998 3388
f 3998 3999 3988
f 4000 4001 3998
f 4002 4000 3392
f 4003 2779 3536
f 4004 4003 3537
f 4005 4004 3538
f 4006 4007 4003
f 4007 2780 2779
f 4008 4006 4004
f 3988 3409 3989
f 3989 3410 3990
f 3999 3525 3409
f 544 542 3808
f 2503 2502 2789
f 2789 3817 1915
f 2502 2504 3817
f 2505 2503 2788
f 3217 2545 2999
f 1904 1903 3217
f 1324 568 2297
f 568 567 2643
f 4009 3168 2499
f 4010 4009 2498
f 3752 4011 3753
f 111 113 3752
f 4013 2563 4014
f 4014 2417 4015
f 1387 4013 3592
f 3592 4014 3593
f 4016 2322 331
f 2322 2318 329
f 4017 2321 4016
f 4018 4017 4019
f 4019 4016 4020
f 4021 2320 4017
f 4012 4021 4018
f 3753 4012 4022
f 4022 4018 1693
f 2325 4023 1821
f 1821 4024 2740
f 1463 1798 2325
f 1798 1797 4023
f 4023 2864 4024
f 4026 2323 4021
f 1484 1486 999
f 2482 2483 1466
f 1538 1544 3763
f 2115 1273 1016
f 2208 2328 2255
f 393 263 3876
f 374 393 378
f 2995 3297 3287
f 2994 3117 2995
f 345 354 2734
f 346 345 4027
f 354 3700 2732
f 3961 282 3962
f 282 3961 284
f 4029 4028 3960
f 492 633 488
f 64 4030 65
f 4032 4033 4030
f 4034 4031 4035
f 4031 4034 4036
f 65 4031 4037
f 3697 447 4038
f 3858 3697 3857
f 3857 4038 2088
f 4038 448 4039
f 4040 4041 4043
f 4042 4044 1217
f 4043 4042 4045
f 4041 4046 4042
f 2088 4039 2086
f 2579 946 1059
f 674 2557 668
f 2053 241 4040
f 2998 2053 2445
f 2445 4040 2446
f 2212 2211 4048
f 4048 4049 2212
f 653 4050 4048
f 4048 4047 653
f 1930 800 1931
f 1931 801 3119
f 4051 2978 4052
f 4053 4051 4054
f 1500 1499 4053
f 1499 1503 4051
f 67 1309 64
f 134 791 130
f 3486 2833 4055
f 3485 4056 3486
f 3021 2832 4056
f 4055 2829 3336
f 3336 2828 3332
f 1520 1515 3611
f 4057 1520 3610
f 3158 1519 4057
f 3155 3158 4058
f 4058 4057 4059
f 283 279 4060
f 3962 283 4061
f 3877 4055 3335
f 3482 3486 3877
f 3017 3016 3485
f 1139 1491 1140
f 1140 2551 3606
f 4062 3360 1430
f 3360 2130 1424
f 62 65 1430
f 2404 4062 4037
f 3469 3468 4064
f 4064 4063 4066
f 3468 1037 4063
f 4063 1896 4065
f 3133 3469 3136
f 3136 4064 3452
f 3737 1375 3735
f 3285 2807 840
f 4067 3833 1842
f 4068 4069 4071
f 4069 3279 4070
f 4070 3280 4072
f 4071 4070 4073
f 4074 4075 4068
f 4075 3281 4069
f 4076 4074 4077
f 4077 4068 4078
f 4079 4080 4074
f 4080 3977 4075
f 4081 4079 4076
f 3547 3548 2301
f 1204 2589 1203
f 422 427 1204
f 3909 2576 1412
f 2947 493 2198
f 2865 2198 2866
f 2867 2947 2865
f 4082 4083 4085
f 2733 4082 2730
f 3700 3701 2733
f 3701 1579 4082
f 4085 4084 3702
f 2730 4085 2731
f 4083 4087 4084
f 4084 4088 4086
f 2984 2983 4091
f 2986 2984 3899
f 2983 2989 4090
f 4090 4092 4094
f 4091 4090 4095
f 2989 2991 4092
f 4092 4096 4093
f 4097 4093 93
f 4098 4094 4097
f 1177 2295 706
f 4099 4100 4101
f 4102 4103 4100
f 4100 3891 3892
f 4104 4102 4099
f 4105 4101 3450
f 4101 3892 2817
f 3450 2817 2822
f 4106 4099 4105
f 4107 4105 2806
f 4108 4106 4107
f 3112 3975 3113
f 3888 3889 3975
f 3975 4110 4109
f 4096 3904 94
f 3381 3504 3904
f 2991 3381 4096
f 576 575 2209
f 574 4113 575
f 3899 4091 3900
f 3903 3900 4114
f 4114 4095 4098
f 1852 1735 3728
f 1862 1861 3342
f 4115 4116 4050
f 4116 4118 4117
f 3361 2914 4116
f 3047 3361 4115
f 4120 3901 4121
f 4122 3906 4120
f 4121 3902 4123
f 4123 3903 4124
f 766 3878 767
f 773 3714 766
f 502 3345 503
f 3973 3972 4125
f 3974 3973 4126
f 3972 4127 3746
f 2593 3760 3972
f 4125 3746 4128
f 1336 1316 2791
f 937 1336 930
f 2791 1367 2792
f 2621 2652 2622
f 2622 2653 9
f 1101 2203 3436
f 1100 967 1101
f 967 964 2203
f 3436 2206 2120
f 2701 661 1212
f 1043 1045 1551
f 1444 1443 4130
f 4130 4129 4132
f 2846 1444 2848
f 2848 4130 4133
f 1443 1446 4129
f 4129 513 4131
f 1446 959 513
f 572 963 968
f 963 966 3645
f 1166 1165 4135
f 3823 3002 4136
f 4136 3003 3583
f 241 240 4041
f 462 461 3523
f 463 462 3525
f 460 1758 461
f 2946 495 2947
f 3595 3599 3596
f 1079 1078 3599
f 2122 4137 2123
f 2123 4138 2124
f 4137 2565 4138
f 4138 2567 4139
f 3043 2416 4137
f 3038 3043 2122
f 2124 4139 2928
f 4139 2706 2929
f 1196 1203 2583
f 3759 4140 3760
f 4140 3748 4127
f 257 3300 259
f 2725 2561 2540
f 1898 2725 1899
f 501 1307 504
f 504 1308 68
f 3433 3432 3542
f 4142 4141 3434
f 2444 2443 2467
f 2856 4143 4144
f 2853 2856 2854
f 4144 2050 4145
f 2854 4144 4146
f 4143 4147 2050
f 4148 4149 4143
f 4147 4150 2051
f 4149 4151 4147
f 2855 4148 2856
f 1813 2555 1814
f 2555 2556 3660
f 1587 1608 1584
f 3529 3596 3913
f 2439 2438 3655
f 2440 2439 3706
f 1509 2870 708
f 954 950 3701
f 3071 3654 3052
f 3654 4152 3057
f 4152 4153 3365
f 3657 4154 4152
f 4153 4155 3368
f 4154 4157 4153
f 3652 3657 3654
f 840 1182 3285
f 1836 4158 2807
f 3213 3212 3858
f 1831 2175 1836
f 3763 2866 2202
f 3476 3475 2968
f 3475 3495 2969
f 3474 3496 3475
f 1049 327 2211
f 2211 4159 4047
f 4134 4161 663
f 4161 1477 666
f 666 50 664
f 2207 4162 2208
f 375 392 374
f 2757 2751 3985
f 2751 2750 3981
f 2760 2757 4163
f 4163 3985 4164
f 1506 2936 1509
f 3884 4165 3885
f 3980 4167 3884
f 2220 405 1264
f 4168 118 929
f 4169 4168 928
f 4170 125 4168
f 893 4170 4169
f 1102 1095 4171
f 4044 2701 1211
f 2939 2938 4173
f 2938 2937 4172
f 4174 3304 4175
f 4176 4174 4177
f 4177 4175 491
f 4175 635 492
f 4178 3303 4174
f 2354 4178 4176
f 4179 4180 980
f 4181 4179 3302
f 2449 4182 2450
f 4182 2449 1695
f 2449 2448 1696
f 1705 1704 2242
f 1068 4184 1065
f 3322 3181 4185
f 1804 3322 1805
f 3321 4186 3322
f 4185 3178 1786
f 1805 4185 2481
f 4186 4187 3181
f 2169 2168 4189
f 2168 2170 4188
f 4189 4188 3777
f 4191 4189 3776
f 4192 2169 4191
f 4188 4190 234
f 3777 234 3778
f 4190 4193 235
f 3778 228 3779
f 3375 363 3376
f 1471 1470 1107
f 1107 1109 1471
f 4025 3709 3931
f 2911 2910 4194
f 649 652 2329
f 223 222 2635
f 223 2635 224
f 217 657 218
f 218 2382 222
f 1871 3568 1880
f 927 1635 2636
f 1850 1851 1305
f 3483 3482 3856
f 4171 1476 4161
f 2863 1409 3712
f 1409 781 3713
f 2740 4025 3386
f 309 1658 307
f 3221 4192 4195
f 3220 4196 3221
f 3219 3221 4197
f 4196 2166 4192
f 4195 4191 3773
f 4197 4195 3769
f 3951 3120 4198
f 4199 3950 4200
f 4200 3951 4201
f 4202 4199 4203
f 4203 4200 4204
f 3370 3949 4199
f 3367 3370 4202
f 3369 3957 3370
f 238 237 4206
f 239 238 4207
f 237 4208 4205
f 233 4210 237
f 4207 4206 4211
f 3849 4207 3847
f 4212 239 3849
f 4206 4205 1069
f 4205 4209 1067
f 3847 4211 3848
f 4211 1069 1074
f 3984 3983 1528
f 3983 899 1529
f 1529 3575 1523
f 3987 3984 1530
f 3702 4086 434
f 232 4213 233
f 236 4214 232
f 4210 4123 4208
f 4213 4121 4210
f 1545 2882 1547
f 1547 2884 3128
f 2192 3148 3150
f 3148 4197 3768
f 3848 1074 3851
f 3851 1072 4215
f 3086 4216 3087
f 459 1757 460
f 1701 1759 459
f 3088 4215 3086
f 3850 3851 3088
f 3085 3850 3083
f 4215 1073 4216
f 4216 1077 3600
f 1478 1097 4087
f 4187 3670 3182
f 1282 1281 4187
f 596 1282 4186
f 3183 3671 3180
f 2886 4218 2879
f 4218 2008 2887
f 4218 2886 4081
f 2008 4218 2009
f 3754 3753 1588
f 4219 4220 2076
f 4220 169 2080
f 2080 170 2081
f 2078 2074 2974
f 1501 2078 1502
f 4221 4052 3875
f 4222 4054 4221
f 1366 1365 1448
f 1367 1366 1447
f 2876 1692 1686
f 1539 1538 3278
f 3355 2309 1716
f 2223 4223 2224
f 4223 3144 3355
f 2532 299 1981
f 3284 2532 3570
f 3570 1981 1561
f 3287 3296 1937
f 1560 1559 3565
f 1561 1979 1559
f 4224 2737 2457
f 535 4224 536
f 1275 595 1290
f 4225 4005 3815
f 4226 4008 4005
f 2508 4226 4225
f 2606 2452 4227
f 4227 2454 4229
f 2454 2453 4228
f 2607 2606 4230
f 4230 4227 3225
f 1084 2607 1085
f 2152 2149 1131
f 2149 1457 1127
f 3018 3021 3016
f 3971 3970 1629
f 220 224 3970
f 2613 2611 3584
f 2545 2544 3001
f 4231 3616 3786
f 3786 4232 2434
f 4232 4233 2441
f 3616 3615 4232
f 4235 4231 3785
f 4236 4235 3787
f 4237 4238 4235
f 4238 3613 4231
f 4239 4237 4236
f 4234 1159 4240
f 4240 1162 4241
f 2441 4234 2437
f 2437 4240 2438
f 4233 1168 4234
f 2251 2247 3909
f 2262 724 2258
f 2793 1441 2846
f 262 260 3096
f 2018 2017 2154
f 4242 3045 790
f 284 4028 4242
f 2937 3045 4029
f 2430 2425 3162
f 2425 2424 3163
f 4183 2430 3161
f 1909 1907 2633
f 3865 350 407
f 1989 349 3865
f 1986 1989 2529
f 350 346 408
f 3615 1171 4233
f 1851 4032 1309
f 4243 4244 3363
f 4034 4243 3362
f 1470 1472 1108
f 2567 2566 2706
f 3280 3276 3825
f 847 243 970
f 848 847 969
f 2886 2883 4079
f 2229 4246 2223
f 1739 4067 1841
f 3300 1480 85
f 3299 1483 3300
f 4247 4248 3664
f 3559 3561 4247
f 4248 3796 4249
f 3561 3795 4248
f 3560 3559 3696
f 3696 4247 3662
f 934 933 1950
f 4250 3995 2834
f 208 215 4250
f 3023 4250 3020
f 209 208 3023
f 3995 3994 2830
f 2074 2073 2975
f 2073 2082 2979
f 2980 4251 2029
f 2082 2384 2980
f 2461 2786 3031
f 4049 3806 2213
f 4087 1099 4088
f 1579 1478 4083
f 2092 2094 3462
f 1372 1387 3586
f 2553 1374 3737
f 1163 3907 1164
f 4045 1217 4252
f 2447 4045 4253
f 4253 4252 4026
f 4252 1218 2323
f 322 316 4255
f 4255 4254 4257
f 316 315 4254
f 4254 4258 4256
f 324 322 4259
f 4259 4255 4260
f 315 318 4258
f 327 324 4159
f 3672 4262 4263
f 3671 3672 4217
f 3668 3673 3672
f 4263 3734 2621
f 4217 4263 2620
f 3673 156 4262
f 4262 159 3734
f 3830 4264 3831
f 3832 4266 3830
f 2008 2003 2892
f 2003 2002 2159
f 2892 2159 2893
f 553 109 551
f 647 4115 653
f 4050 4117 4049
f 697 2150 698
f 698 2151 2957
f 1738 3666 1739
f 3666 3667 4067
f 802 3532 803
f 2642 4267 2946
f 4267 4177 495
f 2639 4268 2642
f 4268 4176 4267
f 4073 4072 3824
f 4072 3825 3820
f 3425 3568 3270
f 1880 3567 3198
f 3831 4265 4270
f 4270 4269 4272
f 4265 3788 4269
f 4269 3789 4271
f 1774 3831 1775
f 1775 4270 1776
f 3203 3822 2997
f 2997 3823 1970
f 1776 4272 4274
f 4274 1383 4275
f 4272 4271 1383
f 1772 1776 4276
f 1386 4277 1387
f 1845 1901 1844
f 4278 3928 171
f 4279 4278 4280
f 3921 3919 4278
f 4111 3921 4279
f 4280 171 4220
f 3928 3927 172
f 2792 1447 2793
f 1855 3695 1735
f 3455 2572 4032
f 1849 3455 1851
f 1262 1261 1849
f 3368 4156 3369
f 4156 2680 3957
f 3304 2944 635
f 2358 2361 4178
f 4281 3745 4282
f 4128 3744 4281
f 4283 4281 4284
f 4285 4128 4283
f 4282 3905 4122
f 4284 4282 4286
f 4286 4122 4214
f 4214 4120 4213
f 4133 4132 4288
f 4288 4287 4290
f 1956 4288 3418
f 1955 4133 1956
f 4132 4131 4287
f 4287 4291 4289
f 4290 4289 1532
f 4289 4292 1533
f 2131 646 743
f 1472 2558 2131
f 4294 4295 3691
f 4294 3691 367
f 3346 3345 4294
f 3346 4294 366
f 3994 2845 2831
f 4251 4296 2033
f 2033 4297 873
f 4298 4299 4301
f 4261 4301 3867
f 318 4298 4261
f 4301 4300 3870
f 409 4303 410
f 408 4027 409
f 4303 2726 4304
f 4027 2734 4303
f 4304 2729 4224
f 410 4304 535
f 4036 3362 27
f 4037 4036 2141
f 1349 486 3008
f 2668 3716 2669
f 4124 4114 4306
f 4208 4124 4209
f 4209 4306 1068
f 4306 4098 4184
f 4184 4097 95
f 4307 919 1897
f 1911 4307 1901
f 4308 4309 4154
f 4309 2683 4157
f 4157 2677 4155
f 4310 4203 4180
f 4311 4310 4179
f 4180 4204 981
f 4312 4202 4310
f 3651 4308 3657
f 4313 4146 4309
f 4146 4145 2683
f 4314 4313 4308
f 3650 4314 3651
f 4155 2678 4156
f 1998 2851 1999
f 1929 802 1930
f 1929 2464 802
f 3124 1401 2691
f 2708 2707 2568
f 4277 2568 4013
f 4315 2708 4277
f 3251 3564 3253
f 1649 2348 1650
f 3792 4316 3793
f 3793 4317 3726
f 2891 2890 3129
f 2890 2889 3222
f 3222 4318 3220
f 3691 1429 2129
f 4295 4319 1429
f 4320 1495 4321
f 4322 2958 4320
f 4321 1498 4323
f 1319 1335 2534
f 1335 3971 1637
f 1334 2645 1335
f 3059 3367 4312
f 3055 3059 4324
f 4325 1233 4327
f 1233 1230 4326
f 4326 2505 2790
f 4327 4326 3717
f 4328 1232 4325
f 4151 4328 4150
f 4150 4325 2052
f 1209 288 1025
f 4329 4330 4332
f 3797 2279 4329
f 4249 3797 4333
f 4333 4329 4334
f 2738 4335 2229
f 2680 2679 3956
f 4330 4336 4331
f 2279 2278 4330
f 959 690 511
f 4338 1564 1666
f 2623 3659 2628
f 3461 2628 3932
f 3659 3755 3933
f 1449 960 1445
f 1445 958 1446
f 3269 3491 3266
f 3266 3492 3267
f 3452 4066 3269
f 4066 4065 3491
f 4336 4339 4337
f 4331 4337 3832
f 4337 4239 4266
f 2278 2280 4336
f 2280 4340 4339
f 4339 4341 4239
f 2538 2536 2409
f 1167 1166 859
f 2197 2196 3044
f 2970 2342 2965
f 1190 2787 1188
f 3292 3283 3294
f 2968 1621 3476
f 2966 1619 2968
f 1278 3176 1279
f 2185 3605 1278
f 4201 4198 3563
f 4204 4201 982
f 4198 3123 3562
f 3171 3177 3673
f 4323 1500 4342
f 3645 4134 662
f 966 4171 4134
f 3664 4249 3665
f 4343 4311 4181
f 4324 4312 4311
f 4344 4324 4343
f 4345 4343 4346
f 4347 4344 4345
f 4241 1167 856
f 650 3047 647
f 4118 2911 4119
f 2914 2909 4118
f 3703 3435 864
f 151 3731 152
f 155 1385 151
f 2722 4348 2395
f 4348 4349 2396
f 1680 2723 2139
f 2674 2673 621
f 2673 1024 624
f 227 273 217
f 1943 2037 1944
f 1419 17 4349
f 4349 3101 2397
f 2948 1419 4348
f 396 4351 395
f 763 762 391
f 762 764 396
f 4351 3420 3298
f 3298 3421 3299
f 2644 763 390
f 1915 3813 1916
f 1916 3814 1922
f 2009 4081 2010
f 3732 3730 1055
f 1642 2353 2639
f 3493 3488 3566
f 883 3967 881
f 3966 4353 3967
f 4297 3968 883
f 882 881 4353
f 616 1816 619
f 1816 1815 1092
f 4086 4089 435
f 4089 4354 436
f 359 369 4355
f 4355 2717 3327
f 360 359 4316
f 4316 4355 4317
f 2300 2299 2877
f 2877 3548 3976
f 3437 3436 4356
f 1031 4357 1032
f 1033 1032 1894
f 1032 4358 3202
f 1034 4078 1031
f 2955 2118 2600
f 4356 2120 2955
f 1181 2824 1182
f 2504 4225 3816
f 1227 2508 2504
f 3445 3348 3446
f 2353 2354 4268
f 3477 4359 3473
f 2972 3733 2560
f 3789 2436 4273
f 342 755 2269
f 4332 4331 3829
f 4334 4332 3828
f 3941 3940 1225
f 3940 3944 1228
f 2524 3941 1224
f 2898 2251 3908
f 3463 3724 3464
f 3464 4360 3352
f 3755 3385 3934
f 3095 3097 1369
f 3097 3791 1388
f 1388 4315 1386
f 2098 2237 2105
f 1576 1575 2479
f 2155 4126 2162
f 2154 3974 2155
f 2160 2162 2163
f 2162 4285 4361
f 2163 4361 2170
f 4361 4283 4362
f 562 1720 560
f 560 3082 561
f 4363 2768 2761
f 1922 2772 2768
f 1920 1922 4363
f 4160 4260 655
f 655 4364 651
f 4047 4160 654
f 4260 4257 4364
f 4159 4259 4160
f 1608 3608 2692
f 4060 2582 4367
f 4367 3708 4369
f 4370 4367 4371
f 4061 4060 4370
f 3724 3325 4360
f 4360 3324 3349
f 1176 3151 2738
f 3418 4290 1534
f 1533 4293 1010
f 4291 510 4292
f 4292 516 4293
f 4117 4119 3806
f 4119 4194 3807
f 2901 1705 2249
f 161 3591 162
f 2422 1698 3210
f 3294 3284 3569
f 3889 3922 4110
f 3922 3889 4372
f 2446 4043 2447
f 3716 1919 4305
f 363 360 3792
f 1184 2850 1190
f 1190 3722 2787
f 1968 1965 1628
f 4317 3327 3727
f 4373 2939 4374
f 4374 4173 2521
f 4173 4172 2522
f 107 2447 113
f 113 4253 4011
f 426 2877 427
f 427 3976 2589
f 2438 4241 855
f 1143 1136 1932
f 1208 1207 729
f 973 3558 977
f 1621 1620 3477
f 1620 1622 4359
f 383 2696 384
f 3980 1047 1552
f 4167 3980 2419
f 4035 4033 2571
f 2393 1242 347
f 3200 834 2262
f 3044 832 3200
f 3519 3518 910
f 3520 3519 3458
f 2173 4376 2174
f 2174 4377 2175
f 2178 2658 2173
f 2659 2860 2660
f 2660 4378 4380
f 2658 2660 4376
f 2710 2709 1593
f 3590 3594 3978
f 3594 4381 3979
f 1207 1209 736
f 2601 829 992
f 3079 2601 2143
f 4382 4242 789
f 3619 4382 793
f 4046 2700 4044
f 240 244 4046
f 3607 2553 3174
f 714 917 715
f 710 715 1911
f 715 918 4307
f 681 687 2392
f 685 1255 687
f 3779 231 4212
f 3775 3779 3781
f 3781 4212 3843
f 1336 937 1334
f 867 2291 868
f 1493 1492 867
f 2851 2710 1600
f 2468 2469 2467
f 4245 58 4113
f 58 57 4383
f 4113 4383 4112
f 4383 2327 4162
f 1253 1256 2773
f 1416 470 1577
f 2471 2476 2472
f 2476 2874 4384
f 3253 3887 3496
f 3246 3253 3474
f 2872 3380 2873
f 1109 2482 1465
f 4365 4385 2857
f 4364 4366 4365
f 4385 4386 2858
f 4366 4388 4385
f 4256 3866 4388
f 4388 3868 4386
f 3870 4302 3860
f 4302 4389 2527
f 2766 3520 2752
f 2771 3517 2766
f 3707 2135 4390
f 3658 2907 4391
f 4194 3658 3808
f 2634 2093 1712
f 2631 2634 639
f 4392 2570 532
f 1037 1030 1896
f 2392 1241 2393
f 781 780 2370
f 2379 4350 2922
f 3886 3879 4393
f 3626 3883 3627
f 3627 3886 4394
f 3029 2934 3099
f 2042 863 1890
f 1887 1890 3608
f 3364 4395 30
f 4244 4396 3364
f 1954 2848 1955
f 1952 1956 3417
f 1921 1920 4397
f 4305 1921 4398
f 2227 2491 2230
f 2647 2654 1147
f 2136 1679 2780
f 2429 4182 1698
f 4182 2429 4183
f 2235 2241 3580
f 2542 2235 2546
f 3532 720 804
f 1255 685 1256
f 1256 686 4373
f 3180 4217 2619
f 2971 1628 2967
f 4359 3289 3577
f 3885 4166 2518
f 4166 4399 2519
f 4165 4400 4166
f 4401 4402 4404
f 4405 4401 4406
f 543 544 4401
f 534 543 4405
f 4404 4403 4407
f 4406 4404 4408
f 2737 2736 2458
f 1693 4019 1694
f 1694 4020 328
f 4409 4410 4299
f 4412 4409 4298
f 3624 3625 4412
f 3625 4394 4409
f 3020 2834 3021
f 4369 4368 4008
f 4368 4390 4006
f 4371 4369 4226
f 2507 4371 2508
f 3708 3707 4368
f 2394 2393 351
f 2061 1036 3468
f 2060 1038 2061
f 2016 2013 2060
f 2643 759 2644
f 3805 2627 4413
f 776 3805 769
f 3805 776 3804
f 319 3624 317
f 317 4412 318
f 330 3623 312
f 3692 4275 154
f 4414 4276 607
f 4415 4414 606
f 651 4365 652
f 3811 3535 2770
f 4065 1891 3490
f 3040 3044 3199
f 243 54 4245
f 970 4245 574
f 2472 4384 4170
f 892 2472 893
f 4384 2466 125
f 4020 331 325
f 4103 1666 3891
f 4416 4338 4103
f 3554 3553 4416
f 3553 1567 4338
f 4417 4416 4102
f 4418 3554 4417
f 1588 4022 1581
f 2633 2090 2634
f 2667 2666 2681
f 2666 2669 4419
f 4228 3167 4009
f 3168 3076 2500
f 4229 4228 4010
f 3225 4229 3103
f 1845 1840 1912
f 4413 3461 3935
f 2093 2092 1713
f 4357 4073 4358
f 4358 3824 3203
f 4078 4071 4357
f 2558 1472 2973
f 3224 4421 3153
f 4421 4422 3156
f 3156 4423 3157
f 1393 1396 3224
f 1396 4424 4421
f 1394 1393 3223
f 4424 3987 4422
f 4422 1530 4423
f 4164 3986 4424
f 1395 4164 1396
f 1958 194 2972
f 1102 965 1100
f 4088 3438 4089
f 3438 3437 4354
f 4354 4356 2954
f 4299 4411 4300
f 1577 1294 1578
f 1684 1691 1690
f 1690 4426 1462
f 2904 1703 2901
f 4145 2048 2682
f 2516 2515 3958
f 2517 2516 3963
f 2511 2522 2515
f 2515 4375 3959
f 4427 3963 3945
f 3446 368 361
f 1953 1952 3420
f 2883 2882 4080
f 1085 4230 1210
f 4258 4261 3866
f 4257 4256 4366
f 4110 3920 4111
f 1773 1772 4414
f 1779 1773 4415
f 3096 3790 3097
f 3791 2704 4315
f 2007 2006 1039
f 2006 2010 1040
f 1040 4428 1028
f 2013 2007 1038
f 2334 2333 4314
f 2333 2854 4313
f 2337 2334 3650
f 769 4413 770
f 770 3935 771
f 2170 4362 4190
f 4362 4284 4193
f 4193 4286 236
f 4429 3359 4062
f 4397 4363 4430
f 4398 4397 4431
f 4432 4280 4219
f 3263 4432 4433
f 4433 4219 2075
f 1458 1791 1459
f 1459 1792 1463
f 2679 2681 3952
f 2681 4419 3953
f 4430 2761 4434
f 4431 4430 4435
f 2081 176 2082
f 4419 4420 3954
f 3954 4436 3955
f 1526 3573 1524
f 1524 4438 1525
f 3575 3572 1526
f 3929 4440 3927
f 4131 509 4291
f 4293 519 1008
f 695 727 697
f 727 1689 2150
f 4441 4279 4432
f 2384 2383 4251
f 2383 2385 4296
f 4296 3969 4297
f 203 2773 1671
f 3103 4010 2501
f 1970 4136 1971
f 4342 4053 4443
f 4443 4444 4342
f 4444 4443 4222
f 3208 3631 1364
f 2773 4373 4442
f 4442 4374 2520
f 1671 4442 4399
f 2690 2687 3561
f 2860 2859 4378
f 4378 4418 4379
f 1644 2363 1638
f 2351 2358 2354
f 3804 777 1611
f 3046 74 3047
f 3606 2552 3607
f 1182 2798 3286
f 4319 68 1426
f 502 504 4319
f 3345 502 4295
f 2899 2898 3907
f 3601 3978 2096
f 3591 3590 3601
f 1400 1394 2289
f 2687 2286 3795
f 591 596 3321
f 4446 3358 4429
f 3011 3010 4446
f 2859 3402 4418
f 544 3808 4402
f 4126 4125 4285
f 3101 3100 4350
f 4407 600 4395
f 964 576 2204
f 2209 4112 2207
f 3869 3862 4447
f 4386 3869 4387
f 4447 3864 4149
f 4387 4447 4148
f 2450 4183 2455
f 3186 2896 1173
f 1173 2897 1170
f 3187 3186 1172
f 3199 3201 3040
f 2696 2699 2144
f 445 444 4000
f 448 445 4002
f 444 454 4001
f 4001 463 3999
f 2240 2238 3201
f 2467 2998 2444
f 1170 2899 1163
f 4380 4379 4448
f 4379 4417 4104
f 4448 4104 4106
f 2669 4305 4420
f 2957 2152 2821
f 4275 1384 155
f 3573 1709 4438
f 4438 1710 4439
f 3864 3863 4151
f 2858 4387 2855
f 1743 1742 3380
f 3310 3309 4449
f 3665 4333 3667
f 1990 2394 1988
f 3770 3767 3147
f 4335 3770 4246
f 3151 3152 4335
f 4246 3147 4223
f 4135 3029 871
f 859 4135 857
f 4390 2136 4007
f 2274 2285 2280
f 3621 3627 3625
f 3944 4061 2506
f 2506 4370 2507
f 3943 3962 3944
f 4109 4111 4441
f 4402 4391 4403
f 4403 2908 600
f 4276 4274 3692
f 3667 4334 3833
f 2387 4449 174
f 473 2948 2722
f 4346 4181 3301
f 2360 4346 2361
f 2359 4345 2360
f 3127 1407 3124
f 1910 4415 605
f 280 284 4382
f 281 280 3619
f 4342 4445 4323
f 4243 4034 4451
f 4376 4380 4377
f 4377 4448 4108
f 2373 2397 2379
f 2052 4327 2045
f 1988 351 1989
f 2402 4429 2404
f 4300 4425 4302
f 4411 4452 4425
f 4425 4427 4389
f 4264 3787 4265
f 2458 3703 2043
f 3863 1234 4328
f 4341 4059 4237
f 4271 4273 1381
f 4273 2440 1382
f 1406 2763 1390
f 2763 2760 1397
f 1397 4163 1395
f 4434 2762 1406
f 4435 4434 1405
f 4437 4435 1404
f 3295 3294 3382
f 1938 3295 1935
f 1815 1817 1093
f 2318 2317 330
f 1525 4439 2905
f 4439 1711 2903
f 4024 3711 4025
f 919 916 1898
f 764 1953 4351
f 4420 4398 4436
f 2010 4076 4428
f 4011 4026 4012
f 925 927 1706
f 2636 1633 2635
f 3320 3441 3381
f 4440 2388 173
f 2893 2157 2167
f 3075 3165 3069
f 3262 4441 3263
f 3113 4109 3262
f 2487 2496 2364
f 2496 3068 2365
f 3068 3065 2366
f 2495 3067 2496
f 1714 3618 1715
f 2366 4453 2356
f 3065 3062 4453
f 2494 3066 2495
f 2500 3073 2494
f 4423 1527 1521
f 4393 2513 4454
f 4454 2514 4452
f 4410 4454 4411
f 4394 4393 4410
f 213 3390 214
f 4452 2517 4427
f 1711 1702 2904
f 2889 2167 4318
f 4318 2165 4196
f 4445 4142 4450
f 4450 3434 4455
f 4323 4450 4321
f 2479 3739 4456
f 1691 2479 4426
f 4456 3460 1461
f 4426 4456 1460
f 4449 3965 2385
f 1912 1911 1845
f 4389 3945 2525
f 56 142 59
f 3062 3056 4347
f 4453 4347 2359
f 2189 3219 3148
f 342 2269 334
f 4408 4407 4396
f 604 579 1535
f 1461 1795 1458
f 4039 4002 3391
f 4428 4077 1034
f 3574 4169 1708
f 889 893 3574
f 3209 3632 3208
f 76 3213 77
f 7 9 2646
f 2646 2655 2647
f 4457 4433 2079
f 3614 3187 1171
f 4059 3610 4238
f 2864 2863 3711
f 4436 4431 4437
f 1535 580 1440
f 1607 1887 1608
f 1913 1779 1910
f 303 281 310
f 2285 3155 4340
f 4340 4058 4341
f 4451 4035 2573
f 307 1682 305
f 2175 4108 4158
f 2967 1618 2966
f 4396 4244 4408
f 3267 3493 3422
f 1974 1973 722
f 3056 3055 4344
f 3955 4437 1407
f 4037 2141 2404
f 4266 4236 4264
f 3188 3185 3614
f 3157 1521 3158
f 4244 4243 4458
f 4172 4029 4375
f 4158 4107 2805
f 3914 3922 3925
f 4372 3481 3351
f 3925 4372 41
f 1669 1671 4400
f 4459 4167 1670
f 1670 1669 4459
f 4167 4459 4165
f 4405 4392 534
f 4406 4460 4405
f 4408 4458 4406
f 3256 3261 3803
f 3803 4457 2962
f 3802 3803 2961
f 3261 3263 4457
f 4461 2963 4322
f 3681 3802 2963
f 3682 3681 4461
f 3348 3346 368
f 965 1102 966
f 2403 4446 2402
f 3024 3011 2403
f 3015 3007 3024
f 3593 4015 3594
f 4015 2413 4381
f 2418 3102 2414
f 2100 2106 3102
f 3542 4141 4463
f 4464 4462 4142
f 4462 4464 3639
f 4462 3639 3751
f 4463 4462 4465
f 3541 3542 3756
f 4444 4464 4445
f 4464 4444 3640
f 4461 4466 3682
f 4322 4467 4461
f 4320 4468 4322
f 4467 3431 4466
f 4468 3430 4467
f 4321 4455 4320
f 3201 2539 3041
f 3634 4221 3635
f 3640 4222 3634
f 3635 3875 3644
f 4460 2573 4392
f 4458 4451 4460
f 4466 3470 3683
f 3683 3471 3679
f 3679 1875 3680
f 35 1342 3924
f 36 35 3923
f 1342 1343 3926
f 3923 3925 36
f 3688 3687 4440
f 3687 3690 2388
f 1343 3688 3929
f 3138 3757 3759
f 3757 4465 4140
f 4455 3429 4468
f 2266 882 2992
f 3319 2992 3966
f 3690 3313 2386
f 3313 3310 2387
f 4465 3751 3748
f 3756 4463 3757
f 2 3 4
f 5 6 3
f 3 7 8
f 6 9 7
f 11 12 13
f 10 13 15
f 13 16 17
f 12 18 16
f 20 21 22
f 24 21 20
f 26 20 19
f 23 20 26
f 21 28 29
f 30 28 21
f 32 33 34
f 33 35 36
f 31 34 38
f 38 34 40
f 41 40 34
f 43 44 45
f 45 44 47
f 49 45 46
f 42 45 49
f 52 53 54
f 55 56 53
f 53 57 58
f 56 59 57
f 61 62 63
f 64 65 62
f 67 64 61
f 66 61 60
f 70 71 72
f 69 72 74
f 75 76 69
f 76 77 70
f 79 80 81
f 83 84 81
f 78 81 84
f 82 81 80
f 88 89 90
f 87 90 92
f 94 88 87
f 93 87 91
f 90 96 97
f 89 98 96
f 96 99 100
f 92 97 102
f 97 100 103
f 98 104 99
f 106 107 108
f 105 108 110
f 108 111 112
f 107 113 111
f 115 116 117
f 114 117 119
f 116 120 121
f 117 121 122
f 124 115 114
f 123 114 118
f 127 128 129
f 130 131 128
f 133 127 126
f 134 130 127
f 131 135 136
f 128 136 137
f 139 140 141
f 141 140 143
f 144 145 140
f 140 145 146
f 148 149 150
f 151 152 149
f 154 148 147
f 155 151 148
f 157 158 159
f 160 161 158
f 161 162 163
f 158 163 164
f 166 167 168
f 165 168 170
f 172 165 169
f 173 166 165
f 167 174 175
f 168 175 176
f 178 179 180
f 181 182 183
f 184 181 179
f 179 183 185
f 187 188 189
f 191 186 192
f 193 187 186
f 186 189 194
f 196 197 198
f 195 198 200
f 198 201 202
f 197 203 201
f 205 206 207
f 206 208 209
f 207 209 211
f 204 207 210
f 213 214 206
f 214 215 208
f 217 218 219
f 219 220 221
f 218 222 223
f 223 224 220
f 216 221 226
f 227 217 216
f 229 230 231
f 232 233 230
f 235 229 228
f 236 232 229
f 233 237 238
f 230 238 239
f 51 240 241
f 51 54 243
f 242 244 240
f 246 247 248
f 249 250 247
f 247 190 251
f 250 191 190
f 253 246 245
f 254 249 246
f 256 257 258
f 257 259 260
f 258 260 262
f 255 258 261
f 265 266 267
f 266 268 269
f 270 271 267
f 271 272 264
f 273 274 266
f 274 275 268
f 277 278 279
f 276 280 281
f 276 279 283
f 282 284 280
f 286 287 288
f 285 289 290
f 291 287 286
f 293 294 295
f 297 294 298
f 294 293 299
f 294 297 300
f 302 303 304
f 301 305 306
f 307 305 301
f 302 306 278
f 277 281 303
f 309 307 304
f 303 310 308
f 312 313 314
f 313 315 316
f 317 318 315
f 319 317 313
f 311 314 321
f 314 316 322
f 321 322 324
f 320 321 323
f 323 324 327
f 325 323 326
f 330 312 311
f 329 311 320
f 333 334 335
f 337 333 332
f 338 339 333
f 333 339 341
f 342 334 333
f 344 345 346
f 348 344 343
f 343 346 350
f 347 343 349
f 352 353 344
f 353 354 345
f 356 357 358
f 357 359 360
f 355 358 362
f 358 360 363
f 364 365 357
f 367 364 356
f 366 356 355
f 365 369 359
f 371 372 373
f 370 373 375
f 377 371 370
f 376 370 374
f 380 381 382
f 383 384 381
f 381 385 386
f 384 387 385
f 389 255 263
f 391 389 388
f 388 263 393
f 390 388 392
f 395 256 255
f 396 395 389
f 398 399 400
f 399 401 402
f 400 402 404
f 397 400 403
f 407 398 397
f 408 409 398
f 409 410 399
f 412 413 414
f 415 416 413
f 413 417 418
f 416 419 417
f 421 422 423
f 425 426 421
f 426 427 422
f 424 421 420
f 429 430 431
f 432 433 430
f 435 429 428
f 436 432 429
f 430 437 438
f 433 439 437
f 441 442 443
f 442 444 445
f 440 443 447
f 443 445 448
f 449 450 442
f 452 449 441
f 451 441 440
f 450 454 444
f 455 456 450
f 457 455 449
f 456 458 454
f 459 460 458
f 460 461 462
f 458 462 463
f 465 466 467
f 468 469 464
f 467 466 470
f 472 465 464
f 469 473 471
f 475 476 477
f 476 475 479
f 481 475 474
f 475 481 482
f 476 483 484
f 483 476 478
f 483 32 31
f 32 483 485
f 488 489 490
f 492 488 487
f 487 490 494
f 491 487 493
f 497 498 499
f 500 501 496
f 503 497 496
f 501 504 502
f 506 507 508
f 505 508 510
f 512 506 505
f 511 505 509
f 507 514 515
f 508 515 516
f 514 517 518
f 515 518 519
f 520 521 507
f 522 520 506
f 521 523 514
f 523 524 517
f 525 526 521
f 527 525 520
f 526 528 523
f 401 529 530
f 402 530 531
f 530 532 533
f 529 534 532
f 535 536 529
f 410 535 401
f 538 539 540
f 539 541 542
f 540 542 544
f 537 540 543
f 546 547 548
f 550 545 551
f 552 546 545
f 545 548 553
f 555 556 557
f 559 555 554
f 560 561 556
f 562 560 555
f 564 565 566
f 568 564 563
f 563 270 269
f 566 569 270
f 571 572 573
f 574 575 570
f 570 575 576
f 149 577 578
f 150 578 580
f 577 581 582
f 578 582 583
f 152 584 577
f 147 150 579
f 587 588 589
f 589 591 592
f 590 593 594
f 594 595 586
f 588 596 591
f 28 597 598
f 599 597 28
f 598 597 599
f 602 585 603
f 153 147 585
f 585 579 604
f 606 602 601
f 607 153 602
f 601 603 609
f 605 601 608
f 612 613 614
f 615 616 613
f 613 617 618
f 616 619 617
f 621 622 623
f 624 625 622
f 622 625 627
f 623 622 626
f 630 631 632
f 629 632 634
f 636 629 633
f 637 630 629
f 639 640 641
f 641 640 643
f 638 641 645
f 645 641 642
f 648 649 650
f 651 652 649
f 654 648 647
f 655 651 648
f 264 272 656
f 265 656 657
f 659 660 661
f 663 660 659
f 660 664 665
f 666 664 660
f 668 669 670
f 671 672 667
f 674 668 667
f 672 675 673
f 669 676 677
f 678 671 670
f 680 681 682
f 679 683 684
f 680 684 686
f 685 687 681
f 689 527 522
f 688 522 512
f 692 689 688
f 691 688 690
f 694 695 527
f 696 694 689
f 695 697 525
f 697 698 526
f 700 701 702
f 702 701 704
f 704 701 700
f 707 702 703
f 699 702 707
f 709 710 711
f 713 714 709
f 712 709 610
f 714 715 710
f 717 718 719
f 721 719 718
f 722 723 719
f 716 719 723
f 725 726 694
f 726 727 695
f 729 730 731
f 730 732 733
f 734 735 732
f 736 734 730
f 11 738 739
f 10 740 738
f 737 741 12
f 743 744 745
f 642 643 744
f 643 746 747
f 744 747 748
f 750 751 752
f 754 750 749
f 750 754 756
f 751 750 755
f 757 758 759
f 760 761 758
f 758 762 763
f 761 764 762
f 766 767 768
f 769 770 765
f 770 771 772
f 773 766 765
f 767 774 775
f 776 769 768
f 775 774 777
f 135 778 779
f 778 780 781
f 782 783 778
f 783 784 780
f 786 787 788
f 790 787 786
f 792 786 785
f 789 786 792
f 787 794 782
f 795 794 787
f 797 798 799
f 798 797 801
f 803 798 800
f 798 803 804
f 806 807 808
f 808 807 810
f 810 807 806
f 805 808 813
f 813 808 809
f 816 817 818
f 815 820 821
f 818 25 820
f 822 816 815
f 824 825 826
f 826 825 828
f 828 825 824
f 831 717 716
f 833 830 834
f 835 831 830
f 830 716 724
f 796 799 717
f 799 804 718
f 837 838 839
f 839 840 841
f 841 842 837
f 844 797 796
f 843 796 831
f 846 847 848
f 845 849 850
f 242 243 847
f 846 850 244
f 852 853 854
f 856 852 851
f 857 858 853
f 859 857 852
f 861 862 863
f 865 861 860
f 431 438 861
f 438 866 862
f 268 757 567
f 275 760 757
f 867 868 869
f 869 870 371
f 868 858 857
f 857 871 870
f 873 874 875
f 875 874 877
f 872 875 879
f 879 875 876
f 874 881 882
f 883 881 874
f 603 604 884
f 886 887 888
f 887 889 890
f 891 892 887
f 892 893 889
f 885 888 895
f 888 890 896
f 894 895 898
f 895 896 899
f 901 886 885
f 902 891 886
f 900 885 894
f 905 901 900
f 906 902 901
f 904 900 903
f 909 906 905
f 908 905 904
f 912 913 914
f 915 916 913
f 914 913 918
f 913 916 919
f 921 922 923
f 122 924 922
f 922 925 926
f 924 927 925
f 929 921 920
f 119 122 921
f 930 931 225
f 931 932 933
f 225 933 934
f 221 935 936
f 937 930 226
f 939 940 941
f 943 944 939
f 944 945 940
f 942 939 938
f 948 949 950
f 952 948 947
f 947 950 954
f 951 947 953
f 957 691 693
f 693 690 959
f 956 693 958
f 961 692 691
f 962 963 572
f 571 576 964
f 965 966 963
f 962 964 967
f 572 968 969
f 970 574 573
f 972 973 974
f 971 974 976
f 973 977 978
f 974 978 979
f 981 971 975
f 982 972 971
f 984 985 986
f 8 987 985
f 988 984 983
f 4 8 984
f 985 989 884
f 987 990 989
f 823 826 547
f 991 823 546
f 992 824 823
f 994 995 996
f 993 996 998
f 998 996 1000
f 996 995 1001
f 1003 722 721
f 1002 721 720
f 1006 1007 752
f 1009 1006 1005
f 1005 752 339
f 1008 1005 338
f 1012 1013 1014
f 1013 1015 1016
f 1014 1017 1018
f 1016 1019 1017
f 1020 827 1013
f 827 828 1015
f 1022 1023 1024
f 1026 1022 1021
f 1021 1024 735
f 1025 1021 734
f 1028 1029 1030
f 1031 1032 1033
f 1034 1031 1029
f 1029 1033 1035
f 1027 1030 1037
f 1039 1027 1036
f 1040 1028 1027
f 1042 1043 1044
f 43 1045 1043
f 44 43 1042
f 1046 1042 1041
f 326 327 1049
f 328 326 1048
f 1051 612 611
f 1052 615 612
f 611 614 1054
f 581 611 1053
f 1055 1052 1051
f 584 1051 581
f 1057 941 1058
f 938 941 1057
f 941 940 1060
f 1062 1063 1064
f 1065 1066 1063
f 1068 1065 1062
f 1067 1062 1061
f 1063 1070 1071
f 1064 1071 1073
f 1061 1064 1072
f 1066 101 1070
f 1070 1075 1076
f 1071 1076 1077
f 101 102 1075
f 1075 1078 1079
f 1076 1079 1080
f 556 1081 1082
f 1083 1084 557
f 1084 1085 554
f 1087 1088 1089
f 1086 1089 1091
f 1093 1087 1086
f 1092 1086 1090
f 1095 1096 1097
f 1096 1098 1099
f 1100 1101 1098
f 1102 1100 1096
f 742 745 1104
f 1105 1106 1103
f 1108 742 1103
f 1106 1109 1107
f 1111 1112 1113
f 1110 1113 1115
f 1113 1116 1117
f 1112 1118 1116
f 1082 1081 1119
f 1121 1122 1123
f 1124 841 1122
f 1122 1125 1126
f 841 840 1125
f 1128 1121 1120
f 1120 1123 1130
f 1127 1120 1129
f 1133 1020 1012
f 105 1132 1134
f 109 1133 1132
f 1132 1012 1011
f 1136 1137 1138
f 1139 1140 1141
f 1137 1141 1142
f 1143 1139 1137
f 911 914 1145
f 1145 914 917
f 1148 1145 1146
f 1144 1145 1148
f 1151 1152 1153
f 1154 1155 1150
f 1152 1156 1157
f 1158 1154 1153
f 1160 1161 1162
f 1163 1164 1161
f 1164 1165 1166
f 1161 1166 1167
f 1169 1160 1159
f 1170 1163 1160
f 1172 1169 1168
f 1173 1170 1169
f 1175 1151 1150
f 1155 1176 1174
f 1177 706 565
f 706 703 1178
f 565 1178 1179
f 838 1180 1181
f 1181 1182 840
f 1184 1185 1186
f 1185 1188 1189
f 1190 1188 1185
f 1186 1185 1187
f 1193 1194 1195
f 1192 1196 1197
f 1193 1197 1199
f 1198 1200 1194
f 1192 1195 1202
f 1201 1203 1196
f 1204 1203 1201
f 1135 1138 1206
f 1135 1207 1208
f 1205 1209 1207
f 1085 1210 558
f 1212 1213 1214
f 1213 1215 1216
f 665 48 1213
f 48 46 1215
f 1211 1214 1218
f 1214 1216 1219
f 1205 1206 289
f 285 288 1209
f 1221 1222 1223
f 1225 1221 1220
f 1226 1227 1222
f 1228 1226 1221
f 1220 1223 1230
f 1224 1220 1229
f 1229 1230 1233
f 1231 1229 1232
f 1236 1237 1238
f 1240 1236 1235
f 1239 1235 1241
f 1235 1238 1242
f 1244 1245 1246
f 1248 1244 1243
f 1245 1244 1250
f 1244 1248 1251
f 1252 1253 197
f 196 1254 1240
f 1255 1256 1253
f 1252 1240 1239
f 1258 1259 1260
f 1260 1261 1262
f 1264 1258 1257
f 1257 1262 1265
f 1259 1266 1267
f 1267 1268 1261
f 1270 1271 1272
f 1272 1271 145
f 1269 1272 1019
f 1019 1272 144
f 145 1271 1270
f 195 1274 1254
f 587 1275 678
f 677 1276 588
f 586 595 1275
f 676 1277 1276
f 1278 1279 1277
f 1279 1280 1281
f 1277 1281 1282
f 1 4 988
f 1285 1 1283
f 1001 2 1
f 1287 1288 1289
f 1290 1291 1287
f 1286 1289 671
f 1275 1290 1286
f 1292 1293 466
f 466 1293 1294
f 1295 1296 1293
f 1293 1296 1297
f 1296 1295 1299
f 1298 1300 1301
f 1296 1301 1302
f 1304 1305 1306
f 1303 1306 1308
f 1306 67 66
f 1305 1309 67
f 1310 1311 943
f 1311 1312 944
f 746 943 942
f 1313 1088 1087
f 1089 1088 1313
f 1316 1317 1318
f 1317 1319 1320
f 1315 1318 1322
f 1318 1320 1323
f 1324 1177 564
f 1326 1327 1328
f 1325 1329 1330
f 1325 1328 1332
f 1331 1333 1329
f 1334 1335 1319
f 1336 1334 1317
f 1337 1338 1339
f 1338 1340 1341
f 1339 1342 35
f 1341 1343 1342
f 1344 1345 1338
f 1345 1346 1340
f 1347 1348 1345
f 1344 1349 1350
f 1337 486 1349
f 1348 1351 1346
f 332 335 80
f 86 80 335
f 1352 335 334
f 1354 1355 1356
f 1353 1356 1358
f 1360 1353 1357
f 1361 1354 1353
f 1363 412 411
f 1364 415 412
f 1321 1365 1366
f 1315 1366 1367
f 1369 1370 1371
f 1370 1372 1373
f 1368 1371 1375
f 1371 1373 1376
f 1378 1379 1380
f 1382 1378 1377
f 1381 1377 1384
f 1377 1380 1385
f 1386 1387 1372
f 1388 1386 1370
f 1390 1391 1392
f 1391 1393 1394
f 1395 1396 1393
f 1397 1395 1391
f 1389 1392 1399
f 1392 1394 1400
f 1398 1399 1402
f 1399 1400 1403
f 1405 1389 1398
f 1406 1390 1389
f 1404 1398 1401
f 136 779 1408
f 779 781 1409
f 788 782 135
f 703 704 1410
f 1178 1410 1411
f 1411 1410 1413
f 1410 704 705
f 1414 1415 469
f 468 470 1416
f 14 15 1418
f 15 17 1419
f 1420 1421 200
f 1421 1422 199
f 63 1424 1425
f 60 63 1423
f 1423 1425 1428
f 1426 1423 1427
f 62 1430 1424
f 1432 1433 1434
f 1431 1434 1436
f 1438 1431 1435
f 1439 1432 1431
f 1283 988 252
f 1440 253 252
f 1442 1443 1444
f 1445 1446 1443
f 1448 1442 1441
f 1449 1445 1442
f 547 826 827
f 548 547 1020
f 1451 1452 1453
f 1452 1454 1455
f 1450 1453 1457
f 1453 1455 1128
f 1458 1459 1452
f 1461 1458 1451
f 1460 1451 1450
f 1459 1463 1454
f 1465 1466 1467
f 1464 1467 1469
f 1471 1465 1464
f 1470 1464 1468
f 1474 1045 1475
f 1473 1475 1477
f 1045 43 42
f 1475 42 50
f 949 1474 1473
f 1094 1473 1476
f 1094 1097 1478
f 336 332 79
f 1479 79 78
f 1482 336 1479
f 1481 1479 1480
f 1467 1484 1485
f 1466 1486 1484
f 849 659 658
f 662 659 849
f 1489 1490 1491
f 1488 1492 1493
f 378 1494 1490
f 1489 1493 376
f 1496 1497 1498
f 1497 1499 1500
f 1501 1502 1497
f 1502 1503 1499
f 373 1504 1505
f 372 1506 1504
f 1504 1507 1508
f 1506 1509 1507
f 1511 1512 1513
f 1512 1514 1515
f 1516 1517 1512
f 1517 1518 1514
f 1513 1515 1520
f 1510 1513 1519
f 1523 1516 1511
f 1524 1525 1517
f 1526 1524 1516
f 1522 1511 1510
f 1529 1523 1522
f 1528 1522 1527
f 1531 337 336
f 1010 338 337
f 1533 1010 1531
f 1532 1531 1482
f 604 1535 986
f 1535 1440 983
f 1537 1538 1539
f 1536 1540 1541
f 1537 1541 1543
f 1542 1544 1538
f 1536 1539 1546
f 1545 1547 1540
f 1044 1549 1550
f 1043 1551 1549
f 1041 1044 1548
f 1554 1555 1556
f 1558 1555 1554
f 1555 1559 1560
f 1561 1559 1555
f 1557 1554 1563
f 1563 1554 1553
f 1562 1563 1566
f 1566 1563 1564
f 1565 1566 1569
f 1569 1566 1567
f 1572 1573 1574
f 1573 1575 1576
f 1416 1577 1573
f 1577 1578 1575
f 1474 949 948
f 949 1478 1579
f 1581 1582 1583
f 1584 1585 1580
f 1582 1050 1586
f 1587 1584 1583
f 1585 380 379
f 1588 1581 1580
f 1590 1591 1592
f 1594 1590 1589
f 1595 1596 1591
f 1597 1595 1590
f 1589 1592 1599
f 1593 1589 1598
f 1601 1544 1542
f 1603 1604 1605
f 1604 1587 1586
f 1606 1607 1604
f 1607 1608 1587
f 1610 1304 1303
f 1609 1303 1307
f 1613 1304 1610
f 1612 1610 774
f 774 1610 1609
f 1615 1616 1617
f 1614 1617 1619
f 1617 1620 1621
f 1616 1622 1620
f 1624 1615 1614
f 1625 1626 1615
f 1626 1627 1616
f 1623 1614 1618
f 1630 1631 1632
f 1632 1631 1634
f 1636 1632 1633
f 1629 1632 1636
f 1638 1639 1152
f 1639 1640 1156
f 1641 1642 1640
f 1643 1641 1639
f 1644 1638 1151
f 1646 1647 1648
f 1649 1650 1647
f 1650 1651 418
f 1647 418 417
f 1653 1105 1104
f 745 748 1652
f 1298 1299 1655
f 1295 1656 1657
f 1299 1657 1658
f 1654 1659 1300
f 1661 1662 1663
f 1574 1576 1662
f 740 1661 1660
f 1571 1574 1661
f 1556 1560 1665
f 1553 1556 1664
f 1667 696 692
f 1668 725 696
f 199 1422 1274
f 201 1669 1670
f 203 1671 1669
f 1093 1672 1288
f 1288 628 1673
f 1672 623 628
f 1675 1656 1676
f 1674 1676 472
f 1679 1675 1674
f 1678 1674 1677
f 1656 1295 1292
f 1676 1292 465
f 1656 1675 1681
f 1657 1681 1682
f 1663 1684 1685
f 1683 1685 1687
f 1685 1688 1689
f 1684 1690 1688
f 1662 1691 1684
f 1660 1663 1683
f 1634 1631 1630
f 1693 1694 1582
f 1694 328 1050
f 1696 451 453
f 453 440 446
f 1695 453 1697
f 1699 452 451
f 1700 457 452
f 1701 459 456
f 923 926 1703
f 926 1704 1705
f 925 1706 1704
f 920 923 1702
f 928 920 1707
f 1708 1707 1710
f 1707 1702 1711
f 640 1310 746
f 1712 1310 640
f 1713 1311 1310
f 1659 134 133
f 1714 1715 1659
f 1715 791 134
f 1417 1572 1571
f 14 1571 740
f 1717 1718 1719
f 1718 1720 562
f 1716 1719 1722
f 1719 562 559
f 1723 1724 1718
f 1724 1725 1720
f 1726 1727 1724
f 1727 1728 1725
f 1730 1731 1732
f 1734 1732 1731
f 1736 1732 1734
f 1737 1738 1732
f 1738 1739 1729
f 1686 1687 726
f 1687 1689 727
f 1328 1740 1741
f 1740 1742 1743
f 1741 1743 1745
f 1332 1741 1744
f 1748 956 960
f 1750 1748 1747
f 1749 1747 1365
f 1747 960 1449
f 1752 1753 1754
f 1753 1755 1756
f 1754 1756 1758
f 1751 1754 1757
f 1761 1753 1752
f 1763 1752 1751
f 1760 1752 1763
f 1764 1755 1753
f 1755 1765 1766
f 1767 1765 1755
f 1769 1770 1771
f 1770 1772 1773
f 1774 1775 1770
f 1775 1776 1772
f 1768 1771 1778
f 1771 1773 1779
f 1756 1766 1780
f 1766 1781 1782
f 1765 1783 1781
f 1785 994 993
f 1784 993 997
f 1788 1789 1790
f 1787 1790 1792
f 1794 1788 1787
f 1793 1787 1791
f 1789 1796 1797
f 1790 1797 1798
f 129 137 1789
f 126 129 1788
f 1799 1800 1327
f 1326 1330 1801
f 1802 1803 1105
f 1804 1805 1803
f 1807 1804 1802
f 1806 1802 1653
f 1810 1811 1812
f 1813 1814 1811
f 1811 1815 1816
f 1814 1817 1815
f 1819 1810 1809
f 1820 1813 1810
f 842 1821 1822
f 1822 1823 838
f 1825 1826 1827
f 1828 1827 1826
f 1826 1825 497
f 1830 1831 1832
f 1834 1835 1832
f 1831 1836 1833
f 1835 1837 1829
f 853 1111 1110
f 854 1110 1114
f 1777 1778 1840
f 1842 1777 1839
f 1841 1839 1844
f 1839 1840 1845
f 1265 1847 1848
f 1262 1849 1847
f 1847 1850 1613
f 1849 1851 1850
f 631 1852 1853
f 1854 1855 631
f 1855 1735 1852
f 632 1853 1856
f 1858 1859 1860
f 1859 1861 1862
f 1860 1862 1864
f 1857 1860 1863
f 1866 1867 1868
f 1870 1867 1866
f 1191 1187 1869
f 561 1763 1081
f 1872 1873 1874
f 1873 1872 1876
f 1877 1878 1879
f 1871 1880 1877
f 1872 1879 1881
f 1882 1883 1023
f 625 1883 1882
f 1023 1883 625
f 1885 1886 1606
f 1886 1887 1607
f 1888 1889 1886
f 1889 1890 1887
f 1455 1124 1121
f 1493 867 377
f 1892 177 1893
f 1894 178 177
f 177 180 1895
f 1033 1894 1892
f 1035 1892 1891
f 1898 1899 1900
f 1897 1900 1902
f 1899 1903 1904
f 1900 1904 1905
f 1090 1091 1907
f 617 1906 1908
f 1906 1907 1909
f 619 1090 1906
f 1910 605 610
f 710 1911 1912
f 1913 1910 711
f 1915 1916 1917
f 1914 1917 1919
f 1917 1920 1921
f 1916 1922 1920
f 1924 1925 1926
f 1928 1924 1923
f 1929 1930 1924
f 1930 1931 1925
f 1488 1491 1139
f 1143 1932 1492
f 1934 1565 1568
f 1935 1562 1565
f 1937 1934 1933
f 1938 1935 1934
f 1940 813 814
f 812 813 1940
f 1327 1941 1740
f 1941 1942 1742
f 1800 1943 1941
f 1943 1944 1942
f 1291 1087 1093
f 1945 1313 1291
f 1947 1948 1949
f 1946 1949 761
f 1951 1947 1946
f 1950 1946 760
f 1948 1952 1953
f 1949 1953 764
f 1954 1955 1948
f 1955 1956 1952
f 190 192 1957
f 1959 1960 1957
f 192 194 1958
f 1960 1961 251
f 1923 1926 1963
f 1926 1964 1965
f 1925 1966 1964
f 1962 1963 1967
f 1963 1965 1968
f 1927 1923 1962
f 1970 1971 182
f 1971 1972 1973
f 182 1973 1974
f 47 1976 1977
f 44 1978 1976
f 46 47 1975
f 749 752 1980
f 753 749 1979
f 1983 1984 1985
f 1984 1986 1987
f 1988 1989 1986
f 1990 1988 1984
f 422 1204 1202
f 1195 1991 423
f 1991 1352 420
f 1993 1994 1995
f 1992 1996 1997
f 1998 1999 1994
f 1993 1997 2000
f 2001 1996 1992
f 2003 2004 2005
f 2004 2006 2007
f 2008 2009 2004
f 2009 2010 2006
f 2002 2005 2012
f 2005 2007 2013
f 2011 2012 2015
f 2012 2013 2016
f 2014 2017 2018
f 2011 2018 2019
f 1197 2020 2021
f 1199 2021 2023
f 1198 1199 2022
f 2021 2025 2026
f 2020 2027 2025
f 2029 872 878
f 2028 878 2031
f 878 879 2032
f 2033 873 872
f 1801 957 956
f 1799 1801 1748
f 1322 1323 2035
f 2034 2035 2037
f 1323 2038 2039
f 2035 2039 2040
f 860 863 2042
f 864 860 2041
f 2045 2046 2047
f 2044 2047 2049
f 2051 2044 2048
f 2052 2045 2044
f 52 241 2053
f 664 49 48
f 2055 2056 2057
f 2059 2055 2054
f 2060 2061 2056
f 2016 2060 2055
f 2054 2057 2063
f 2058 2054 2062
f 2065 2066 1007
f 2067 2065 1006
f 2068 2069 2066
f 2070 2068 2065
f 2072 2073 2074
f 2076 2072 2071
f 2071 2074 2078
f 2075 2071 2077
f 2080 2081 2072
f 2081 2082 2073
f 385 550 549
f 112 2083 386
f 110 112 549
f 1284 1283 245
f 1961 1284 248
f 817 2084 2085
f 2086 2087 2084
f 2088 2086 817
f 1091 2089 2090
f 1089 2091 2089
f 2089 2092 2093
f 2091 2094 2092
f 2096 911 1144
f 2097 912 911
f 2099 2100 2101
f 2103 2104 2099
f 2102 2099 2098
f 2104 2106 2100
f 2108 1601 1543
f 1541 2109 2107
f 2111 2108 2107
f 2109 2112 2110
f 2114 1273 2115
f 2117 2114 2113
f 2113 2115 2119
f 2116 2113 2118
f 2122 2123 2026
f 2123 2124 2023
f 2025 2125 2121
f 2127 2128 1428
f 1427 1428 2128
f 2126 1428 1425
f 2131 743 742
f 1675 1679 2132
f 1681 2132 2133
f 2133 2132 2135
f 2132 1679 2136
f 1678 2137 2138
f 1680 2139 2137
f 1300 133 132
f 1301 132 2140
f 2084 205 204
f 2085 204 212
f 2085 26 25
f 27 26 2085
f 2142 991 552
f 2143 992 991
f 2145 2143 2142
f 2144 2142 387
f 2147 1456 2148
f 1456 1457 2149
f 2146 2148 2151
f 2148 2149 2152
f 1462 1450 1456
f 1690 1462 2147
f 1688 2147 2146
f 2154 2155 2156
f 2153 2156 2158
f 2018 2154 2153
f 2019 2153 2157
f 2156 2160 2161
f 2155 2162 2160
f 2160 2163 2164
f 2161 2164 2166
f 2158 2161 2165
f 2164 2168 2169
f 2163 2170 2168
f 2172 1830 1829
f 2173 2174 1830
f 2174 2175 1831
f 2177 2172 2171
f 2178 2173 2172
f 2180 2177 2176
f 2181 2178 2177
f 2182 2183 2176
f 2183 2184 2179
f 2185 1278 676
f 2186 2185 669
f 1053 1054 249
f 582 1053 254
f 583 254 253
f 1356 2187 2188
f 1355 2189 2187
f 1358 2188 1158
f 2188 2191 1154
f 2187 2192 2191
f 1437 1435 2194
f 2193 2194 2195
f 2194 2196 2197
f 1435 1436 2196
f 494 2199 2200
f 2199 1858 1857
f 490 1858 2199
f 2200 2199 2201
f 2204 2205 2206
f 2205 2117 2116
f 2207 2208 2117
f 2209 2207 2205
f 1778 1779 1913
f 2210 1768 1777
f 1049 2211 2212
f 2213 1603 1602
f 1048 1049 1602
f 2215 2216 2217
f 2214 2217 2219
f 2217 2220 2221
f 2216 405 2220
f 2223 2224 2225
f 2226 2227 2222
f 2229 2223 2222
f 2227 2230 2228
f 2232 2226 2225
f 2224 1721 2231
f 2234 2235 2236
f 2238 2234 2233
f 2234 2238 2240
f 2235 2234 2239
f 2243 2244 2245
f 2244 2246 2247
f 2248 1939 2244
f 1939 814 2246
f 2242 2245 2250
f 2245 2247 2251
f 1933 1568 2253
f 1568 1569 2254
f 2255 1269 1273
f 2256 1270 1269
f 2258 2259 2260
f 2241 2239 2257
f 2262 2258 2257
f 2239 2240 2261
f 1056 2263 1059
f 876 877 2265
f 877 882 2266
f 292 295 2268
f 754 293 292
f 756 292 2267
f 439 2270 2271
f 437 2271 866
f 2273 2274 2275
f 2272 2275 2277
f 2275 2278 2279
f 2274 2280 2278
f 2282 2273 2272
f 2283 2284 2273
f 2284 2285 2274
f 2281 2272 2276
f 2288 2281 2286
f 2289 2282 2281
f 940 945 2290
f 728 731 2292
f 1208 729 728
f 1932 728 2291
f 2294 2295 2296
f 2296 2295 1177
f 1324 2297 2293
f 2298 2299 2300
f 295 300 2298
f 2299 2298 300
f 999 1000 2303
f 1000 1001 1285
f 2302 2303 1961
f 2303 1285 1284
f 1422 2304 2305
f 1550 2304 1422
f 1549 952 2304
f 2304 952 951
f 1905 1730 1729
f 1739 1841 1843
f 1902 1905 1843
f 989 2306 609
f 2308 1726 1723
f 2307 1723 1717
f 2310 2311 1333
f 1331 1332 1746
f 737 739 2311
f 2310 1746 741
f 1469 1485 1959
f 1485 2302 1960
f 1484 999 2302
f 2314 2315 2316
f 2315 2317 2318
f 1975 1977 2315
f 1977 2319 2317
f 2313 2316 2321
f 2316 2318 2322
f 1216 2314 2313
f 1215 1975 2314
f 1219 2313 2320
f 1454 2324 1124
f 1463 2325 2324
f 2325 1821 842
f 2324 842 841
f 146 1270 2256
f 59 2326 2327
f 143 146 2326
f 2326 2256 2328
f 2330 2331 2332
f 2331 2333 2334
f 2329 2332 2336
f 2332 2334 2337
f 2339 2340 2341
f 2340 2339 2343
f 2345 2340 2342
f 2340 2345 2346
f 2348 2339 2338
f 2339 2348 1649
f 2350 2351 2352
f 2349 2352 1641
f 2352 2353 1642
f 2351 2354 2353
f 2356 2357 2350
f 2357 2358 2351
f 2359 2360 2357
f 2360 2361 2358
f 2355 2350 2349
f 2362 2349 1643
f 2365 2355 2362
f 2366 2356 2355
f 2364 2362 2363
f 1985 1987 2369
f 1982 1985 2368
f 2372 2373 2374
f 2371 2374 2376
f 2374 2377 2378
f 2373 2379 2377
f 272 2380 2381
f 656 2381 2382
f 175 2383 2384
f 174 2385 2383
f 2387 174 167
f 2386 167 166
f 682 2390 2391
f 681 2392 2390
f 679 682 2389
f 2392 2393 2394
f 2390 2394 1990
f 2395 2396 2372
f 2396 2397 2373
f 2139 2372 2371
f 1056 1058 2399
f 2398 2399 593
f 2399 2400 2401
f 1058 1060 2400
f 210 211 2403
f 212 210 2402
f 2400 2405 2406
f 1060 2290 2405
f 2290 2407 2094
f 2405 2094 2091
f 2408 394 1505
f 2297 2408 1508
f 1507 2294 2293
f 394 392 375
f 2410 2411 2412
f 2411 2410 2414
f 2411 2415 2416
f 2415 2411 2413
f 2418 2414 2410
f 2419 1420 202
f 2421 2422 2423
f 2420 2424 2425
f 2426 2427 2424
f 2420 2423 2428
f 2421 2425 2430
f 2429 1698 2422
f 1050 1048 1605
f 120 2431 2432
f 2431 1636 1635
f 2432 1635 927
f 121 2432 924
f 2434 2435 2436
f 2437 2438 2439
f 2435 2439 2440
f 2441 2437 2435
f 1312 2442 945
f 1134 2443 2444
f 2445 2446 106
f 2446 2447 107
f 2449 2450 2451
f 2451 2453 2454
f 2450 2455 2453
f 2448 2451 2452
f 2457 538 537
f 2458 2043 538
f 2043 2041 539
f 2459 2460 2338
f 2460 2461 2347
f 2462 2463 1928
f 2463 2464 1929
f 2039 115 124
f 2040 124 2465
f 2465 124 123
f 138 141 2468
f 2468 141 142
f 2470 2471 891
f 2471 2472 892
f 2473 2470 902
f 2474 2475 2470
f 2475 2476 2471
f 2477 2473 906
f 2478 2474 2473
f 1576 2479 1691
f 1803 2480 1106
f 1805 2481 2480
f 2480 2482 1109
f 2481 2483 2482
f 2485 2367 2486
f 2367 2363 1644
f 2487 2364 2367
f 2484 2486 2488
f 2486 1644 1175
f 2490 2487 2485
f 2489 2485 2484
f 2493 2490 2489
f 2494 2495 2490
f 2495 2496 2487
f 2492 2489 2491
f 2499 2493 2492
f 2500 2494 2493
f 2498 2492 2497
f 2501 2497 2226
f 2497 2491 2227
f 1222 2502 2503
f 1227 2504 2502
f 1223 2503 2505
f 2506 2507 1226
f 2507 2508 1227
f 2510 2511 2512
f 2509 2512 2514
f 2511 2515 2516
f 2512 2516 2517
f 2519 2510 2509
f 2520 2521 2510
f 2521 2522 2511
f 2524 1224 1231
f 2526 2524 2523
f 2525 2523 2528
f 2523 1231 1234
f 1987 2215 2214
f 2529 406 2216
f 1986 2529 2215
f 296 298 2531
f 298 299 2532
f 2533 120 116
f 2534 2431 120
f 2536 2537 2101
f 2537 2237 2098
f 2538 2539 2537
f 2539 2238 2237
f 2541 2542 2543
f 2540 2543 1903
f 2543 2544 2545
f 2542 2546 2544
f 2548 2549 2550
f 2549 1368 1374
f 2547 2550 2552
f 2550 1374 2553
f 1115 1117 1820
f 1117 2555 1813
f 1116 2556 2555
f 1206 2557 674
f 1138 1142 2557
f 2038 116 115
f 2559 645 646
f 644 645 2559
f 2562 2236 2541
f 2233 2236 2562
f 2236 2235 2542
f 2564 2415 2417
f 2415 2564 2565
f 2564 2566 2567
f 2566 2564 2563
f 1268 1267 1266
f 2569 1266 533
f 531 533 1266
f 2572 1268 2569
f 2571 2569 2570
f 809 810 2575
f 814 809 2574
f 2574 2575 1411
f 2246 2574 2576
f 793 792 2578
f 2578 792 791
f 785 788 131
f 1808 1653 1652
f 748 946 2579
f 2398 2580 2263
f 306 2134 2581
f 305 2133 2134
f 278 2581 2582
f 2584 2585 2586
f 2585 1438 1437
f 2588 1438 2585
f 2587 2585 2584
f 2014 2015 2591
f 2015 2016 2059
f 2592 2593 2594
f 2590 2594 2017
f 2590 2591 2595
f 2597 2598 2599
f 1016 1015 2598
f 2115 1016 2597
f 2119 2597 2596
f 2598 829 2601
f 1015 828 829
f 2602 2603 1700
f 2604 2605 2603
f 2602 2606 2607
f 2456 2452 2606
f 2609 2610 2611
f 2608 2611 2613
f 2615 2608 2612
f 2616 2609 2608
f 2618 6 5
f 2620 2618 2617
f 2621 2622 2618
f 2622 9 6
f 498 2623 2624
f 2625 500 499
f 2627 2625 2624
f 2623 2628 2626
f 1200 2629 2630
f 1194 2630 1991
f 2629 82 86
f 2630 86 1352
f 188 2631 2632
f 1909 2633 188
f 2633 2634 2631
f 1706 2248 2243
f 2635 1940 1939
f 2636 2635 2248
f 1640 2637 2638
f 1642 2639 2637
f 2637 2640 2641
f 2639 2642 2640
f 2643 2644 2408
f 2644 390 394
f 936 935 2645
f 1551 948 952
f 2646 2647 990
f 2647 1147 2648
f 990 2648 2306
f 2650 1149 2651
f 2649 2651 2653
f 1149 1148 2654
f 2651 2654 2655
f 1599 2657 2181
f 2657 2658 2178
f 1592 2659 2657
f 2659 2660 2658
f 2656 2181 2180
f 2663 2656 2661
f 1598 1599 2656
f 1999 2663 2662
f 1600 1598 2663
f 1147 1146 713
f 1146 917 714
f 2047 2664 2665
f 2664 2666 2667
f 2046 2668 2664
f 2668 2669 2666
f 1156 2638 2670
f 2638 2641 2671
f 732 735 2672
f 2672 2673 2674
f 735 1024 2673
f 1118 2672 2556
f 2665 2667 2676
f 2675 2676 2678
f 2676 2679 2680
f 2667 2681 2679
f 2049 2665 2675
f 2682 2675 2677
f 1403 2288 2287
f 1400 2289 2288
f 2684 2287 2686
f 2287 2286 2687
f 2685 2686 2689
f 2686 2687 2690
f 1402 1403 2684
f 2693 2694 2695
f 2694 2696 383
f 2695 383 380
f 2692 2695 1585
f 2697 2698 2694
f 2698 2699 2696
f 590 592 2580
f 1018 139 138
f 1017 144 139
f 658 661 2701
f 850 658 2700
f 84 2703 2704
f 2703 84 83
f 85 84 2702
f 2707 2703 2705
f 2703 2707 2708
f 2710 1183 1868
f 1191 1868 1183
f 2709 1868 1867
f 2603 2712 457
f 2605 2713 2712
f 1856 1861 1859
f 1853 2714 1861
f 634 1856 489
f 477 484 2716
f 484 31 37
f 2715 2716 2717
f 2716 37 2718
f 474 477 2715
f 480 474 2719
f 2456 1700 1699
f 2712 1701 455
f 2713 1759 1701
f 2722 2395 2723
f 1677 472 471
f 473 2722 2721
f 1680 1677 2721
f 2724 915 912
f 2104 2103 915
f 2103 2725 916
f 489 1859 1858
f 2727 2728 2729
f 2730 2731 2728
f 2733 2730 2727
f 2732 2727 2726
f 2731 2735 2736
f 2728 2736 2737
f 1176 2738 2739
f 2488 1175 1174
f 1823 1822 1821
f 1011 1018 2443
f 2741 733 1112
f 733 732 1118
f 2369 2214 2218
f 2368 2369 2742
f 2743 2742 2745
f 2218 773 772
f 771 2745 2742
f 2747 2748 2749
f 2748 2750 2751
f 2752 2753 2748
f 2753 2754 2750
f 2746 2749 2756
f 2749 2751 2757
f 2755 2756 2759
f 2756 2757 2760
f 2758 2759 2762
f 2759 2760 2763
f 2765 2747 2746
f 2766 2752 2747
f 2764 2746 2755
f 2767 2755 2758
f 2770 2765 2764
f 2771 2766 2765
f 2769 2764 2767
f 1253 2773 203
f 132 126 1794
f 2375 2376 2775
f 2376 2378 2776
f 2775 2776 2778
f 2774 2775 2777
f 2137 2371 2375
f 2138 2375 2774
f 2190 1158 1157
f 2781 2190 2670
f 2641 2111 2110
f 2112 2781 2671
f 1762 1751 1759
f 1119 1762 2713
f 1081 1763 1762
f 1083 1119 2605
f 2604 2607 1084
f 2782 2783 2460
f 2785 2786 2783
f 2784 2783 2782
f 2783 2786 2461
f 2789 1915 1914
f 2788 1914 1918
f 2791 2792 931
f 2792 2793 932
f 1246 2795 2796
f 1245 2797 2795
f 1243 1246 2794
f 1263 1265 1846
f 2220 1264 1263
f 2800 2801 2802
f 1249 1250 2800
f 2799 2802 2803
f 1824 1249 2799
f 1123 1126 2804
f 2806 2804 1126
f 2805 1126 1125
f 2401 2406 1314
f 1314 1313 1945
f 2406 2091 1089
f 738 1660 1692
f 2809 2810 2069
f 2811 2809 2068
f 2812 2813 2810
f 2814 2812 2809
f 2816 2069 2810
f 2815 2810 2813
f 2818 2819 2812
f 2820 2814 2811
f 2821 2818 2814
f 2819 2822 2813
f 2823 1251 1248
f 2825 2823 1247
f 1247 1243 2798
f 2827 2828 2829
f 2831 2827 2826
f 2826 2829 2833
f 2830 2826 2832
f 2835 2836 2828
f 2837 2835 2827
f 2838 2839 2835
f 2839 2840 2836
f 2841 2842 2839
f 2844 2841 2838
f 2843 2838 2837
f 2793 2846 2847
f 2846 2848 1954
f 2847 1954 1947
f 932 2847 1951
f 2849 2850 1184
f 2851 2849 1183
f 2648 713 712
f 2852 2853 2331
f 2853 2854 2333
f 2855 2856 2853
f 2858 2855 2852
f 2857 2852 2330
f 1596 2859 2860
f 1591 2860 2659
f 25 19 2861
f 820 2861 2862
f 2619 2617 994
f 2617 5 995
f 137 1408 1796
f 1408 1409 2863
f 1796 2863 2864
f 2865 2866 1544
f 2867 2865 1601
f 2580 1806 1808
f 2263 1808 2579
f 705 700 2869
f 2869 700 699
f 2260 2259 2871
f 2872 2873 2475
f 2873 2874 2476
f 2875 2872 2474
f 2389 2391 784
f 784 1983 1982
f 2391 1990 1983
f 739 1692 2876
f 2876 1686 725
f 2268 2300 425
f 2267 425 424
f 2300 2877 426
f 2879 2880 2881
f 2883 2878 2884
f 2878 2881 2885
f 2886 2879 2878
f 2887 2888 2880
f 2888 2889 2890
f 2880 2890 2891
f 2892 2893 2888
f 2893 2167 2889
f 2249 2250 2895
f 2894 2895 2897
f 2250 2251 2898
f 2895 2898 2899
f 2901 2249 2894
f 2900 2894 2896
f 2904 2901 2900
f 2903 2900 2902
f 19 22 2906
f 22 29 2907
f 29 598 2908
f 821 2862 2909
f 2861 2906 2910
f 2862 2910 2911
f 1944 2465 2912
f 2912 2465 2466
f 1942 2912 2913
f 2913 2912 2874
f 71 2909 2914
f 819 821 71
f 2915 955 1237
f 1254 2915 1236
f 2305 951 955
f 1274 2305 2915
f 2917 2918 2919
f 2918 2920 2921
f 2922 2923 2918
f 2923 2924 2920
f 2916 2919 2926
f 2919 2921 2927
f 2377 2917 2916
f 2379 2922 2917
f 2378 2916 2925
f 2929 2930 2931
f 2931 2930 2629
f 2930 83 82
f 2705 83 2930
f 2928 2931 2024
f 2024 2931 1200
f 2306 712 608
f 2933 2232 2231
f 1721 1722 2932
f 2868 2869 2935
f 2935 2869 2870
f 683 2937 2938
f 684 2938 2939
f 2336 2337 2427
f 2426 2428 2940
f 2942 2943 2944
f 975 976 2943
f 976 979 637
f 2943 637 636
f 2640 2945 2111
f 2945 2867 2108
f 2642 2946 2945
f 2946 2947 2867
f 1417 1418 1415
f 1418 1419 2948
f 1415 2948 473
f 1250 1251 2949
f 2949 2950 2801
f 2950 2949 1251
f 1189 2459 2341
f 1188 2782 2459
f 2380 806 805
f 811 806 2380
f 2600 2596 2953
f 2952 2953 433
f 2954 2952 432
f 2955 2600 2952
f 2953 2956 439
f 2596 2599 2956
f 524 2811 2070
f 517 2070 2067
f 528 2820 524
f 698 2957 528
f 2957 2821 2820
f 2208 2255 2114
f 2959 1496 1495
f 2960 1501 1496
f 2962 2960 2959
f 2961 2959 2958
f 2965 1646 1645
f 2343 1649 1646
f 2964 1645 2967
f 2969 2964 2966
f 2970 2965 2964
f 1645 1648 2971
f 518 2067 1009
f 2077 2078 1501
f 2079 2077 2960
f 2312 1959 1958
f 1468 1469 2312
f 2973 2312 2972
f 1637 1636 2431
f 2975 2030 2976
f 2030 2031 2977
f 2974 2976 1503
f 2976 2977 2978
f 2979 2028 2030
f 2980 2029 2028
f 2264 2265 2982
f 2982 2983 2984
f 2981 2984 2986
f 2987 2264 2981
f 2265 2266 2988
f 2988 2989 2983
f 2990 2991 2989
f 2266 2992 2990
f 2993 2066 2069
f 2994 2995 1627
f 2996 2994 1626
f 2997 1970 181
f 55 2053 2998
f 2469 142 56
f 1733 1731 2999
f 3000 1733 2610
f 2610 2999 3001
f 2614 2612 3003
f 2612 2613 3004
f 1350 3006 3007
f 3008 3009 3010
f 3006 3010 3011
f 1349 3008 3006
f 3013 3005 3014
f 1347 1350 3005
f 3005 3007 3015
f 3012 3016 3017
f 3018 3016 3012
f 3020 3021 3018
f 3019 3018 3014
f 3023 3020 3019
f 3022 3019 3015
f 3026 3027 3028
f 3027 2868 2934
f 1412 1413 3027
f 1413 705 2868
f 3025 3028 1165
f 3028 2934 3029
f 3031 3032 3033
f 3034 3035 3030
f 3035 2348 2347
f 2461 3031 3030
f 3037 3038 3039
f 2195 2197 3036
f 2125 2195 3039
f 3038 2122 2121
f 3041 3037 3036
f 3042 3043 3038
f 2538 3042 3037
f 2197 3044 3040
f 794 795 683
f 795 3045 2937
f 649 2329 2335
f 3046 3047 650
f 2940 3046 2335
f 104 3048 3049
f 99 3049 3050
f 3052 3053 3054
f 3053 3055 3056
f 3057 3058 3053
f 3058 3059 3055
f 3051 3054 3061
f 3054 3056 3062
f 3060 3061 3064
f 3061 3062 3065
f 3063 3064 3067
f 3064 3065 3068
f 3070 3051 3060
f 3071 3052 3051
f 3069 3060 3063
f 3072 3063 3066
f 3075 3069 3072
f 3074 3072 3073
f 2720 2719 365
f 3078 480 2720
f 3077 2720 364
f 2719 2715 369
f 2127 481 480
f 1320 2533 2038
f 1319 2534 2533
f 2951 2380 272
f 2381 805 812
f 227 934 274
f 934 1950 275
f 2956 3079 2270
f 3079 2143 2145
f 2270 2145 2699
f 1728 3080 3081
f 1725 3081 3082
f 3083 3084 3080
f 3085 3083 1728
f 3080 1764 1761
f 3081 1761 1760
f 3084 1767 1764
f 3086 3087 1767
f 3088 3086 3084
f 3089 3090 3091
f 741 3089 18
f 1744 1745 3090
f 1746 1744 3089
f 1509 708 2294
f 708 707 2295
f 3092 811 2951
f 569 2951 271
f 162 2095 2650
f 2095 1144 1149
f 163 2650 2649
f 3093 3094 2548
f 3094 3095 2549
f 262 3096 3094
f 3096 3097 3095
f 3098 2936 1506
f 870 3098 372
f 871 3099 3098
f 3099 2935 2936
f 18 3091 3100
f 16 3100 3101
f 2100 3102 2535
f 2535 3102 2418
f 731 733 2741
f 858 2741 1111
f 2292 2741 858
f 3103 2501 2232
f 1359 1357 2781
f 3104 1359 2112
f 1357 1358 2190
f 3106 3107 3108
f 3110 3106 3105
f 3111 3112 3106
f 3112 3113 3107
f 3115 3116 3117
f 844 3115 3114
f 3118 3114 2996
f 3114 3117 2994
f 3121 3122 3123
f 3124 2691 3122
f 3126 3121 3120
f 3127 3124 3121
f 91 92 101
f 95 91 1066
f 102 103 1078
f 3128 1360 1359
f 1547 3128 3104
f 1540 3104 2109
f 2885 1361 1360
f 2891 3129 1354
f 2881 2891 1361
f 3131 3132 2063
f 2057 3133 3130
f 3135 3131 3130
f 3133 3136 3134
f 3132 3137 2062
f 3137 3138 2064
f 1321 1322 2034
f 1749 2034 2036
f 3139 3140 291
f 626 627 3140
f 3140 3141 287
f 627 1882 3141
f 628 626 3139
f 1673 3139 675
f 3143 2308 2307
f 3142 2307 2309
f 3146 3143 3142
f 3145 3142 3144
f 1289 1673 672
f 287 3141 1026
f 675 291 290
f 3141 1882 1022
f 2189 3148 2192
f 2191 3149 1155
f 2192 3150 3149
f 3149 3151 1176
f 3150 3152 3151
f 3153 3154 2284
f 3154 3155 2285
f 3156 3157 3154
f 3157 3158 3155
f 3160 3075 3074
f 3162 3160 3159
f 3163 3164 3160
f 3164 3165 3075
f 3159 3074 3076
f 3161 3159 3166
f 3166 3076 3168
f 2455 3166 3167
f 1414 1416 1572
f 3170 3171 3172
f 3174 3175 3170
f 3173 3170 3169
f 3175 3177 3171
f 3179 1785 1784
f 3180 2619 1785
f 3182 3179 3178
f 3183 3180 3179
f 1518 3184 3185
f 2905 2902 3184
f 2902 2896 3186
f 3184 3186 3187
f 1525 2905 1518
f 1514 3185 3188
f 3190 3191 3192
f 3193 3194 3191
f 3194 1003 1002
f 3191 1002 1004
f 3196 3190 3189
f 3197 3193 3190
f 3189 3192 2463
f 3195 3189 2462
f 3200 2262 2261
f 2240 3201 3199
f 747 942 946
f 3202 184 178
f 3203 2997 184
f 541 1889 1888
f 2042 1890 1889
f 2041 2042 541
f 2738 2229 2228
f 2230 2488 2739
f 1362 3204 3205
f 3204 3206 3207
f 1363 3205 3208
f 3205 3207 3209
f 2422 3210 3211
f 2423 3211 75
f 3210 3212 3213
f 3211 3213 76
f 3090 3214 3215
f 3215 3214 2924
f 3091 3215 3216
f 3216 3215 2923
f 3217 2999 1731
f 1904 3217 1730
f 3129 3218 1355
f 3218 3219 2189
f 3220 3221 3219
f 3222 3220 3218
f 3223 2283 2282
f 3224 3153 2283
f 1210 2933 2932
f 3225 3103 2933
f 1333 1668 1667
f 2311 2876 1668
f 414 418 1651
f 1362 411 3227
f 411 414 3226
f 3229 3230 3231
f 3228 3231 3233
f 3235 3229 3228
f 3234 3228 3232
f 3230 3237 3238
f 3231 3238 3239
f 3240 3241 3230
f 3242 3240 3229
f 3241 3243 3237
f 3245 3246 3247
f 3244 3248 3249
f 3250 3248 3244
f 3245 3249 3252
f 3251 3253 3246
f 3108 3254 3255
f 3254 3256 3257
f 3255 3257 3259
f 3206 3255 3258
f 3107 3260 3254
f 3105 3108 3206
f 3260 3261 3256
f 3113 3262 3260
f 3262 3263 3261
f 3236 3232 3265
f 3266 3267 3264
f 3232 3233 3268
f 3269 3266 3265
f 3271 3234 3236
f 3270 3236 3264
f 1874 3235 3234
f 3274 3275 3276
f 3278 3274 3273
f 3273 3276 3280
f 3277 3273 3279
f 2530 2531 3283
f 2531 2532 3284
f 592 1807 1806
f 1836 2807 3285
f 3286 1834 1833
f 2995 3287 3288
f 3287 1937 1936
f 3288 1936 3289
f 1627 3288 1622
f 3291 3292 3293
f 3292 3294 3295
f 3293 3295 1938
f 3290 3293 3296
f 3298 3299 256
f 3299 3300 257
f 1809 1812 615
f 1812 1816 616
f 3302 2942 2941
f 980 975 2942
f 2941 2944 3304
f 3301 2941 3303
f 3306 3307 3308
f 3308 3309 3310
f 3312 3306 3305
f 3305 3310 3313
f 3307 3314 3315
f 3315 3316 3309
f 593 2401 2808
f 2808 1945 595
f 33 32 486
f 3314 3317 3318
f 3318 3319 3316
f 3317 3320 2990
f 2990 2992 3319
f 591 3321 1807
f 3321 3322 1804
f 37 38 3323
f 3323 38 39
f 3326 3323 3324
f 2718 3323 3326
f 3329 3330 3331
f 3332 3333 3330
f 3335 3329 3328
f 3336 3332 3329
f 3330 3337 3338
f 3333 3339 3337
f 1863 1864 3341
f 1864 2616 2615
f 1862 3342 2616
f 3343 3344 1827
f 3346 3343 1828
f 3344 3343 3347
f 3343 3346 3348
f 3198 2462 1927
f 39 40 3350
f 3351 3350 40
f 3349 3350 3353
f 3354 3353 3350
f 3355 1716 1721
f 1722 559 558
f 479 482 3357
f 482 2126 2130
f 481 2127 2126
f 478 479 3356
f 3356 3357 3359
f 3357 2130 3360
f 3009 3356 3358
f 485 478 3009
f 72 2914 3361
f 3363 24 23
f 3364 30 24
f 209 3023 3022
f 211 3022 3024
f 3365 3366 3058
f 3366 3367 3059
f 3368 3369 3366
f 3369 3370 3367
f 3372 3373 3374
f 3373 2001 1995
f 2662 2661 3371
f 1994 2662 3374
f 3375 3376 3373
f 3377 3375 3372
f 2184 3372 3371
f 3376 3378 2001
f 3214 3379 2875
f 1745 3379 3214
f 3379 3380 2872
f 1743 3380 3379
f 3320 3381 2991
f 3382 1557 1562
f 2583 2586 2027
f 2586 1437 2193
f 3383 3384 2825
f 3384 3383 3386
f 3384 2950 2823
f 2950 3384 3385
f 3388 3389 3390
f 3392 3388 3387
f 3391 3387 2087
f 3387 3390 213
f 3328 3331 3306
f 3331 3338 3307
f 3334 3328 3312
f 2985 2986 3395
f 3396 2987 2985
f 3397 3398 1596
f 3399 3400 3398
f 3252 3399 3397
f 3401 3397 1595
f 3398 3402 2859
f 3404 3405 3406
f 3408 3404 3403
f 3407 3403 3410
f 3403 3406 3411
f 3412 3413 3405
f 3413 3414 3415
f 3405 3415 3416
f 3418 1534 3419
f 3417 3419 3421
f 3419 1481 1483
f 1534 1482 1481
f 3422 3423 3424
f 3425 3270 3272
f 3424 3423 3426
f 3267 3422 3272
f 3243 3427 3428
f 3427 3243 3430
f 3243 3241 3431
f 3427 3432 3433
f 3432 3427 3429
f 434 428 3435
f 428 431 865
f 1101 3436 3437
f 1098 3437 3438
f 3439 3440 3317
f 3440 3441 3320
f 3442 3443 2182
f 3443 3444 2183
f 1837 2182 2171
f 3445 3446 3443
f 3446 361 3444
f 1823 3383 1180
f 1180 2825 2824
f 3448 1003 3194
f 1974 722 1003
f 185 3448 3447
f 183 1974 3448
f 1130 2804 2822
f 3450 2822 2804
f 3233 3239 3451
f 3452 3269 3268
f 3239 3135 3134
f 3136 3452 3451
f 3109 3227 3453
f 3109 3105 3204
f 3110 3453 3454
f 1268 2572 3455
f 903 894 897
f 2754 897 3456
f 897 898 3457
f 907 903 2754
f 910 904 907
f 3458 907 2753
f 2140 1794 1793
f 3459 1793 1795
f 2128 2127 3078
f 2626 2628 3461
f 2407 2442 1312
f 945 2442 2407
f 3463 3464 2785
f 3465 3463 2784
f 3466 3467 2786
f 3464 3352 3466
f 2061 3468 3469
f 2056 3469 3133
f 3241 3240 3470
f 3240 3242 3471
f 1873 3242 3235
f 3242 1873 1875
f 3473 3250 3247
f 3246 3474 3472
f 3474 3475 3476
f 3477 3473 3472
f 3453 3033 3032
f 3226 1651 3034
f 3227 3226 3033
f 1884 1606 1603
f 3454 3032 3479
f 3467 3479 3032
f 3479 3480 3353
f 3478 3479 3354
f 3480 3479 3467
f 1351 3482 3483
f 1346 3483 3484
f 3017 3485 1351
f 3485 3486 3482
f 1895 3449 3488
f 180 185 3449
f 3449 3447 3489
f 1893 1895 3487
f 3490 3487 3492
f 3487 3488 3493
f 2301 300 297
f 1870 2345 2344
f 2344 2342 2970
f 3494 2344 3495
f 2345 1870 1869
f 1998 2000 2849
f 2000 3497 2850
f 3498 3499 3441
f 3500 3501 3499
f 3501 3502 3503
f 3499 3503 3504
f 3505 3506 3507
f 3509 3506 3505
f 3510 3505 3502
f 3508 3505 3510
f 3513 3514 3515
f 3512 3515 3517
f 3514 3518 3519
f 3515 3519 3520
f 2776 2925 3513
f 2925 2926 3514
f 2778 3513 3512
f 3522 3412 3404
f 3524 3522 3408
f 3523 3408 3407
f 3526 3527 3412
f 1782 3526 3522
f 3527 3528 3413
f 3528 3529 3414
f 1781 3530 3526
f 1780 1782 3524
f 3530 3531 3527
f 1196 2583 2020
f 3192 1004 2464
f 1004 720 3532
f 3521 3512 3516
f 3533 3516 3535
f 3516 3517 2771
f 2777 2778 3521
f 3536 3521 3533
f 3537 3533 3534
f 339 752 751
f 3428 3433 3540
f 3539 3540 3131
f 3540 3541 3132
f 3433 3542 3541
f 3237 3428 3539
f 3543 3498 3440
f 1936 1933 2252
f 3544 3545 3282
f 2588 3546 3545
f 3545 3547 2530
f 3546 3548 3547
f 3549 3550 3400
f 3249 3549 3399
f 3551 2254 3550
f 3248 3551 3549
f 3400 3552 3402
f 3550 1570 3552
f 3552 3553 3554
f 1570 1567 3553
f 2124 2928 2022
f 1494 2548 2547
f 2691 2684 2685
f 3122 2685 2688
f 2689 2690 3556
f 3555 3556 3558
f 3556 3559 3560
f 2690 3561 3559
f 2688 2689 3555
f 3562 3555 3557
f 3563 3557 972
f 3557 3558 973
f 3564 3401 1597
f 3251 3252 3401
f 2711 1597 1594
f 293 754 753
f 341 755 342
f 1980 752 1007
f 1490 2547 2551
f 2027 2193 2125
f 3489 3193 3197
f 3447 3194 3193
f 3423 3197 3196
f 3566 3197 3423
f 3426 3196 3195
f 3425 3426 3567
f 3569 1558 1557
f 3570 1561 1558
f 890 3571 3572
f 3571 1709 3573
f 3574 1708 1709
f 889 3574 3571
f 896 3572 3575
f 2253 2254 3551
f 2252 2253 3576
f 2795 3578 3579
f 2796 3579 1835
f 2794 2796 1834
f 3580 3581 3582
f 3004 3582 3581
f 2546 3582 3584
f 2613 3584 3582
f 1179 3092 569
f 1411 2575 3092
f 2575 810 811
f 3586 3587 3588
f 3585 3588 160
f 1373 3585 3589
f 1372 3586 3585
f 3587 3590 3591
f 3588 3591 161
f 3592 3593 3587
f 3593 3594 3590
f 3531 3595 3528
f 3595 3596 3529
f 3597 3598 3531
f 1783 3597 3530
f 3598 3599 3595
f 1080 3598 3597
f 1079 3599 3598
f 3601 2096 2095
f 3576 3551 3248
f 3577 3576 3250
f 3603 3604 3605
f 1141 3603 3602
f 3602 3605 2185
f 1142 3602 2186
f 3606 3607 3604
f 1140 3606 3603
f 3604 3173 3176
f 3607 3174 3173
f 866 2698 2697
f 3609 2697 2693
f 862 2697 3609
f 2599 2601 3079
f 3611 3612 3613
f 3188 3614 3612
f 3614 1171 3615
f 3612 3615 3616
f 310 2577 3617
f 2577 2578 3618
f 3619 793 2577
f 3620 3621 3622
f 2319 3622 3623
f 3622 3624 319
f 3621 3625 3624
f 1976 3620 2319
f 1978 3626 3620
f 3626 3627 3621
f 1655 1658 309
f 1654 1655 3628
f 3628 309 308
f 1714 3628 3617
f 2921 2477 909
f 2927 909 908
f 2920 2478 2477
f 2926 2927 3518
f 3116 3115 1433
f 1433 843 835
f 3115 844 843
f 2271 2699 2698
f 2428 75 73
f 73 74 3046
f 3630 419 416
f 1967 1968 419
f 1968 1628 2971
f 1648 417 419
f 3629 416 415
f 1879 3630 3629
f 1881 3629 3631
f 3634 3635 3636
f 3636 3637 3638
f 3640 3634 3633
f 3633 3638 3641
f 3642 3643 3637
f 3635 3644 3642
f 3394 3395 3643
f 3644 3396 3394
f 3578 3445 3442
f 2797 3347 3578
f 3347 3348 3445
f 1487 849 845
f 3645 662 1487
f 968 1487 848
f 3647 3648 3649
f 3650 3651 3648
f 2337 3650 3647
f 2427 3647 3646
f 3648 3652 3653
f 3649 3653 3165
f 3652 3654 3071
f 3653 3071 3070
f 387 552 550
f 855 851 3656
f 851 854 1838
f 3579 3442 1837
f 3651 3657 3652
f 3646 3649 3164
f 2906 2907 3658
f 2803 3659 2623
f 1825 2803 498
f 2087 213 205
f 2674 621 620
f 620 623 1672
f 3660 620 1817
f 3565 1007 2066
f 3462 1312 1311
f 997 998 1486
f 1786 997 2483
f 3282 3283 3292
f 1439 3544 3291
f 3662 3663 1737
f 3664 3665 3663
f 3663 3666 1738
f 3665 3667 3666
f 3172 3668 3669
f 1280 3669 3670
f 3169 3172 1280
f 3669 3671 3183
f 3668 3672 3671
f 3171 3673 3668
f 3675 2554 3676
f 2554 1820 1819
f 1114 1115 2554
f 3258 3259 3678
f 3679 3680 3677
f 3207 3258 3677
f 3680 3632 3209
f 3259 3681 3682
f 3683 3679 3678
f 1871 1874 3271
f 3484 3685 3686
f 3686 3687 3688
f 1340 3484 3684
f 3684 3688 1343
f 3685 3393 3689
f 3689 3690 3687
f 3393 3312 3311
f 3311 3313 3690
f 2129 3078 3077
f 77 822 819
f 3692 154 153
f 1969 1962 1878
f 1880 3198 1969
f 1878 1967 3630
f 3694 3661 3695
f 3696 3662 3661
f 3661 1737 1736
f 977 3694 3693
f 3560 3696 3694
f 446 447 3697
f 1697 446 3212
f 3698 3699 353
f 953 954 3699
f 3699 3700 354
f 954 3701 3700
f 1237 3698 352
f 955 953 3698
f 1238 352 348
f 1330 961 957
f 1329 1667 961
f 3702 434 2735
f 2735 3435 3703
f 3383 1823 2740
f 3704 3705 1379
f 3656 1838 3705
f 3705 3675 3674
f 1838 1114 3675
f 3706 3704 1378
f 3655 3656 3704
f 1818 1809 1052
f 2134 2135 3707
f 2581 3707 3708
f 2744 2745 3710
f 3712 2744 3709
f 3713 2743 2744
f 2219 3714 773
f 2221 1846 3714
f 3715 3716 2668
f 3717 3715 2046
f 1918 1919 3716
f 2790 1918 3715
f 3719 3720 3721
f 3718 3721 3465
f 3723 3719 3718
f 3497 3718 3722
f 3720 3325 3724
f 3721 3724 3463
f 3725 3726 3719
f 1996 3725 3723
f 1997 3723 3497
f 3726 3727 3720
f 3727 3326 3325
f 1852 3728 2714
f 1434 835 833
f 1436 833 832
f 3674 3676 3730
f 3676 1819 1818
f 1379 3674 3729
f 3729 3730 3732
f 1380 3729 3731
f 2632 638 644
f 2631 639 638
f 404 531 1259
f 403 404 1258
f 2558 2973 2560
f 164 2649 2652
f 3735 3736 3177
f 3737 3735 3175
f 1850 1305 1304
f 1302 2140 3459
f 1297 1302 3738
f 3738 3459 3460
f 1578 3738 3739
f 2370 2368 2743
f 3741 3742 3743
f 3743 3742 3745
f 3747 3743 3744
f 3740 3743 3747
f 3749 3750 3742
f 3638 3749 3741
f 3641 3741 3740
f 3752 3753 3754
f 111 3752 2083
f 2083 3754 382
f 2802 3755 3659
f 2801 3385 3755
f 3547 2301 296
f 3541 3756 3137
f 3756 3757 3138
f 2595 2058 2064
f 3138 3759 3758
f 3759 3760 3761
f 2592 2595 3758
f 3761 3760 2593
f 2202 2201 3275
f 2201 1857 1865
f 3275 1865 3762
f 3763 2202 3274
f 3087 1783 1765
f 3600 3597 1783
f 3765 3766 3767
f 3769 3765 3764
f 3768 3764 3152
f 3764 3767 3770
f 3771 3772 3766
f 3773 3771 3765
f 3774 3775 3772
f 3776 3774 3771
f 3777 3778 3774
f 3778 3779 3775
f 3772 3780 3146
f 3766 3146 3145
f 3775 3781 3780
f 3780 3782 3143
f 3507 104 98
f 3502 3507 3783
f 3783 98 89
f 3503 3783 3784
f 3506 3048 104
f 3049 3048 3506
f 3338 3439 3314
f 3786 2434 2433
f 3785 2433 3788
f 2433 2436 3789
f 259 2702 3790
f 2702 2704 3791
f 2412 2416 3043
f 2409 2412 3042
f 2714 3728 3000
f 3728 1734 1733
f 3342 3000 2609
f 3792 3793 3378
f 3793 3726 3725
f 3378 3725 1996
f 3736 157 156
f 3589 160 157
f 1376 3589 3736
f 3794 3710 2745
f 2276 2277 3796
f 2277 2279 3797
f 618 1908 193
f 1908 1909 187
f 614 618 3798
f 3799 3500 3498
f 3800 3510 3501
f 3511 3510 3800
f 361 362 3377
f 362 363 3375
f 3444 3377 2184
f 3257 3802 3681
f 3256 3803 3802
f 3804 1611 500
f 3805 3804 2625
f 1611 1307 501
f 3807 1885 1884
f 3808 1888 1885
f 3810 3811 3812
f 3809 3812 3814
f 3812 2769 2772
f 3811 2770 2769
f 3538 3534 3810
f 3534 3535 3811
f 3815 3810 3809
f 3816 3809 3813
f 2924 2875 2478
f 3819 2614 3002
f 3821 3819 3818
f 3340 3341 3819
f 3341 2615 2614
f 3818 3002 3823
f 3820 3818 3822
f 1865 1863 3340
f 3762 3340 3821
f 3013 3017 1348
f 3827 1774 1769
f 3829 3827 3826
f 3830 3831 1774
f 3832 3830 3827
f 3826 1769 1768
f 3828 3826 2210
f 2871 1972 3581
f 3583 3581 1972
f 1276 1282 596
f 7 2646 987
f 3238 3539 3135
f 3337 3543 3439
f 3834 3835 3799
f 3339 3799 3543
f 2840 3834 3339
f 3835 3800 3500
f 2797 1245 1249
f 1824 1827 3344
f 3836 3837 2841
f 3837 3838 2842
f 2842 3834 2840
f 2836 2840 3333
f 3838 3835 3834
f 3801 3800 3835
f 3840 3511 3801
f 3841 3508 3511
f 3782 3842 2308
f 3843 3844 3842
f 3781 3843 3782
f 3842 3845 1726
f 3844 3846 3845
f 3847 3848 3846
f 3849 3847 3844
f 3845 3085 1727
f 3846 3850 3085
f 3848 3851 3850
f 100 3050 3852
f 3852 3050 3854
f 3855 3852 3853
f 103 3852 3855
f 3050 3049 3509
f 3483 3856 3685
f 3857 2088 816
f 3858 3857 822
f 2259 1973 1972
f 723 1973 2259
f 3860 3861 3862
f 2527 2528 3861
f 3861 3863 3864
f 2528 1234 3863
f 406 397 405
f 3865 407 406
f 3867 3859 3868
f 3859 3862 3869
f 3870 3860 3859
f 3872 2032 3873
f 2031 2032 3872
f 2977 3872 3874
f 3874 3872 3871
f 2032 879 880
f 3873 880 2987
f 3871 3873 3396
f 880 876 2264
f 797 844 3118
f 261 262 3093
f 3876 3093 1494
f 2254 1569 1570
f 1129 1130 2819
f 1131 1129 2818
f 553 548 1133
f 3856 3334 3393
f 3877 3335 3334
f 1846 1848 3878
f 1848 1613 1612
f 536 537 534
f 2518 2509 2513
f 3352 3353 3480
f 3798 193 191
f 1054 3798 250
f 3035 3034 1651
f 3290 3116 1432
f 3116 3290 3297
f 3881 3882 3883
f 3884 3885 3882
f 3882 3879 3886
f 3885 2518 3879
f 2711 1867 3887
f 1867 1870 3494
f 1876 1881 3632
f 3111 3454 3478
f 3888 3478 3481
f 1665 2993 2816
f 1560 3565 2993
f 1664 1665 3890
f 3890 2816 2815
f 1966 1625 1624
f 1964 1624 1623
f 1187 1189 2346
f 1931 3119 1966
f 3119 2996 1625
f 3395 3893 3894
f 3643 3894 3895
f 3893 3896 3897
f 3894 3897 3898
f 2986 3899 3893
f 3899 3900 3896
f 3897 3896 3902
f 3896 3900 3903
f 3784 89 88
f 3742 3750 3905
f 3895 3898 3750
f 3637 3895 3749
f 3750 3898 3906
f 3898 3897 3901
f 3754 1588 379
f 978 3693 1854
f 3693 3695 1855
f 979 1854 630
f 3908 3026 3025
f 3909 1412 3026
f 3910 3839 3837
f 3415 3910 3836
f 3416 3836 2844
f 3414 3912 3910
f 3529 3913 3912
f 3915 3916 3917
f 3916 3918 3919
f 3917 3919 3921
f 3914 3917 3920
f 3924 3916 3915
f 3914 3925 3923
f 3926 3918 3916
f 3918 3927 3928
f 3929 3927 3918
f 3095 1369 1368
f 995 5 2
f 1750 2036 1800
f 2036 2037 1943
f 3930 3931 3710
f 3933 3934 3930
f 3934 3386 3931
f 3932 3930 3794
f 2561 2102 2105
f 2725 2103 2102
f 3937 3938 3939
f 3938 3940 3941
f 3942 3943 3938
f 3943 3944 3940
f 3939 3941 2524
f 3936 3939 2526
f 3947 3126 3125
f 3948 3127 3126
f 3946 3125 3950
f 3125 3120 3951
f 3953 3948 3947
f 3954 3955 3948
f 3955 1407 3127
f 3952 3947 3946
f 3956 3946 3949
f 3959 3942 3937
f 3960 3961 3942
f 3961 3962 3943
f 3958 3937 3936
f 794 2389 783
f 3316 3964 3965
f 3319 3966 3964
f 3966 3967 3968
f 3964 3968 3969
f 3839 3801 3838
f 3912 3840 3839
f 3913 3841 3840
f 935 3970 3971
f 220 3970 935
f 2593 3972 3973
f 2594 3973 3974
f 3888 3975 3112
f 2591 2059 2058
f 3854 3509 3508
f 3853 3854 3841
f 3546 2588 2587
f 1438 2588 3544
f 2661 2180 2179
f 1545 1546 3977
f 1539 3278 3277
f 1546 3277 3281
f 3979 2724 2097
f 2106 2104 2724
f 3732 1055 584
f 1047 3881 3880
f 3980 3884 3881
f 3880 3883 3626
f 1046 3880 1978
f 189 2632 3733
f 1552 1548 1420
f 1548 1550 1421
f 3456 3457 3982
f 3457 3983 3984
f 898 899 3983
f 3981 3982 3986
f 3982 3984 3987
f 3988 3989 3389
f 3989 3990 3991
f 3389 3991 3992
f 3993 3994 3995
f 3996 2845 3994
f 3991 3996 3993
f 3992 3993 215
f 3411 3911 3997
f 3911 2844 2843
f 3990 3997 3996
f 3997 2843 2845
f 3406 3416 3911
f 289 674 673
f 3998 3988 3388
f 3999 3409 3988
f 4001 3999 3998
f 4000 3998 3392
f 2779 2777 3536
f 4003 3536 3537
f 4004 3537 3538
f 4007 2779 4003
f 2780 2774 2779
f 4006 4003 4004
f 3409 3410 3989
f 3410 3411 3990
f 3525 3407 3409
f 542 1888 3808
f 2502 3817 2789
f 3817 3813 1915
f 2504 3816 3817
f 2503 2789 2788
f 2545 3001 2999
f 1903 2545 3217
f 568 2643 2297
f 567 759 2643
f 3168 2500 2499
f 4009 2499 2498
f 4011 4012 3753
f 113 4011 3752
f 2563 2417 4014
f 2417 2413 4015
f 4013 4014 3592
f 4014 4015 3593
f 2322 329 331
f 2318 330 329
f 2321 2322 4016
f 4017 4016 4019
f 4016 331 4020
f 2320 2321 4017
f 4021 4017 4018
f 4012 4018 4022
f 4018 4019 1693
f 4023 4024 1821
f 4024 4025 2740
f 1798 4023 2325
f 1797 2864 4023
f 2864 3711 4024
f 2323 2320 4021
f 1486 998 999
f 2483 1486 1466
f 1544 2866 3763
f 1273 1019 1016
f 2328 2256 2255
f 263 261 3876
f 393 3876 378
f 3297 3296 3287
f 3117 3297 2995
f 354 2732 2734
f 345 2734 4027
f 3700 2733 2732
f 282 283 3962
f 3961 4028 284
f 4028 3961 3960
f 633 634 488
f 4030 4031 65
f 4033 4031 4030
f 4031 4033 4035
f 4034 3362 4036
f 4031 4036 4037
f 447 448 4038
f 3697 4038 3857
f 4038 4039 2088
f 448 4002 4039
f 4041 4042 4043
f 4044 1211 1217
f 4042 1217 4045
f 4046 4044 4042
f 4039 3391 2086
f 946 938 1059
f 2557 2186 668
f 241 4041 4040
f 2053 4040 2445
f 4040 4043 2446
f 2211 4047 4048
f 4049 2213 2212
f 4050 4049 4048
f 4047 654 653
f 800 801 1931
f 801 3118 3119
f 2978 3874 4052
f 4051 4052 4054
f 1499 4051 4053
f 1503 2978 4051
f 1309 4030 64
f 791 785 130
f 2833 2829 4055
f 4056 2833 3486
f 2832 2833 4056
f 2829 2828 3336
f 2828 2836 3332
f 1515 3188 3611
f 1520 3611 3610
f 1519 1520 4057
f 3158 4057 4058
f 4057 3610 4059
f 279 2582 4060
f 283 4060 4061
f 4055 3336 3335
f 3486 4055 3877
f 3016 4056 3485
f 1491 2551 1140
f 2551 2552 3606
f 3360 1424 1430
f 2130 1425 1424
f 65 4037 1430
f 4062 1430 4037
f 3468 4063 4064
f 4063 4065 4066
f 1037 1896 4063
f 1896 1891 4065
f 3469 4064 3136
f 4064 4066 3452
f 1375 1376 3735
f 2807 1125 840
f 3833 2210 1842
f 4069 4070 4071
f 3279 3280 4070
f 3280 3825 4072
f 4070 4072 4073
f 4075 4069 4068
f 3281 3279 4069
f 4074 4068 4077
f 4068 4071 4078
f 4080 4075 4074
f 3977 3281 4075
f 4079 4074 4076
f 3548 2299 2301
f 2589 2584 1203
f 427 2589 1204
f 2576 1411 1412
f 493 494 2198
f 2198 2200 2866
f 2947 2198 2865
f 4083 4084 4085
f 4082 4085 2730
f 3701 4082 2733
f 1579 4083 4082
f 4084 4086 3702
f 4085 3702 2731
f 4087 4088 4084
f 4088 4089 4086
f 2983 4090 4091
f 2984 4091 3899
f 2989 4092 4090
f 4092 4093 4094
f 4090 4094 4095
f 2991 4096 4092
f 4096 94 4093
f 4093 94 93
f 4094 4093 4097
f 2295 707 706
f 4100 3892 4101
f 4103 3891 4100
f 3891 3890 3892
f 4102 4100 4099
f 4101 2817 3450
f 3892 2815 2817
f 2817 2813 2822
f 4099 4101 4105
f 4105 3450 2806
f 4106 4105 4107
f 3975 4109 3113
f 3889 4110 3975
f 4110 4111 4109
f 3904 88 94
f 3504 3784 3904
f 3381 3904 4096
f 575 4112 2209
f 4113 4112 575
f 4091 4095 3900
f 3900 4095 4114
f 4095 4094 4098
f 1735 1734 3728
f 1861 2714 3342
f 4116 4117 4050
f 4118 4119 4117
f 2914 4118 4116
f 3361 4116 4115
f 3901 3902 4121
f 3906 3901 4120
f 3902 3903 4123
f 3903 4114 4124
f 3878 1612 767
f 3714 3878 766
f 3345 1828 503
f 3972 3746 4125
f 3973 4125 4126
f 4127 3747 3746
f 3760 4127 3972
f 3746 3744 4128
f 1316 1367 2791
f 1336 2791 930
f 1367 1447 2792
f 2652 2653 2622
f 2653 2655 9
f 2203 2206 3436
f 967 2203 1101
f 964 2204 2203
f 2206 2116 2120
f 661 665 1212
f 1045 1474 1551
f 1443 4129 4130
f 4129 4131 4132
f 1444 4130 2848
f 4130 4132 4133
f 1446 513 4129
f 513 509 4131
f 959 511 513
f 963 3645 968
f 966 4134 3645
f 1165 3029 4135
f 3002 3003 4136
f 3003 3004 3583
f 240 4046 4041
f 461 3524 3523
f 462 3523 3525
f 1758 1780 461
f 495 493 2947
f 3599 3855 3596
f 1078 3855 3599
f 4137 4138 2123
f 4138 4139 2124
f 2565 2567 4138
f 2567 2706 4139
f 2416 2565 4137
f 3043 4137 2122
f 4139 2929 2928
f 2706 2705 2929
f 1203 2584 2583
f 4140 4127 3760
f 3748 3747 4127
f 3300 85 259
f 2561 2541 2540
f 2725 2540 1899
f 1307 1308 504
f 1308 66 68
f 3432 4141 3542
f 4141 3432 3434
f 2443 138 2467
f 4143 2050 4144
f 2856 4144 2854
f 2050 2048 4145
f 4144 4145 4146
f 4147 2051 2050
f 4149 4147 4143
f 4150 2052 2051
f 4151 4150 4147
f 4148 4143 2856
f 2555 3660 1814
f 2556 2674 3660
f 1608 2692 1584
f 3596 3853 3913
f 2438 855 3655
f 2439 3655 3706
f 2870 699 708
f 950 1579 3701
f 3654 3057 3052
f 4152 3365 3057
f 4153 3368 3365
f 4154 4153 4152
f 4155 4156 3368
f 4157 4155 4153
f 3657 4152 3654
f 1182 3286 3285
f 4158 2805 2807
f 3212 3697 3858
f 2175 4158 1836
f 2866 2200 2202
f 3475 2969 2968
f 3495 2970 2969
f 3496 3495 3475
f 327 4159 2211
f 4159 4160 4047
f 4161 666 663
f 1477 50 666
f 50 49 664
f 4162 2328 2208
f 392 393 374
f 2751 3981 3985
f 2750 3456 3981
f 2757 3985 4163
f 3985 3986 4164
f 2936 2870 1509
f 4165 4166 3885
f 4167 4165 3884
f 405 403 1264
f 118 119 929
f 4168 929 928
f 125 118 4168
f 4170 4168 4169
f 1095 1476 4171
f 2701 1212 1211
f 2938 4172 4173
f 2937 4029 4172
f 3304 635 4175
f 4174 4175 4177
f 4175 492 491
f 635 633 492
f 3303 3304 4174
f 4178 4174 4176
f 4180 981 980
f 4179 980 3302
f 4182 4183 2450
f 2449 1696 1695
f 2448 1699 1696
f 1704 2243 2242
f 4184 95 1065
f 3181 3178 4185
f 3322 4185 1805
f 4186 3181 3322
f 3178 1784 1786
f 4185 1786 2481
f 4187 3182 3181
f 2168 4188 4189
f 2170 4190 4188
f 4188 234 3777
f 4189 3777 3776
f 2169 4189 4191
f 4190 235 234
f 234 228 3778
f 4193 236 235
f 228 231 3779
f 363 3792 3376
f 1470 1108 1107
f 1109 1465 1471
f 3709 3710 3931
f 2910 3658 4194
f 652 2330 2329
f 222 1940 2635
f 2635 1634 224
f 657 2382 218
f 2382 812 222
f 3568 3567 1880
f 1635 1633 2636
f 1851 1309 1305
f 3482 3877 3856
f 1476 1477 4161
f 1409 3713 3712
f 781 2370 3713
f 4025 3931 3386
f 1658 1682 307
f 4192 4191 4195
f 4196 4192 3221
f 3221 4195 4197
f 2166 2169 4192
f 4191 3776 3773
f 4195 3773 3769
f 3120 3123 4198
f 3950 3951 4200
f 3951 4198 4201
f 4199 4200 4203
f 4200 4201 4204
f 3949 3950 4199
f 3370 4199 4202
f 3957 3949 3370
f 237 4205 4206
f 238 4206 4207
f 4208 4209 4205
f 4210 4208 237
f 4206 1069 4211
f 4207 4211 3847
f 239 4207 3849
f 4205 1067 1069
f 4209 1068 1067
f 4211 1074 3848
f 1069 1061 1074
f 3983 1529 1528
f 899 3575 1529
f 3575 1526 1523
f 3984 1528 1530
f 4086 435 434
f 4213 4210 233
f 4214 4213 232
f 4123 4124 4208
f 4121 4123 4210
f 2882 2884 1547
f 2884 2885 3128
f 3148 3768 3150
f 4197 3769 3768
f 1074 1072 3851
f 1072 1073 4215
f 4216 3600 3087
f 1757 1758 460
f 1759 1757 459
f 4215 4216 3086
f 3851 4215 3088
f 3850 3088 3083
f 1073 1077 4216
f 1077 1080 3600
f 1097 1099 4087
f 3670 3183 3182
f 1281 3670 4187
f 1282 4187 4186
f 3671 4217 3180
f 4218 2887 2879
f 2008 2892 2887
f 2886 4079 4081
f 4218 4081 2009
f 3753 4022 1588
f 4220 2080 2076
f 169 170 2080
f 170 176 2081
f 2074 2975 2974
f 2078 2974 1502
f 4052 3874 3875
f 4054 4052 4221
f 1365 1449 1448
f 1366 1448 1447
f 1692 1683 1686
f 1538 3763 3278
f 2309 1717 1716
f 4223 3355 2224
f 3144 2309 3355
f 299 753 1981
f 2532 1981 3570
f 1981 1979 1561
f 3296 1938 1937
f 1559 1980 3565
f 1979 1980 1559
f 2737 2458 2457
f 4224 2457 536
f 595 1945 1290
f 4005 3538 3815
f 4008 4004 4005
f 4226 4005 4225
f 2452 2454 4227
f 2454 4228 4229
f 2453 3167 4228
f 2606 4227 4230
f 4227 4229 3225
f 2607 4230 1085
f 2149 1127 1131
f 1457 1128 1127
f 3021 4056 3016
f 3970 1630 1629
f 224 1630 3970
f 2611 3001 3584
f 2544 3584 3001
f 3616 4232 3786
f 4232 2441 2434
f 4233 4234 2441
f 3615 4233 4232
f 4231 3786 3785
f 4235 3785 3787
f 4238 4231 4235
f 3613 3616 4231
f 4237 4235 4236
f 1159 1162 4240
f 1162 1167 4241
f 4234 4240 2437
f 4240 4241 2438
f 1168 1159 4234
f 2247 2576 3909
f 724 723 2258
f 1441 1444 2846
f 260 3790 3096
f 2017 3974 2154
f 3045 795 790
f 4028 3045 4242
f 3045 4028 4029
f 2425 3163 3162
f 2424 3646 3163
f 2430 3162 3161
f 1907 2090 2633
f 350 408 407
f 349 350 3865
f 1989 3865 2529
f 346 4027 408
f 1171 1168 4233
f 4032 4030 1309
f 4244 3364 3363
f 4243 3363 3362
f 1472 2131 1108
f 2566 2707 2706
f 3276 3762 3825
f 243 4245 970
f 847 970 969
f 2883 4080 4079
f 4246 4223 2223
f 4067 1842 1841
f 1480 78 85
f 1483 1480 3300
f 4248 4249 3664
f 3561 4248 4247
f 3796 3797 4249
f 3795 3796 4248
f 3559 4247 3696
f 4247 3664 3662
f 933 1951 1950
f 3995 2830 2834
f 215 3995 4250
f 4250 2834 3020
f 208 4250 3023
f 3994 2831 2830
f 2073 2979 2975
f 2082 2980 2979
f 4251 2033 2029
f 2384 4251 2980
f 2786 3467 3031
f 3806 1884 2213
f 1099 3438 4088
f 1478 4087 4083
f 2094 2407 3462
f 1387 3592 3586
f 1374 1375 3737
f 3907 3025 1164
f 1217 1218 4252
f 4045 4252 4253
f 4252 2323 4026
f 1218 1219 2323
f 316 4254 4255
f 4254 4256 4257
f 315 4258 4254
f 4258 3866 4256
f 322 4255 4259
f 4255 4257 4260
f 318 4261 4258
f 324 4259 4159
f 4262 3734 4263
f 3672 4263 4217
f 3673 4262 3672
f 3734 2652 2621
f 4263 2621 2620
f 156 159 4262
f 159 164 3734
f 4264 4265 3831
f 4266 4264 3830
f 2003 2159 2892
f 2002 2019 2159
f 2159 2157 2893
f 109 110 551
f 4115 4050 653
f 4117 3806 4049
f 2150 2151 698
f 2151 2152 2957
f 3666 4067 1739
f 3667 3833 4067
f 3532 804 803
f 4267 495 2946
f 4177 491 495
f 4268 4267 2642
f 4176 4177 4267
f 4072 3820 3824
f 3825 3821 3820
f 3568 3271 3270
f 3567 3195 3198
f 4265 4269 4270
f 4269 4271 4272
f 3788 3789 4269
f 3789 4273 4271
f 3831 4270 1775
f 4270 4272 1776
f 3822 3823 2997
f 3823 4136 1970
f 4272 1383 4274
f 1383 1384 4275
f 4271 1381 1383
f 1776 4274 4276
f 4277 4013 1387
f 1901 1902 1844
f 3928 172 171
f 4278 171 4280
f 3919 3928 4278
f 3921 4278 4279
f 171 169 4220
f 3927 173 172
f 1447 1441 2793
f 3695 1736 1735
f 2572 4033 4032
f 3455 4032 1851
f 1261 3455 1849
f 4156 3957 3369
f 2680 3956 3957
f 2944 636 635
f 2361 3303 4178
f 3745 3905 4282
f 3744 3745 4281
f 4281 4282 4284
f 4128 4281 4283
f 3905 3906 4122
f 4282 4122 4286
f 4122 4120 4214
f 4120 4121 4213
f 4132 4287 4288
f 4287 4289 4290
f 4288 4290 3418
f 4133 4288 1956
f 4131 4291 4287
f 4291 4292 4289
f 4289 1533 1532
f 4292 4293 1533
f 646 642 743
f 2558 646 2131
f 4295 1429 3691
f 3691 3077 367
f 3345 4295 4294
f 4294 367 366
f 2845 2837 2831
f 4296 4297 2033
f 4297 883 873
f 4299 4300 4301
f 4301 3870 3867
f 4298 4301 4261
f 4300 4302 3870
f 4303 4304 410
f 4027 4303 409
f 2726 2729 4304
f 2734 2726 4303
f 2729 2737 4224
f 4304 4224 535
f 3362 23 27
f 4036 27 2141
f 486 485 3008
f 3716 4305 2669
f 4114 4098 4306
f 4124 4306 4209
f 4306 4184 1068
f 4098 4097 4184
f 4097 93 95
f 919 1898 1897
f 4307 1897 1901
f 4309 4157 4154
f 2683 2677 4157
f 2677 2678 4155
f 4203 4204 4180
f 4310 4180 4179
f 4204 982 981
f 4202 4203 4310
f 4308 4154 3657
f 4146 2683 4309
f 4145 2682 2683
f 4313 4309 4308
f 4314 4308 3651
f 2678 2680 4156
f 2851 1600 1999
f 802 800 1930
f 2464 3532 802
f 1401 1402 2691
f 2707 2566 2568
f 2568 2563 4013
f 2708 2568 4277
f 3564 3887 3253
f 2348 3035 1650
f 4316 4317 3793
f 4317 3727 3726
f 2890 3222 3129
f 2889 4318 3222
f 4318 4196 3220
f 1429 1427 2129
f 4319 1426 1429
f 1495 1498 4321
f 2958 1495 4320
f 1498 1500 4323
f 1335 1637 2534
f 3971 1629 1637
f 2645 3971 1335
f 3367 4202 4312
f 3059 4312 4324
f 1233 4326 4327
f 1230 2505 4326
f 2505 2788 2790
f 4326 2790 3717
f 1232 1233 4325
f 4328 4325 4150
f 4325 4327 2052
f 288 1026 1025
f 4330 4331 4332
f 2279 4330 4329
f 3797 4329 4333
f 4329 4332 4334
f 4335 4246 2229
f 2679 3952 3956
f 4336 4337 4331
f 2278 4336 4330
f 690 512 511
f 1564 1553 1666
f 3659 3933 2628
f 2628 3933 3932
f 3755 3934 3933
f 960 958 1445
f 958 959 1446
f 3491 3492 3266
f 3492 3493 3267
f 4066 3491 3269
f 4065 3490 3491
f 4339 4239 4337
f 4337 4266 3832
f 4239 4236 4266
f 2280 4339 4336
f 4340 4341 4339
f 4341 4237 4239
f 2536 2418 2409
f 1166 4135 859
f 2196 832 3044
f 2342 2343 2965
f 2787 2782 1188
f 3283 3284 3294
f 1621 3477 3476
f 1619 1621 2968
f 3176 3169 1279
f 3605 3176 1278
f 4198 3562 3563
f 4201 3563 982
f 3123 2688 3562
f 3177 156 3673
f 1500 4053 4342
f 4134 663 662
f 4171 4161 4134
f 4249 4333 3665
f 4311 4179 4181
f 4312 4310 4311
f 4324 4311 4343
f 4343 4181 4346
f 4344 4343 4345
f 1167 859 856
f 3047 4115 647
f 2911 4194 4119
f 2909 2911 4118
f 3435 865 864
f 3731 3732 152
f 1385 3731 151
f 4348 2396 2395
f 4349 2397 2396
f 2723 2395 2139
f 2673 624 621
f 1024 1023 624
f 273 657 217
f 2037 2040 1944
f 17 3101 4349
f 3101 4350 2397
f 1419 4349 4348
f 4351 3298 395
f 762 396 391
f 764 4351 396
f 3420 3421 3298
f 3421 1483 3299
f 763 391 390
f 3813 3814 1916
f 3814 2772 1922
f 4081 4076 2010
f 3730 1818 1055
f 2353 4268 2639
f 3488 3489 3566
f 3967 4352 881
f 4353 4352 3967
f 3968 3967 883
f 881 4352 4353
f 1816 1092 619
f 1815 1093 1092
f 4089 436 435
f 4354 2954 436
f 369 2717 4355
f 2717 2718 3327
f 359 4355 4316
f 4355 3327 4317
f 2299 3548 2877
f 3548 3546 3976
f 3436 2120 4356
f 4357 4358 1032
f 1032 3202 1894
f 4358 3203 3202
f 4078 4357 1031
f 2118 2119 2600
f 2120 2118 2955
f 2824 2798 1182
f 4225 3815 3816
f 2508 4225 2504
f 3348 368 3446
f 2354 4176 4268
f 4359 3577 3473
f 3733 644 2560
f 2436 2440 4273
f 755 756 2269
f 4331 3832 3829
f 4332 3829 3828
f 3940 1228 1225
f 3944 2506 1228
f 3941 1225 1224
f 2251 3909 3908
f 3724 4360 3464
f 4360 3349 3352
f 3385 3386 3934
f 3097 1388 1369
f 3791 4315 1388
f 4315 4277 1386
f 2237 2233 2105
f 1575 3739 2479
f 4126 4285 2162
f 3974 4126 2155
f 2162 4361 2163
f 4285 4283 4361
f 4361 4362 2170
f 4283 4284 4362
f 1720 3082 560
f 3082 1760 561
f 2768 2758 2761
f 2772 2767 2768
f 1922 2768 4363
f 4260 4364 655
f 4364 4365 651
f 4160 655 654
f 4257 4366 4364
f 4259 4260 4160
f 3608 2693 2692
f 2582 3708 4367
f 3708 4368 4369
f 4367 4369 4371
f 4060 4367 4370
f 3325 3324 4360
f 3324 39 3349
f 3151 4335 2738
f 4290 1532 1534
f 4293 1008 1010
f 510 516 4292
f 516 519 4293
f 4119 3807 3806
f 4194 3808 3807
f 1705 2242 2249
f 3591 3601 162
f 1698 1697 3210
f 3284 3570 3569
f 3922 3920 4110
f 3889 3481 4372
f 4043 4045 2447
f 1919 1921 4305
f 360 4316 3792
f 2850 3722 1190
f 3722 3465 2787
f 1965 1623 1628
f 3327 3326 3727
f 2939 4173 4374
f 4173 2522 2521
f 4172 4375 2522
f 2447 4253 113
f 4253 4026 4011
f 2877 3976 427
f 3976 2587 2589
f 4241 856 855
f 1136 1208 1932
f 1207 736 729
f 3558 3560 977
f 1620 4359 3477
f 1622 3289 4359
f 2696 2144 384
f 1047 1041 1552
f 3980 1552 2419
f 4033 2572 2571
f 1242 348 347
f 834 724 2262
f 832 834 3200
f 3518 908 910
f 3519 910 3458
f 4376 4377 2174
f 4377 4108 2175
f 2658 4376 2173
f 2860 4378 2660
f 4378 4379 4380
f 2660 4380 4376
f 2709 1594 1593
f 3594 3979 3978
f 4381 2106 3979
f 1209 1025 736
f 829 824 992
f 2601 992 2143
f 4242 790 789
f 4382 789 793
f 2700 2701 4044
f 244 2700 4046
f 2553 3737 3174
f 917 918 715
f 715 4307 1911
f 918 919 4307
f 687 1241 2392
f 1255 1239 687
f 231 239 4212
f 3779 4212 3781
f 4212 3849 3843
f 937 2645 1334
f 2291 2292 868
f 1492 2291 867
f 2710 1593 1600
f 2469 2998 2467
f 58 4383 4113
f 57 2327 4383
f 4383 4162 4112
f 2327 2328 4162
f 1256 4373 2773
f 470 1294 1577
f 2476 4384 2472
f 2874 2466 4384
f 3887 3494 3496
f 3253 3496 3474
f 3380 2913 2873
f 2482 1466 1465
f 4385 2858 2857
f 4366 4385 4365
f 4386 4387 2858
f 4388 4386 4385
f 3866 3868 4388
f 3868 3869 4386
f 4302 2527 3860
f 4389 2525 2527
f 3520 3458 2752
f 3517 3520 2766
f 2135 2136 4390
f 2907 2908 4391
f 3658 4391 3808
f 2093 1713 1712
f 2634 1712 639
f 2570 533 532
f 1030 1035 1896
f 1241 1242 2393
f 780 1982 2370
f 4350 3216 2922
f 3879 2513 4393
f 3883 3886 3627
f 3886 4393 4394
f 2934 2935 3099
f 863 3609 1890
f 1890 3609 3608
f 4395 599 30
f 4396 4395 3364
f 2848 4133 1955
f 1956 3418 3417
f 1920 4363 4397
f 1921 4397 4398
f 2491 2484 2230
f 2654 1148 1147
f 1679 2138 2780
f 4182 1695 1698
f 2429 2430 4183
f 2241 2871 3580
f 2235 3580 2546
f 720 718 804
f 685 686 1256
f 686 2939 4373
f 4217 2620 2619
f 1628 1618 2967
f 3289 2252 3577
f 4166 2519 2518
f 4399 2520 2519
f 4400 4399 4166
f 4402 4403 4404
f 4401 4404 4406
f 544 4402 4401
f 543 4401 4405
f 4403 600 4407
f 4404 4407 4408
f 2736 3703 2458
f 4019 4020 1694
f 4020 325 328
f 4410 4411 4299
f 4409 4299 4298
f 3625 4409 4412
f 4394 4410 4409
f 2834 2832 3021
f 4368 4006 4008
f 4390 4007 4006
f 4369 4008 4226
f 4371 4226 2508
f 3707 4390 4368
f 2393 347 351
f 1036 1037 3468
f 1038 1036 2061
f 2013 1038 2060
f 759 763 2644
f 2627 3461 4413
f 3805 4413 769
f 776 777 3804
f 3624 4412 317
f 4412 4298 318
f 3623 319 312
f 4275 155 154
f 4276 3692 607
f 4414 607 606
f 4365 2857 652
f 3535 2771 2770
f 1891 1893 3490
f 3044 3200 3199
f 54 58 4245
f 4245 4113 574
f 4384 125 4170
f 2472 4170 893
f 2466 123 125
f 331 320 325
f 1666 1664 3891
f 4338 1666 4103
f 3553 4338 4416
f 1567 1564 4338
f 4416 4103 4102
f 3554 4416 4417
f 4022 1693 1581
f 2090 2093 2634
f 2666 4419 2681
f 2669 4420 4419
f 3167 3168 4009
f 3076 3073 2500
f 4228 4009 4010
f 4229 4010 3103
f 1840 1913 1912
f 3461 3932 3935
f 2092 3462 1713
f 4073 3824 4358
f 3824 3822 3203
f 4071 4073 4357
f 1472 1468 2973
f 4421 3156 3153
f 4422 4423 3156
f 4423 1521 3157
f 1396 4421 3224
f 4424 4422 4421
f 1393 3224 3223
f 3987 1530 4422
f 1530 1527 4423
f 3986 3987 4424
f 4164 4424 1396
f 194 3733 2972
f 965 967 1100
f 3438 4354 4089
f 3437 4356 4354
f 4356 2955 2954
f 4411 4425 4300
f 1294 1297 1578
f 1691 4426 1690
f 4426 1460 1462
f 1703 1705 2901
f 2048 2049 2682
f 2515 3959 3958
f 2516 3958 3963
f 2522 4375 2515
f 4375 3960 3959
f 3963 3936 3945
f 368 355 361
f 1952 3417 3420
f 2882 3977 4080
f 4230 3225 1210
f 4261 3867 3866
f 4256 4388 4366
f 3920 3921 4111
f 1772 4276 4414
f 1773 4414 4415
f 3790 3791 3097
f 2704 2708 4315
f 2006 1040 1039
f 2010 4428 1040
f 4428 1034 1028
f 2007 1039 1038
f 2333 4313 4314
f 2854 4146 4313
f 2334 4314 3650
f 4413 3935 770
f 3935 3794 771
f 4362 4193 4190
f 4284 4286 4193
f 4286 4214 236
f 3359 3360 4062
f 4363 2761 4430
f 4397 4430 4431
f 4280 4220 4219
f 4432 4219 4433
f 4219 2076 2075
f 1791 1792 1459
f 1792 1798 1463
f 2681 3953 3952
f 4419 3954 3953
f 2761 2762 4434
f 4430 4434 4435
f 176 2384 2082
f 4420 4436 3954
f 4436 4437 3955
f 3573 4438 1524
f 4438 4439 1525
f 3572 3573 1526
f 4440 173 3927
f 509 510 4291
f 519 1009 1008
f 727 2150 697
f 1689 2146 2150
f 4279 4280 4432
f 2383 4296 4251
f 2385 3969 4296
f 3969 3968 4297
f 2773 4442 1671
f 4010 2498 2501
f 4136 3583 1971
f 4053 4054 4443
f 4444 4445 4342
f 4443 4054 4222
f 3631 415 1364
f 4373 4374 4442
f 4374 2521 2520
f 4442 2520 4399
f 2687 3795 3561
f 2859 4418 4378
f 4418 4417 4379
f 2363 1643 1638
f 2358 4178 2354
f 777 1609 1611
f 74 3361 3047
f 2552 2553 3607
f 2798 2794 3286
f 68 60 1426
f 504 68 4319
f 502 4319 4295
f 2898 3908 3907
f 3978 2097 2096
f 3590 3978 3601
f 1394 3223 2289
f 2286 2276 3795
f 596 4186 3321
f 3358 3359 4429
f 3010 3358 4446
f 3402 3554 4418
f 3808 4391 4402
f 4125 4128 4285
f 3100 3216 4350
f 600 599 4395
f 576 2209 2204
f 4112 4162 2207
f 3862 3864 4447
f 3869 4447 4387
f 3864 4151 4149
f 4447 4149 4148
f 4183 3161 2455
f 2896 2897 1173
f 2897 2899 1170
f 3186 1173 1172
f 3201 3041 3040
f 2699 2145 2144
f 444 4001 4000
f 445 4000 4002
f 454 463 4001
f 463 3525 3999
f 2238 2539 3201
f 2998 2445 2444
f 2899 3907 1163
f 4379 4104 4448
f 4417 4102 4104
f 4104 4099 4106
f 4305 4398 4420
f 2152 1131 2821
f 1384 1385 155
f 1709 1710 4438
f 1710 1711 4439
f 3863 4328 4151
f 4387 4148 2855
f 1742 2913 3380
f 3309 3965 4449
f 4333 4334 3667
f 2394 351 1988
f 3767 3145 3147
f 3770 3147 4246
f 3152 3770 4335
f 3147 3144 4223
f 3029 3099 871
f 4135 871 857
f 2136 2780 4007
f 2285 4340 2280
f 3627 4394 3625
f 4061 4370 2506
f 4370 4371 2507
f 3962 4061 3944
f 4111 4279 4441
f 4391 2908 4403
f 2908 598 600
f 4274 4275 3692
f 4334 3828 3833
f 4449 2385 174
f 2948 4348 2722
f 4181 3302 3301
f 4346 3301 2361
f 4345 4346 2360
f 1407 1401 3124
f 4415 606 605
f 284 4242 4382
f 280 4382 3619
f 4445 4450 4323
f 4034 4035 4451
f 4380 4448 4377
f 4448 4106 4108
f 2397 4350 2379
f 4327 3717 2045
f 351 349 1989
f 4429 4062 2404
f 4425 4389 4302
f 4452 4427 4425
f 4427 3945 4389
f 3787 3788 4265
f 3703 864 2043
f 1234 1232 4328
f 4059 4238 4237
f 4273 1382 1381
f 2440 3706 1382
f 2763 1397 1390
f 2760 4163 1397
f 4163 4164 1395
f 2762 2763 1406
f 4434 1406 1405
f 4435 1405 1404
f 3294 3569 3382
f 3295 3382 1935
f 1817 1672 1093
f 2317 3623 330
f 4439 2903 2905
f 1711 2904 2903
f 3711 3709 4025
f 916 2725 1898
f 1953 3420 4351
f 4398 4431 4436
f 4076 4077 4428
f 4026 4021 4012
f 927 2636 1706
f 1633 1634 2635
f 3441 3504 3381
f 2388 166 173
f 2157 2158 2167
f 3165 3070 3069
f 4441 4432 3263
f 4109 4441 3262
f 2496 2365 2364
f 3068 2366 2365
f 3065 4453 2366
f 3067 3068 2496
f 3618 2578 1715
f 4453 2359 2356
f 3062 4347 4453
f 3066 3067 2495
f 3073 3066 2494
f 1527 1510 1521
f 2513 2514 4454
f 2514 2517 4452
f 4454 4452 4411
f 4393 4454 4410
f 3390 3992 214
f 2517 3963 4427
f 1702 1703 2904
f 2167 2165 4318
f 2165 2166 4196
f 4142 3434 4450
f 3434 3429 4455
f 4450 4455 4321
f 3739 3460 4456
f 2479 4456 4426
f 3460 1795 1461
f 4456 1461 1460
f 3965 3969 2385
f 1911 1901 1845
f 3945 2526 2525
f 142 143 59
f 3056 4344 4347
f 4347 4345 2359
f 3219 4197 3148
f 2269 424 334
f 4407 4395 4396
f 579 580 1535
f 1795 1791 1458
f 4002 3392 3391
f 4077 4078 1034
f 4169 928 1708
f 893 4169 3574
f 3632 3631 3208
f 3213 3858 77
f 9 2655 2646
f 2655 2654 2647
f 4433 2075 2079
f 3187 1172 1171
f 3610 3613 4238
f 2863 3712 3711
f 4431 4435 4437
f 580 583 1440
f 1887 3608 1608
f 1779 4415 1910
f 281 3619 310
f 3155 4058 4340
f 4058 4059 4341
f 4035 2571 2573
f 1682 2133 305
f 4108 4107 4158
f 1618 1619 2966
f 4244 4458 4408
f 3493 3566 3422
f 1973 723 722
f 3055 4324 4344
f 4437 1404 1407
f 2141 212 2404
f 4236 3787 4264
f 3185 3187 3614
f 1521 1519 3158
f 4243 4451 4458
f 4029 3960 4375
f 4107 2806 2805
f 3922 4372 3925
f 3481 3354 3351
f 4372 3351 41
f 1671 4399 4400
f 4167 2419 1670
f 1669 4400 4459
f 4459 4400 4165
f 4392 532 534
f 4460 4392 4405
f 4458 4460 4406
f 3261 4457 3803
f 4457 2079 2962
f 3803 2962 2961
f 3263 4433 4457
f 2963 2958 4322
f 3802 2961 2963
f 3681 2963 4461
f 3346 366 368
f 1102 4171 966
f 4446 4429 2402
f 3011 4446 2403
f 3007 3011 3024
f 4015 4381 3594
f 2413 2414 4381
f 3102 4381 2414
f 2106 4381 3102
f 4141 4462 4463
f 4462 4141 4142
f 4464 3640 3639
f 3639 3641 3751
f 4462 3751 4465
f 3542 4463 3756
f 4464 4142 4445
f 4444 4222 3640
f 4466 3683 3682
f 4467 4466 4461
f 4468 4467 4322
f 3431 3470 4466
f 3430 3431 4467
f 4455 4468 4320
f 2539 2538 3041
f 4221 3875 3635
f 4222 4221 3634
f 3875 3871 3644
f 2573 2570 4392
f 4451 2573 4460
f 3470 3471 3683
f 3471 1875 3679
f 1875 1876 3680
f 1342 3926 3924
f 35 3924 3923
f 1343 3929 3926
f 3925 41 36
f 3687 2388 4440
f 3690 2386 2388
f 3688 4440 3929
f 3757 4140 3759
f 4465 3748 4140
f 3429 3430 4468
f 882 4353 2992
f 2992 4353 3966
f 3313 2387 2386
f 3310 4449 2387
f 3751 3740 3748
f 4463 4465 3757
# 8932 faces, 0 coords texture

# End of File
