####
#
# OBJ File Generated by Meshlab
#
####
# Object lego_rem.obj
#
# Vertices: 10602
# Faces: 21200
#
####
v -17.090706 -26.829521 14.906788
v -18.147209 -26.085599 14.717366
v -18.115044 -26.043455 15.277617
v -17.519922 -26.495697 15.360706
v -10.679576 -25.979366 14.715216
v -11.727036 -26.710417 14.915399
v -11.314368 -26.391709 15.360220
v -10.736560 -25.957964 15.276704
v 0.424574 -26.815773 14.919647
v -0.606059 -26.150760 14.718499
v -0.556040 -26.115471 15.289774
v 0.025796 -26.515561 15.369762
v 6.793545 -26.055965 14.712637
v 5.692988 -26.814855 14.919982
v 6.114333 -26.479251 15.375575
v 6.730142 -26.018216 15.277611
v 17.833585 -26.722092 14.907392
v 16.909268 -26.061983 14.725504
v 16.963194 -26.028910 15.295431
v 17.491517 -26.427595 15.378070
v 24.331552 -26.106754 14.713385
v 23.166377 -26.871675 14.921558
v 23.610369 -26.538288 15.368311
v 24.252931 -26.065549 15.279725
v -18.924020 -25.076623 14.920930
v -18.590516 -25.472608 15.376441
v -9.973951 -24.948029 14.921115
v -10.312118 -25.352357 15.373917
v -1.341553 -25.119436 14.912223
v -0.988096 -25.519846 15.376707
v 7.533523 -24.985478 14.906339
v 7.191931 -25.419956 15.354812
v 16.173839 -25.038244 14.938649
v 16.532957 -25.441763 15.393067
v 25.070655 -25.046891 14.908707
v 24.720729 -25.467111 15.357804
v -18.937413 -19.590109 14.915165
v -18.169365 -18.502085 14.723593
v -18.186838 -18.600131 15.282882
v -18.639459 -19.203161 15.353590
v -10.829498 -18.511297 14.727532
v -10.089878 -19.533089 14.913262
v -10.398711 -19.144712 15.372466
v -10.842432 -18.584584 15.293729
v -1.363798 -19.574963 14.919680
v -0.624862 -18.533949 14.725466
v -0.600257 -18.611999 15.289649
v -1.046706 -19.174567 15.368365
v 6.786547 -18.601615 14.719482
v 7.536205 -19.646347 14.909643
v 7.230673 -19.228650 15.365683
v 6.751854 -18.652695 15.281522
v 16.200520 -19.580625 14.904115
v 16.954892 -18.532840 14.723343
v 16.960693 -18.616521 15.282643
v 16.512233 -19.182175 15.353164
v 24.233305 -18.463285 14.718233
v 25.014918 -19.487464 14.903334
v 24.680589 -19.083213 15.354200
v 24.170443 -18.521490 15.277971
v -17.161169 -17.807484 14.949143
v -17.597059 -18.170104 15.418134
v -11.816619 -17.829893 14.928531
v -11.410892 -18.158468 15.381506
v 0.311484 -17.864244 14.911425
v -0.062651 -18.179190 15.376726
v 5.709308 -17.821095 14.926952
v 6.156210 -18.164916 15.373054
v 17.864797 -17.871766 14.920577
v 17.491805 -18.186428 15.379992
v 23.095452 -17.727254 14.921384
v 23.549127 -18.041909 15.357629
v -17.063593 -9.275617 14.906084
v -18.144996 -8.539118 14.722381
v -18.084220 -8.524652 15.282497
v -17.484716 -8.965302 15.358014
v -10.847140 -8.545474 14.723628
v -11.844406 -9.220006 14.942861
v -11.426505 -8.900708 15.404602
v -10.871003 -8.461579 15.288503
v 0.156833 -9.057100 14.875938
v -0.835741 -8.271126 14.722424
v -0.744303 -8.268439 15.275722
v -0.211067 -8.748493 15.321841
v 6.577373 -8.676488 14.725110
v 5.511910 -9.342589 14.946928
v 5.949980 -9.027755 15.406136
v 6.541197 -8.597586 15.294958
v 17.921427 -9.207746 14.915736
v 16.983613 -8.551436 14.727125
v 17.014473 -8.493694 15.290179
v 17.541575 -8.906665 15.373603
v 24.306066 -8.549773 14.725574
v 23.168584 -9.295025 14.936496
v 23.607322 -8.962524 15.394714
v 24.233921 -8.512830 15.299499
v -18.900618 -7.549503 14.936624
v -18.546318 -7.950648 15.388143
v -10.089901 -7.517312 14.897690
v -10.399432 -7.906263 15.348965
v -1.490074 -7.284832 14.940654
v -1.172158 -7.712115 15.387468
v 7.370764 -7.686154 14.901488
v 7.040056 -8.064551 15.360484
v 16.267017 -7.596210 14.907205
v 16.579794 -7.961340 15.363822
v 25.045687 -7.532385 14.916932
v 24.704497 -7.932135 15.376877
v -18.998872 -2.116835 14.929293
v -18.262007 -1.016659 14.716799
v -18.211473 -1.067284 15.280240
v -18.671648 -1.673698 15.364479
v -10.617130 -1.174964 14.718635
v -9.940216 -2.220007 14.904418
v -10.217812 -1.828443 15.357825
v -10.639372 -1.252798 15.279564
v -1.479266 -2.202644 14.938052
v -0.796270 -1.160425 14.720164
v -0.738634 -1.188941 15.289121
v -1.170401 -1.772341 15.395702
v 6.817856 -1.049210 14.708247
v 7.573847 -2.128991 14.899931
v 7.262077 -1.707130 15.336299
v 6.799227 -1.112046 15.261916
v 16.072588 -2.227183 14.914702
v 16.751632 -1.182107 14.719819
v 16.776363 -1.251200 15.284067
v 16.361300 -1.825033 15.367137
v 24.278002 -0.927586 14.710525
v 25.083860 -2.031186 14.915412
v 24.743739 -1.598385 15.343087
v 24.252458 -0.987600 15.266362
v -17.181354 -0.263474 14.908252
v -17.589927 -0.613533 15.365692
v -11.599630 -0.411148 14.920421
v -11.184729 -0.769338 15.362710
v 0.249054 -0.362282 14.901827
v -0.157109 -0.703593 15.360888
v 5.791480 -0.298987 14.912149
v 6.216728 -0.647440 15.359099
v 17.688273 -0.420800 14.922762
v 17.309787 -0.779686 15.379281
v 23.198306 -0.204699 14.906486
v 23.629829 -0.540848 15.354399
v -18.639553 -26.568070 15.953685
v -18.712810 -26.652975 14.850687
v -18.048360 -26.992862 14.800291
v -17.944437 -27.107296 15.941695
v -19.077042 -26.007574 14.797330
v -19.181888 -25.898948 15.952474
v -17.301396 -27.435104 14.848067
v -17.216700 -27.472258 15.929651
v -17.464018 -26.540504 16.084773
v -16.857135 -26.990044 15.922996
v -11.935708 -26.882670 15.931513
v -11.351806 -26.442562 16.084306
v -11.543404 -27.359209 15.937578
v -11.488979 -27.321284 14.847486
v -10.763963 -26.872309 14.799404
v -10.826471 -26.956207 15.939094
v -10.127622 -26.520708 14.851193
v -10.172313 -26.411026 15.943141
v -9.788598 -25.867099 14.794548
v -9.676358 -25.736206 15.933918
v -1.123244 -26.561843 15.947549
v -1.165792 -26.659909 14.850853
v -0.509870 -26.997360 14.798894
v -0.416140 -27.078151 15.944013
v -1.505433 -26.022854 14.796753
v -1.629343 -25.897637 15.939461
v 0.214475 -27.419903 14.847681
v 0.302771 -27.445932 15.932275
v 0.089701 -26.556545 16.087411
v 0.667385 -26.961474 15.923176
v 5.454425 -26.976742 15.928163
v 6.052146 -26.549180 16.090077
v 5.846997 -27.457791 15.933123
v 5.923834 -27.420007 14.848481
v 6.680629 -26.966550 14.799988
v 6.595411 -27.059305 15.941008
v 7.333234 -26.618291 14.850769
v 7.277305 -26.511492 15.946215
v 7.695442 -25.962814 14.796888
v 7.794934 -25.844594 15.940364
v 16.380793 -26.525228 15.953488
v 16.372772 -26.624437 14.851958
v 16.997836 -26.952425 14.799177
v 17.062039 -27.032023 15.961713
v 16.030168 -25.985412 14.798815
v 15.881005 -25.860366 15.933070
v 17.666087 -27.362127 14.844986
v 17.748030 -27.386288 15.956830
v 17.548180 -26.468093 16.102564
v 18.088505 -26.890996 15.944233
v 22.927078 -27.027406 15.924767
v 23.546058 -26.610997 16.084352
v 23.339299 -27.507240 15.929816
v 23.411440 -27.468932 14.849209
v 24.199417 -26.998422 14.798303
v 24.116922 -27.106896 15.940462
v 24.875769 -26.648129 14.851167
v 24.819385 -26.554174 15.951843
v 25.242974 -25.992955 14.797229
v 25.343768 -25.878155 15.943858
v -18.632135 -25.418984 16.103357
v -19.094372 -24.823061 15.945702
v -19.541784 -25.271506 14.845772
v -19.567287 -25.186092 15.949019
v -10.260300 -25.290921 16.080620
v -9.824727 -24.683767 15.919352
v -9.359711 -25.130850 14.847757
v -9.330636 -25.025550 15.924244
v -1.032155 -25.463748 16.083695
v -1.508105 -24.853544 15.926005
v -1.962251 -25.306062 14.848505
v -1.993373 -25.201879 15.933386
v 7.223557 -25.380168 16.085247
v 7.695614 -24.774176 15.930637
v 8.147877 -25.207541 14.845754
v 8.168263 -25.135235 15.938327
v 16.472372 -25.382802 16.087817
v 16.019589 -24.786303 15.918509
v 15.581766 -25.260966 14.852002
v 15.534075 -25.152251 15.918022
v 24.759966 -25.427432 16.085110
v 25.236710 -24.808570 15.938158
v 25.695366 -25.237453 14.846225
v 25.718779 -25.167201 15.943621
v -19.133366 -19.864892 15.914098
v -18.737760 -19.288896 16.078248
v -9.909071 -19.779376 15.926999
v -10.338194 -19.210794 16.092874
v -1.527430 -19.802276 15.935553
v -1.113156 -19.224321 16.092177
v 7.715546 -19.883918 15.935132
v 7.284561 -19.291881 16.090676
v 16.025467 -19.826561 15.919087
v 16.454822 -19.249792 16.082165
v 25.194525 -19.731064 15.945761
v 24.737786 -19.131934 16.091390
v -19.058456 -18.598623 14.795680
v -19.535401 -19.349200 14.841457
v -19.594453 -19.458853 15.909673
v -19.185057 -18.718736 15.930019
v -9.425984 -19.395329 15.928422
v -9.477355 -19.315298 14.844117
v -9.934104 -18.600499 14.799331
v -9.820310 -18.686969 15.933120
v -1.510093 -18.614814 14.800713
v -1.962045 -19.337178 14.846425
v -1.998443 -19.399579 15.937883
v -1.597011 -18.679108 15.935753
v 8.232100 -19.494395 15.933373
v 8.180160 -19.449426 14.843435
v 7.726674 -18.706082 14.797289
v 7.854779 -18.735514 15.927058
v 16.056711 -18.626709 14.799456
v 15.592761 -19.356299 14.843618
v 15.542291 -19.437525 15.921885
v 15.944660 -18.723451 15.926572
v 25.689236 -19.320937 15.947819
v 25.642469 -19.282213 14.843825
v 25.161213 -18.546486 14.799280
v 25.271726 -18.577027 15.940955
v -18.683592 -17.938543 14.845427
v -18.621396 -18.042197 15.953161
v -17.963992 -17.544287 15.965541
v -18.040853 -17.613074 14.804064
v -17.271031 -17.191766 15.984943
v -17.320726 -17.188664 14.855581
v -17.587997 -18.152008 16.136224
v -16.947458 -17.684958 15.984177
v -12.033072 -17.684188 15.945879
v -11.445429 -18.122651 16.100139
v -11.626787 -17.216320 14.848879
v -11.677037 -17.187212 15.951093
v -10.985914 -17.549530 15.941683
v -10.921414 -17.638527 14.802673
v -10.349545 -18.037987 15.937315
v -10.278623 -17.963656 14.844789
v -1.157573 -17.972861 14.847635
v -1.061103 -18.026864 15.938241
v -0.425608 -17.533043 15.937939
v -0.522933 -17.649512 14.798007
v 0.247289 -17.201602 15.939902
v 0.154521 -17.229795 14.846255
v -0.011952 -18.138220 16.097944
v 0.566832 -17.705143 15.938002
v 5.495328 -17.661320 15.935704
v 6.114681 -18.129885 16.092352
v 5.932538 -17.219526 14.850463
v 5.880632 -17.189378 15.934520
v 6.612195 -17.577409 15.923874
v 6.693252 -17.687766 14.801326
v 7.312452 -18.045935 15.925228
v 7.369271 -18.040664 14.841177
v 16.405148 -17.988975 14.846335
v 16.475344 -18.077108 15.934988
v 17.102198 -17.576591 15.941382
v 17.033944 -17.656654 14.801268
v 17.764786 -17.224194 15.949624
v 17.705200 -17.244313 14.846536
v 17.533873 -18.149987 16.096643
v 18.094738 -17.725700 15.940337
v 22.861895 -17.565820 15.927552
v 23.490409 -17.994277 16.084914
v 23.316873 -17.118383 14.847922
v 23.241623 -17.078903 15.925303
v 23.997857 -17.438348 15.926716
v 24.102339 -17.561180 14.799694
v 24.708839 -17.899512 15.938570
v 24.792553 -17.890721 14.844338
v -18.614240 -9.059813 15.940382
v -18.686000 -9.119052 14.845184
v -18.016383 -9.454735 14.798778
v -17.893790 -9.565462 15.936887
v -19.046131 -8.464679 14.801039
v -19.149751 -8.397447 15.941751
v -17.255917 -9.897957 14.844548
v -17.159332 -9.925082 15.931112
v -17.419808 -9.011293 16.089726
v -16.812155 -9.442083 15.929021
v -12.018939 -9.355238 15.967227
v -11.442505 -8.930156 16.118394
v -11.645230 -9.855569 15.969983
v -11.641604 -9.846110 14.850857
v -10.931775 -9.424901 14.804924
v -10.940402 -9.474567 15.941709
v -10.273342 -9.079377 14.844499
v -10.286105 -8.942809 15.923593
v -9.929666 -8.451393 14.795764
v -9.773790 -8.308811 15.909571
v -1.325733 -8.765515 15.941934
v -1.382355 -8.849465 14.846588
v -0.751307 -9.207957 14.796709
v -0.658983 -9.330783 15.938686
v -1.705492 -8.181806 14.800540
v -1.799521 -8.100251 15.938788
v -0.042301 -9.682495 14.838697
v 0.053998 -9.738382 15.923543
v -0.119156 -8.825190 16.067094
v 0.442219 -9.271536 15.914009
v 5.328548 -9.463655 15.969980
v 5.930572 -9.064894 16.121747
v 5.718770 -9.977140 15.975762
v 5.725100 -9.968067 14.852426
v 6.464604 -9.551767 14.803574
v 6.474708 -9.607436 15.954155
v 7.154036 -9.224419 14.844207
v 7.185442 -9.092261 15.937913
v 7.512196 -8.600803 14.795445
v 7.705242 -8.456877 15.911326
v 16.434683 -8.998791 15.939103
v 16.411668 -9.095179 14.846857
v 17.058808 -9.417068 14.801028
v 17.115192 -9.491248 15.945067
v 16.084377 -8.474023 14.798003
v 15.934993 -8.362043 15.928707
v 17.737702 -9.833986 14.846272
v 17.802276 -9.846879 15.948710
v 17.578449 -8.941526 16.096788
v 18.144538 -9.353974 15.939039
v 22.948795 -9.444672 15.943908
v 23.566489 -9.029714 16.105542
v 23.345801 -9.929615 15.941726
v 23.404863 -9.894036 14.849718
v 24.177232 -9.434107 14.802325
v 24.106443 -9.539606 15.937890
v 24.855674 -9.087750 14.845759
v 24.789892 -8.991243 15.941590
v 25.211510 -8.448916 14.800125
v 25.319789 -8.338754 15.940320
v -18.587074 -7.910936 16.103542
v -19.050132 -7.326512 15.953656
v -19.500971 -7.739596 14.848915
v -19.530890 -7.696051 15.954664
v -10.329607 -7.822944 16.072125
v -9.899477 -7.254545 15.899331
v -9.468599 -7.731671 14.841411
v -9.411724 -7.617744 15.897034
v -1.185137 -7.700373 16.104781
v -1.606782 -7.097749 15.953664
v -2.105764 -7.473064 14.851095
v -2.113163 -7.418269 15.953919
v 7.108485 -7.984279 16.079342
v 7.578066 -7.405665 15.904584
v 7.985326 -7.891690 14.843775
v 8.063409 -7.772241 15.895510
v 16.515324 -7.891469 16.085208
v 16.076368 -7.330839 15.923180
v 15.646866 -7.791826 14.844453
v 15.581575 -7.688242 15.923765
v 24.751876 -7.874104 16.097586
v 25.218594 -7.282348 15.936533
v 25.669094 -7.721839 14.846412
v 25.697386 -7.639364 15.938944
v -19.139616 -2.330946 15.938955
v -18.704817 -1.710549 16.092247
v -9.772594 -2.476695 15.920875
v -10.163738 -1.894001 16.081249
v -1.606302 -2.374460 15.984469
v -1.193791 -1.779289 16.123075
v 7.744370 -2.377074 15.899733
v 7.316064 -1.776868 16.061226
v 15.922315 -2.449827 15.946080
v 16.322170 -1.866463 16.099290
v 25.256761 -2.270881 15.910945
v 24.807483 -1.660655 16.068734
v -19.133431 -1.107638 14.796437
v -19.596955 -1.876367 14.847337
v -19.640646 -1.937584 15.933603
v -19.243627 -1.197489 15.930712
v -9.246843 -2.116098 15.922349
v -9.291373 -2.032759 14.841219
v -9.706791 -1.294093 14.793516
v -9.597596 -1.377253 15.923165
v -1.693610 -1.246525 14.800973
v -2.113583 -1.991766 14.849680
v -2.127049 -1.970698 15.991524
v -1.750962 -1.193685 15.964559
v 8.228735 -1.992570 15.901185
v 8.189154 -1.904187 14.842170
v 7.733289 -1.139466 14.792473
v 7.841183 -1.249672 15.910940
v 15.858430 -1.283411 14.797962
v 15.448403 -2.019847 14.844641
v 15.423334 -2.068737 15.957089
v 15.794954 -1.322461 15.953601
v 25.729788 -1.858969 15.904612
v 25.669456 -1.779214 14.843984
v 25.182340 -1.001201 14.793329
v 25.317624 -1.113352 15.915167
v -18.756442 -0.434360 14.851253
v -18.695619 -0.509925 15.948826
v -18.009068 0.012864 15.955086
v -18.114988 -0.097174 14.799798
v -17.274699 0.386031 15.947417
v -17.373876 0.352376 14.849206
v -17.505304 -0.559251 16.089711
v -16.896583 -0.094369 15.937089
v -11.815620 -0.252768 15.930658
v -11.225932 -0.730011 16.086297
v -11.360367 0.185223 14.851970
v -11.421878 0.216435 15.934797
v -10.737766 -0.189687 15.930036
v -10.664633 -0.282231 14.802519
v -10.100981 -0.688182 15.927524
v -10.041370 -0.633850 14.849687
v -1.330251 -0.560712 14.844169
v -1.203999 -0.472472 15.936514
v -0.526093 0.011203 15.899133
v -0.699623 -0.218165 14.794402
v 0.185007 0.337238 15.874465
v 0.034464 0.251494 14.846619
v -0.061941 -0.625187 16.071592
v 0.541762 -0.154373 15.888962
v 5.572403 -0.146075 15.932530
v 6.181658 -0.611224 16.081809
v 5.995896 0.315389 14.848947
v 5.959704 0.350056 15.941057
v 6.674916 -0.042259 15.932775
v 6.719873 -0.135074 14.798999
v 7.308714 -0.568034 15.926636
v 7.365006 -0.475156 14.850695
v 16.192652 -0.617097 14.851992
v 16.316926 -0.629027 15.945917
v 16.925405 -0.113680 15.928035
v 16.801606 -0.279987 14.797755
v 17.591857 0.239563 15.909808
v 17.472117 0.182512 14.850802
v 17.377116 -0.722218 16.083760
v 17.947645 -0.244804 15.912931
v 22.958556 -0.043926 15.944520
v 23.585285 -0.499501 16.090312
v 23.387316 0.430467 14.848587
v 23.339781 0.453396 15.956952
v 24.089258 0.075553 15.948430
v 24.140646 -0.001521 14.800363
v 24.763485 -0.435468 15.939434
v 24.799495 -0.333908 14.850144
v -18.617125 -26.573834 16.900895
v -17.910719 -27.133835 16.914078
v -19.177519 -25.890768 16.930331
v -17.202747 -27.463124 16.959813
v -17.487779 -26.528410 17.005266
v -16.850398 -26.983939 16.987178
v -11.915510 -26.861710 16.994448
v -11.306265 -26.396099 17.005419
v -11.522557 -27.345360 16.969071
v -10.830194 -26.961753 16.916572
v -10.166798 -26.394844 16.895407
v -9.660538 -25.708667 16.918615
v -1.118248 -26.561010 16.898388
v -0.397112 -27.091500 16.914117
v -1.639409 -25.885962 16.924344
v 0.306335 -27.435127 16.963074
v 0.075080 -26.538593 17.003953
v 0.671714 -26.963032 16.985090
v 5.440019 -26.975983 16.989051
v 6.060884 -26.525561 17.006575
v 5.841169 -27.453336 16.965300
v 6.570946 -27.071274 16.917551
v 7.263908 -26.494473 16.896008
v 7.803066 -25.829968 16.921897
v 16.381070 -26.476726 16.897349
v 17.050045 -27.014921 16.924348
v 15.858548 -25.816253 16.910780
v 17.712257 -27.350629 16.987305
v 17.479988 -26.428351 17.013912
v 18.057264 -26.866544 17.005562
v 22.909787 -27.026308 16.985620
v 23.551242 -26.576014 17.001086
v 23.320476 -27.499493 16.961518
v 24.082852 -27.126396 16.917020
v 24.803211 -26.546409 16.902041
v 25.347027 -25.868789 16.928569
v -18.598974 -25.456116 17.022523
v -19.086956 -24.829819 17.009281
v -19.541054 -25.195331 16.986724
v -10.271834 -25.296878 16.998355
v -9.822484 -24.668214 16.983900
v -9.339806 -25.016579 16.966192
v -1.002299 -25.494245 17.004886
v -1.494764 -24.857445 16.995471
v -1.972815 -25.211199 16.976544
v 7.187488 -25.434484 17.012236
v 7.676366 -24.793468 17.002107
v 8.145480 -25.148021 16.977917
v 16.471355 -25.383224 16.996480
v 16.018422 -24.770225 16.974521
v 15.540206 -25.132493 16.953419
v 24.717915 -25.478913 17.014624
v 25.221637 -24.825963 17.006699
v 25.691587 -25.184330 16.984676
v -19.154209 -19.905811 16.973204
v -18.727565 -19.308402 16.998260
v -9.913367 -19.785925 16.986792
v -10.353589 -19.189834 17.007358
v -1.515244 -19.784319 16.999844
v -1.069968 -19.193865 17.010886
v 7.710471 -19.880462 16.990880
v 7.261471 -19.259919 17.005923
v 16.035740 -19.824984 16.983220
v 16.475075 -19.223695 17.001630
v 25.178427 -19.713763 17.003883
v 24.678352 -19.086475 17.011684
v -19.601620 -19.496476 16.953037
v -19.218290 -18.772960 16.914114
v -9.438336 -19.399584 16.962882
v -9.809221 -18.708568 16.911014
v -1.983009 -19.371828 16.977718
v -1.594187 -18.671833 16.919527
v 8.223076 -19.481369 16.966932
v 7.865355 -18.740691 16.917141
v 15.550144 -19.434867 16.959101
v 15.925998 -18.742909 16.907153
v 25.666760 -19.295580 16.979326
v 25.263092 -18.576464 16.924862
v -18.637282 -18.094005 16.901615
v -17.989996 -17.561231 16.938092
v -17.319902 -17.225392 17.003813
v -17.663078 -18.206554 17.038460
v -16.992553 -17.715932 17.033115
v -12.010070 -17.710216 17.006168
v -11.398218 -18.158123 17.016366
v -11.648018 -17.217000 16.982742
v -10.981027 -17.556212 16.920471
v -10.350381 -18.057002 16.888856
v -1.035550 -18.017511 16.889563
v -0.402649 -17.519997 16.912112
v 0.241891 -17.213300 16.968116
v -0.044122 -18.161786 17.009159
v 0.562072 -17.712465 16.993633
v 5.516652 -17.677299 16.998421
v 6.157210 -18.161293 17.010737
v 5.900609 -17.219461 16.974113
v 6.603429 -17.572802 16.916375
v 7.318218 -18.036908 16.894263
v 16.470075 -18.092815 16.885974
v 17.089807 -17.581629 16.917522
v 17.727925 -17.256613 16.981499
v 17.491261 -18.193312 17.011588
v 18.066453 -17.747473 17.000861
v 22.852803 -17.565141 16.993663
v 23.506919 -18.008367 17.010451
v 23.230456 -17.085991 16.965812
v 23.956122 -17.423858 16.915490
v 24.667086 -17.902751 16.898769
v -18.594991 -9.084559 16.890251
v -17.858664 -9.596611 16.907747
v -19.147695 -8.417413 16.926296
v -17.144304 -9.923346 16.958382
v -17.436105 -8.994463 17.008709
v -16.800226 -9.442514 16.990336
v -11.947071 -9.312454 17.022715
v -11.344353 -8.864311 17.024137
v -11.564569 -9.809264 16.997967
v -10.882858 -9.444794 16.923527
v -10.234680 -8.898390 16.881172
v -9.730245 -8.247441 16.893593
v -1.316992 -8.721057 16.887058
v -0.649787 -9.331419 16.918532
v -1.805286 -8.080046 16.908440
v 0.056365 -9.728845 16.974097
v -0.107179 -8.827037 17.000863
v 0.469225 -9.286614 16.992839
v 5.394646 -9.434942 17.028564
v 6.015582 -9.006956 17.029938
v 5.795017 -9.929493 17.009450
v 6.532108 -9.561714 16.942203
v 7.237216 -9.011299 16.899920
v 7.761558 -8.374691 16.900407
v 16.431620 -8.975904 16.891544
v 17.105738 -9.488753 16.916306
v 15.915177 -8.335943 16.916250
v 17.772600 -9.819317 16.975977
v 17.533523 -8.900950 17.012789
v 18.118862 -9.335523 16.999599
v 22.958811 -9.437952 16.999712
v 23.597955 -8.982572 17.016104
v 23.356594 -9.921728 16.971057
v 24.094703 -9.555566 16.918260
v 24.790262 -8.987987 16.895070
v 25.331078 -8.322875 16.920745
v -18.552073 -7.961913 17.020342
v -19.031049 -7.356086 17.013840
v -19.499330 -7.738590 16.993324
v -10.321835 -7.810851 16.993508
v -9.881725 -7.224593 16.964678
v -9.401906 -7.583967 16.940309
v -1.133870 -7.774339 17.015419
v -1.576707 -7.140389 17.006373
v -2.087887 -7.439493 16.969788
v 7.116550 -7.975286 16.995200
v 7.599607 -7.367071 16.960904
v 8.079764 -7.717888 16.932177
v 16.524511 -7.897833 17.005596
v 16.074669 -7.313426 16.990049
v 15.589935 -7.677153 16.967494
v 24.731218 -7.905694 17.017072
v 25.213584 -7.282380 16.998105
v 25.677916 -7.643186 16.975756
v -19.124617 -2.314623 16.989552
v -18.652494 -1.654724 17.009092
v -9.775788 -2.477855 16.981073
v -10.189281 -1.859720 16.998231
v -1.553806 -2.294346 17.047987
v -1.108663 -1.676460 17.036157
v 7.745047 -2.389789 16.959163
v 7.299097 -1.761186 16.981203
v 15.953052 -2.411865 17.014894
v 16.373303 -1.797763 17.019277
v 25.264195 -2.294959 16.961865
v 24.780772 -1.653015 16.987201
v -19.643481 -1.948366 16.950105
v -19.286578 -1.241392 16.904341
v -9.250525 -2.112856 16.958984
v -9.575419 -1.387837 16.908846
v -2.065436 -1.862606 17.033269
v -1.682204 -1.103485 16.969049
v 8.229186 -2.012370 16.937204
v 7.871448 -1.298788 16.894810
v 15.463335 -2.015589 16.999073
v 15.827549 -1.283191 16.937278
v 25.747797 -1.904413 16.932113
v 25.374713 -1.185699 16.898431
v -18.729805 -0.551359 16.901185
v -18.017372 0.003136 16.943707
v -17.287434 0.368042 16.999270
v -17.516852 -0.553539 17.016366
v -16.886213 -0.085469 17.012191
v -11.795962 -0.265341 16.998057
v -11.192890 -0.756195 17.010189
v -11.402689 0.191570 16.974625
v -10.739509 -0.187084 16.916307
v -10.086440 -0.689524 16.887083
v -1.102273 -0.381694 16.924817
v -0.401629 0.088576 16.899221
v 0.273323 0.372639 16.912821
v -0.025275 -0.595550 16.985179
v 0.608970 -0.122669 16.945177
v 5.610226 -0.168542 17.000244
v 6.234892 -0.651728 17.004091
v 6.007851 0.314496 16.983160
v 6.699818 -0.061873 16.921181
v 7.322788 -0.624173 16.883520
v 16.382501 -0.592505 16.898299
v 17.000730 -0.072035 16.903397
v 17.638419 0.253051 16.938464
v 17.380233 -0.715022 16.996773
v 17.978906 -0.233503 16.968067
v 22.983482 -0.066216 17.020485
v 23.639377 -0.535958 17.021460
v 23.387460 0.412003 17.005468
v 24.122467 0.041484 16.943961
v 24.808362 -0.498536 16.899742
v -18.581704 -26.599716 17.794840
v -17.892046 -27.145498 17.818134
v -19.159534 -25.931801 17.834044
v -17.214568 -27.454351 17.901203
v -17.577357 -26.478433 18.054275
v -16.942978 -26.906068 18.053466
v -11.800274 -26.766662 18.054619
v -11.202025 -26.302058 18.052558
v -11.495010 -27.331530 17.907546
v -10.836556 -26.972222 17.824699
v -10.184135 -26.422278 17.798837
v -9.676239 -25.740236 17.828661
v -1.091547 -26.565067 17.798683
v -0.403918 -27.099446 17.820067
v -1.616630 -25.908622 17.832120
v 0.276086 -27.419844 17.905547
v -0.002069 -26.489706 18.052327
v 0.571501 -26.885044 18.054704
v 5.525929 -26.908466 18.053518
v 6.136458 -26.487444 18.054125
v 5.865183 -27.443309 17.907910
v 6.582888 -27.078844 17.825967
v 7.275581 -26.511109 17.798601
v 7.792142 -25.843045 17.827105
v 16.385819 -26.465273 17.793991
v 17.015717 -26.998379 17.825075
v 15.869341 -25.819841 17.820632
v 17.646745 -27.311980 17.919144
v 17.361644 -26.344791 18.052898
v 17.920467 -26.749868 18.057076
v 22.984792 -26.954596 18.053126
v 23.626663 -26.534496 18.053579
v 23.330506 -27.497787 17.904569
v 24.070586 -27.134975 17.825245
v 24.781752 -26.556823 17.801652
v 25.327271 -25.897418 17.834772
v -18.533232 -25.547595 18.054104
v -19.005356 -24.930926 18.058287
v -19.522182 -25.246338 17.921866
v -10.307245 -25.364974 18.052687
v -9.897538 -24.761998 18.055570
v -9.358085 -25.059094 17.912757
v -0.931006 -25.595632 18.053991
v -1.404126 -24.968442 18.056081
v -1.942944 -25.252786 17.917304
v 7.102502 -25.542804 18.054957
v 7.579331 -24.902117 18.055955
v 8.119457 -25.182970 17.914718
v 16.514332 -25.457239 18.053243
v 16.099840 -24.867906 18.054126
v 15.556735 -25.161748 17.903648
v 24.630926 -25.579534 18.054033
v 25.123287 -24.930312 18.056958
v 25.662996 -25.232378 17.921294
v -19.080639 -19.833835 18.052409
v -18.686507 -19.250871 18.051597
v -9.996573 -19.686146 18.053809
v -10.404564 -19.110726 18.053861
v -1.417286 -19.661596 18.056375
v -0.994028 -19.087429 18.052950
v 7.629628 -19.792260 18.053056
v 7.213781 -19.187901 18.052465
v 16.117630 -19.714465 18.053946
v 16.531653 -19.134227 18.054035
v 25.085927 -19.613387 18.054612
v 24.597089 -18.987790 18.053635
v -19.590241 -19.476501 17.904005
v -19.222857 -18.768804 17.823304
v -9.445421 -19.368847 17.905232
v -9.797724 -18.696901 17.822380
v -1.951286 -19.323045 17.916693
v -1.578065 -18.643244 17.826550
v 8.204413 -19.461843 17.907662
v 7.851800 -18.752219 17.829630
v 15.564227 -19.405352 17.904288
v 15.913737 -18.734180 17.819474
v 25.642747 -19.266064 17.913089
v 25.252467 -18.577817 17.832022
v -18.660382 -18.093479 17.799590
v -18.016374 -17.567819 17.835833
v -17.366372 -17.247885 17.924356
v -17.762320 -18.301827 18.054260
v -17.115619 -17.806843 18.059326
v -11.878260 -17.806048 18.056659
v -11.289641 -18.233889 18.053161
v -11.594268 -17.245459 17.916381
v -10.956675 -17.571636 17.826904
v -10.331261 -18.051012 17.795308
v -1.022407 -17.999925 17.792593
v -0.407275 -17.520949 17.820509
v 0.209007 -17.236699 17.908063
v -0.126187 -18.218370 18.052660
v 0.454361 -17.808516 18.055462
v 5.635470 -17.773964 18.057007
v 6.261337 -18.250926 18.052356
v 5.952988 -17.240404 17.914940
v 6.628861 -17.583984 17.830114
v 7.307037 -18.065514 17.804212
v 16.446644 -18.090474 17.791409
v 17.053331 -17.597303 17.823695
v 17.665447 -17.294586 17.916545
v 17.389130 -18.273103 18.050209
v 17.931516 -17.854186 18.057989
v 22.944332 -17.635658 18.054332
v 23.586451 -18.057850 18.054400
v 23.261358 -17.092068 17.910012
v 23.972593 -17.419774 17.829531
v 24.661826 -17.920154 17.804227
v -18.555292 -9.125351 17.792714
v -17.833418 -9.618272 17.814625
v -19.106837 -8.475590 17.833058
v -17.148103 -9.922414 17.899321
v -17.512439 -8.950466 18.053480
v -16.884498 -9.374715 18.054302
v -11.784976 -9.203405 18.057565
v -11.211254 -8.758419 18.053107
v -11.487826 -9.765733 17.923107
v -10.838788 -9.412933 17.827757
v -10.206269 -8.880445 17.788552
v -9.717917 -8.246505 17.811668
v -1.352974 -8.666269 17.786411
v -0.705698 -9.301970 17.825550
v -1.813946 -8.055853 17.813646
v 0.001775 -9.703106 17.918691
v -0.173558 -8.792001 18.053870
v 0.384885 -9.211234 18.055865
v 5.540990 -9.326503 18.058157
v 6.140846 -8.916120 18.054242
v 5.874731 -9.884709 17.933551
v 6.589616 -9.511111 17.842448
v 7.277943 -8.947398 17.801046
v 7.784720 -8.332131 17.815879
v 16.442876 -8.982436 17.793193
v 17.092842 -9.481165 17.819654
v 15.931502 -8.357965 17.826188
v 17.725908 -9.792937 17.910958
v 17.433056 -8.831472 18.052657
v 17.992479 -9.234180 18.056443
v 23.060244 -9.364589 18.054621
v 23.692384 -8.910225 18.053709
v 23.376784 -9.912509 17.908147
v 24.090154 -9.564226 17.825991
v 24.780698 -9.007861 17.797924
v 25.318327 -8.354466 17.828501
v -18.466974 -8.070211 18.052945
v -18.925160 -7.483338 18.057837
v -19.449170 -7.810750 17.925934
v -10.353104 -7.872991 18.051757
v -9.959750 -7.310939 18.053119
v -9.419048 -7.602360 17.896086
v -1.053597 -7.897113 18.053093
v -1.478324 -7.274662 18.055866
v -2.068897 -7.463259 17.902267
v 7.074753 -8.033388 18.052009
v 7.518436 -7.435265 18.051472
v 8.080103 -7.708842 17.888172
v 16.580185 -7.980172 18.053033
v 16.164462 -7.416554 18.055062
v 15.619671 -7.715406 17.911350
v 24.669664 -7.987974 18.053209
v 25.124672 -7.382381 18.056153
v 25.657593 -7.691922 17.915526
v -19.054764 -2.217440 18.052904
v -18.574800 -1.554293 18.053324
v -9.852987 -2.377716 18.053229
v -10.244009 -1.780520 18.052187
v -1.448561 -2.133423 18.060531
v -0.996119 -1.532994 18.053207
v 7.663747 -2.303959 18.052278
v 7.259588 -1.688525 18.052333
v 16.054863 -2.274155 18.057072
v 16.450551 -1.679157 18.055816
v 25.191461 -2.237058 18.050498
v 24.727828 -1.587718 18.052645
v -19.658137 -1.973063 17.887454
v -19.343035 -1.318191 17.814268
v -9.268323 -2.093140 17.902718
v -9.575293 -1.392125 17.821561
v -1.991547 -1.767713 17.947125
v -1.592308 -1.038219 17.860865
v 8.223454 -2.005111 17.891845
v 7.894636 -1.319599 17.811574
v 15.502018 -1.940511 17.928616
v 15.870288 -1.221500 17.838662
v 25.769584 -1.936985 17.883198
v 25.432579 -1.253902 17.813846
v -18.826445 -0.640882 17.803176
v -18.106499 -0.050711 17.848495
v -17.363826 0.326136 17.936503
v -17.599278 -0.591619 18.056211
v -16.979630 -0.165608 18.056665
v -11.674948 -0.363826 18.056795
v -11.093334 -0.833540 18.053287
v -11.350765 0.168238 17.916193
v -10.713712 -0.200709 17.827854
v -10.069516 -0.696894 17.796787
v -0.981444 -0.352422 17.821260
v -0.322321 0.112593 17.817102
v 0.312118 0.383354 17.879956
v -0.059767 -0.608756 18.052451
v 0.564246 -0.174068 18.050343
v 5.741980 -0.270640 18.057552
v 6.346531 -0.744769 18.052673
v 6.074808 0.280719 17.921581
v 6.748419 -0.092755 17.832845
v 7.375481 -0.649792 17.794507
v 16.429742 -0.530833 17.799903
v 17.044462 -0.038130 17.815556
v 17.653697 0.252293 17.890387
v 17.310446 -0.756680 18.052065
v 17.899408 -0.307794 18.052632
v 23.105988 -0.152204 18.057964
v 23.745326 -0.608325 18.055550
v 23.471470 0.368912 17.935974
v 24.200959 -0.015130 17.849171
v 24.892285 -0.575684 17.805418
v -18.562754 -26.663562 18.652041
v -17.873438 -27.163275 18.670846
v -18.031389 -26.731305 18.687125
v -18.494162 -26.565500 18.680134
v -19.145164 -25.970253 18.671283
v -18.726052 -26.077224 18.688348
v -17.200232 -27.480082 18.714881
v -17.613184 -26.847023 18.698068
v -17.571184 -26.386080 18.705423
v -16.981063 -26.719980 18.707111
v -11.779001 -26.577039 18.707035
v -11.534532 -27.321447 18.715739
v -11.149083 -26.676161 18.697701
v -11.213929 -26.220931 18.705058
v -10.876339 -26.984416 18.670814
v -10.744318 -26.548968 18.687068
v -10.223372 -26.476218 18.654015
v -10.301169 -26.373064 18.680567
v -9.706653 -25.778678 18.670799
v -10.104506 -25.890624 18.687795
v -1.075562 -26.592096 18.653744
v -0.406196 -27.106089 18.667825
v -0.510418 -26.710589 18.686603
v -0.978079 -26.517153 18.680409
v -1.591485 -25.933611 18.673943
v -1.156790 -26.066553 18.687942
v 0.271486 -27.433569 18.713503
v -0.093291 -26.830257 18.697350
v -0.024395 -26.388462 18.705113
v 0.514025 -26.693167 18.707131
v 5.578318 -26.701721 18.706899
v 5.845941 -27.440759 18.715104
v 6.222283 -26.822052 18.697949
v 6.148884 -26.376453 18.705204
v 6.576296 -27.078813 18.668616
v 6.677269 -26.679206 18.687358
v 7.289947 -26.528122 18.654310
v 7.175495 -26.455889 18.680808
v 7.791719 -25.855773 18.673044
v 7.342565 -26.003608 18.687905
v 16.385668 -26.494869 18.652312
v 17.000689 -26.984645 18.670235
v 16.891124 -26.576751 18.686697
v 16.465940 -26.408320 18.679659
v 15.888500 -25.842714 18.669871
v 16.287712 -25.955886 18.686749
v 17.623987 -27.309926 18.715441
v 17.271264 -26.691105 18.697315
v 17.346407 -26.252241 18.704965
v 17.869601 -26.564581 18.707404
v 23.034403 -26.755017 18.706860
v 23.297929 -27.503674 18.715216
v 23.694829 -26.879758 18.698147
v 23.631035 -26.424489 18.705190
v 24.050146 -27.148285 18.669194
v 24.163172 -26.738203 18.687366
v 24.782189 -26.595846 18.654543
v 24.671599 -26.517907 18.681071
v 25.305700 -25.916493 18.674482
v 24.853947 -26.057374 18.688435
v -18.883165 -25.626938 18.698848
v -18.438989 -25.548769 18.705219
v -18.807810 -24.965259 18.707550
v -19.534452 -25.252695 18.716516
v -17.745517 -25.685697 18.704117
v -17.372941 -25.289084 18.702393
v -17.786012 -25.726929 18.064785
v -17.411708 -25.332908 18.065935
v -11.404412 -25.198096 18.065791
v -11.026358 -25.563529 18.064409
v -11.449167 -25.163847 18.702388
v -11.072353 -25.533801 18.704081
v -10.409154 -25.382756 18.705046
v -10.098156 -24.820795 18.707273
v -9.973502 -25.451459 18.697881
v -9.359212 -25.073250 18.715626
v -1.292240 -25.649304 18.698082
v -0.850789 -25.584063 18.705060
v -1.210901 -25.000117 18.707294
v -1.944479 -25.257533 18.716597
v -0.184537 -25.713993 18.704102
v 0.162504 -25.318581 18.702438
v -0.210018 -25.760235 18.064560
v 0.133798 -25.364144 18.065857
v 5.967684 -25.334235 18.065739
v 6.342839 -25.732180 18.064809
v 5.930930 -25.289232 18.702252
v 6.308648 -25.683260 18.704056
v 7.014665 -25.531064 18.705270
v 7.387022 -24.935107 18.707276
v 7.475699 -25.585727 18.698405
v 8.136222 -25.183692 18.716163
v 16.165626 -25.542696 18.697213
v 16.590368 -25.467641 18.705071
v 16.289920 -24.919733 18.707138
v 15.549190 -25.172773 18.714648
v 17.211947 -25.593612 18.704190
v 17.558803 -25.215981 18.702563
v 17.187413 -25.628616 18.064633
v 17.529143 -25.254100 18.065881
v 23.463998 -25.360308 18.065748
v 23.848189 -25.767303 18.064559
v 23.423257 -25.313929 18.702188
v 23.806724 -25.717798 18.703946
v 24.532131 -25.567228 18.705085
v 24.922186 -24.961231 18.707288
v 24.997448 -25.628504 18.698568
v 25.661831 -25.232283 18.717199
v -19.583042 -19.475928 18.714682
v -18.868313 -19.763587 18.706953
v -18.561331 -19.215963 18.704982
v -18.990253 -19.128246 18.697461
v -17.505396 -19.445247 18.702319
v -17.887440 -19.070205 18.703993
v -17.557376 -19.415949 18.065829
v -17.948501 -19.051138 18.064416
v -11.513792 -19.341399 18.702454
v -10.183124 -19.647550 18.706972
v -10.492987 -19.108006 18.705187
v -11.144052 -18.975093 18.704166
v -11.477714 -19.302325 18.065804
v -11.111410 -18.938635 18.064691
v -9.446522 -19.388641 18.714306
v -10.061302 -19.027601 18.697516
v -1.931121 -19.326349 18.715980
v -1.213064 -19.612433 18.707213
v -0.900866 -19.068946 18.704978
v -1.321431 -18.975683 18.697526
v 0.083138 -19.333771 18.702502
v -0.268131 -18.952204 18.704175
v 0.044670 -19.297861 18.065893
v -0.305977 -18.924559 18.064564
v 6.016622 -19.390742 18.702284
v 7.437275 -19.758140 18.706765
v 7.109925 -19.192351 18.704956
v 6.413662 -19.028705 18.703980
v 6.057169 -19.349073 18.065754
v 6.452977 -18.986578 18.064291
v 8.184409 -19.508658 18.715128
v 7.563398 -19.124062 18.697545
v 15.574463 -19.430824 18.714714
v 16.305520 -19.677512 18.707032
v 16.609594 -19.132468 18.705191
v 16.187307 -19.057329 18.697209
v 17.573418 -19.375517 18.702612
v 17.232096 -19.006225 18.704180
v 17.544565 -19.334611 18.065927
v 17.208710 -18.970025 18.064413
v 23.398823 -19.260824 18.702199
v 24.894531 -19.592913 18.707006
v 24.504777 -19.005234 18.705088
v 23.780530 -18.863503 18.704015
v 23.434912 -19.211370 18.065713
v 23.814779 -18.810597 18.064657
v 25.637242 -19.304833 18.716619
v 24.970485 -18.927518 18.698289
v -19.223329 -18.753562 18.668260
v -18.846713 -18.673324 18.687375
v -17.728316 -18.367068 18.705181
v -17.124063 -17.988644 18.707371
v -11.831442 -17.999527 18.707298
v -11.281037 -18.321389 18.705022
v -9.799044 -18.707228 18.668470
v -10.191417 -18.609438 18.686874
v -1.564887 -18.623281 18.669205
v -1.181893 -18.543801 18.687075
v -0.122703 -18.295217 18.705097
v 0.420837 -17.985754 18.707256
v 5.686254 -17.986567 18.707316
v 6.271170 -18.346226 18.704910
v 7.835814 -18.795539 18.669891
v 7.429594 -18.687900 18.686950
v 15.920504 -18.747612 18.668930
v 16.311985 -18.640122 18.686584
v 17.367245 -18.357010 18.704786
v 17.881546 -18.044343 18.707481
v 23.005915 -17.844959 18.707058
v 23.602049 -18.169045 18.705230
v 25.258735 -18.605831 18.672254
v 24.814410 -18.493992 18.687696
v -18.613634 -18.174784 18.680791
v -18.177666 -18.019873 18.688629
v -18.014056 -17.559405 18.674836
v -18.669970 -18.062886 18.653439
v -17.770558 -17.895519 18.699392
v -17.349953 -17.221561 18.716626
v -11.585891 -17.253747 18.716072
v -11.213322 -17.880999 18.697594
v -10.819052 -17.998159 18.687495
v -10.942086 -17.579397 18.672830
v -10.390849 -18.149753 18.680190
v -10.318724 -18.047097 18.653208
v -0.960736 -18.077125 18.679744
v -0.551769 -17.947070 18.686942
v -0.413268 -17.523477 18.671899
v -1.021999 -17.971261 18.652410
v -0.178437 -17.847992 18.697418
v 0.205787 -17.229837 18.714864
v 5.959406 -17.252600 18.716764
v 6.341983 -17.898581 18.697701
v 6.770072 -18.037641 18.687816
v 6.648332 -17.600849 18.674607
v 7.225723 -18.211762 18.680754
v 7.303560 -18.106525 18.655225
v 16.501258 -18.182633 18.679751
v 16.918269 -18.029374 18.687045
v 17.029928 -17.618846 18.671397
v 16.424666 -18.086299 18.652656
v 17.293206 -17.920035 18.697038
v 17.643516 -17.302744 18.714875
v 23.257036 -17.092262 18.716145
v 23.658048 -17.716467 18.698195
v 24.111447 -17.848062 18.687895
v 23.982723 -17.434034 18.671680
v 24.602328 -18.030952 18.681048
v 24.697357 -17.938825 18.655098
v -18.501230 -9.174035 18.652886
v -17.797114 -9.643793 18.668560
v -17.954744 -9.225202 18.686451
v -18.421365 -9.073589 18.679974
v -19.051436 -8.527852 18.672423
v -18.638504 -8.614941 18.687914
v -17.111163 -9.944384 18.713875
v -17.535118 -9.327434 18.697858
v -17.496502 -8.876439 18.705281
v -16.911211 -9.188831 18.706919
v -11.744396 -9.003311 18.707194
v -11.490428 -9.738841 18.716136
v -11.126168 -9.109787 18.697210
v -11.204588 -8.675640 18.704848
v -10.835311 -9.393877 18.670912
v -10.726830 -8.985907 18.686923
v -10.203873 -8.892602 18.652640
v -10.289381 -8.806225 18.679492
v -9.732461 -8.262186 18.669321
v -10.126806 -8.368278 18.686295
v -1.447534 -8.612331 18.653122
v -0.768210 -9.244987 18.666951
v -0.805613 -8.903116 18.687411
v -1.308944 -8.594489 18.679193
v -1.855902 -8.023795 18.672157
v -1.393402 -8.223340 18.686458
v -0.022953 -9.684288 18.715770
v -0.333487 -9.083235 18.697940
v -0.210050 -8.680999 18.705131
v 0.321282 -8.997552 18.707275
v 5.604679 -9.119874 18.707315
v 5.880565 -9.848125 18.717655
v 6.251175 -9.239637 18.698152
v 6.169062 -8.808441 18.704931
v 6.625794 -9.482163 18.670559
v 6.708919 -9.097369 18.688030
v 7.322096 -8.913068 18.654010
v 7.206218 -8.857473 18.680257
v 7.791631 -8.298153 18.672012
v 7.344470 -8.447699 18.686713
v 16.466424 -9.011790 18.652654
v 17.090412 -9.485903 18.669033
v 16.975294 -9.081886 18.686330
v 16.547815 -8.922825 18.679668
v 15.974444 -8.380819 18.671102
v 16.369069 -8.482781 18.687043
v 17.721002 -9.798072 18.714135
v 17.356284 -9.187990 18.697132
v 17.424966 -8.752982 18.705015
v 17.948959 -9.052605 18.707238
v 23.098464 -9.160216 18.706946
v 23.340564 -9.913788 18.715687
v 23.747394 -9.278230 18.698142
v 23.690637 -8.823237 18.705165
v 24.060837 -9.571264 18.670664
v 24.192974 -9.149119 18.687403
v 24.766750 -9.049598 18.653657
v 24.676171 -8.958126 18.680645
v 25.292988 -8.382136 18.671701
v 24.869615 -8.495895 18.687863
v -18.792111 -8.189084 18.697774
v -18.355318 -8.092280 18.704921
v -18.713696 -7.541610 18.707440
v -19.431576 -7.849622 18.716802
v -17.672552 -8.205697 18.704078
v -17.307429 -7.812908 18.702360
v -17.723144 -8.230663 18.064568
v -17.353047 -7.846256 18.065886
v -11.409374 -7.703467 18.065773
v -11.045027 -8.054830 18.064449
v -11.448110 -7.673203 18.702446
v -11.079418 -8.028151 18.704133
v -10.443212 -7.893570 18.705009
v -10.155138 -7.368371 18.707037
v -10.015916 -7.969012 18.696436
v -9.421846 -7.612623 18.713199
v -1.467592 -7.883527 18.697401
v -0.990440 -7.869433 18.705272
v -1.310496 -7.294061 18.707069
v -2.098396 -7.447796 18.713427
v -0.304260 -8.049959 18.704203
v 0.096656 -7.706466 18.702465
v -0.324928 -8.098537 18.064718
v 0.062656 -7.746838 18.065893
v 5.976997 -7.827035 18.065774
v 6.341449 -8.202809 18.064544
v 5.942309 -7.783501 18.702395
v 6.315961 -8.154484 18.704104
v 6.998411 -8.014292 18.705175
v 7.339412 -7.455715 18.706906
v 7.455365 -8.069604 18.697133
v 8.091702 -7.680528 18.713769
v 16.244558 -8.081972 18.697227
v 16.665449 -7.997150 18.704998
v 16.359809 -7.467956 18.707225
v 15.629646 -7.732375 18.715500
v 17.286902 -8.111683 18.704215
v 17.630779 -7.739755 18.702566
v 17.256089 -8.139008 18.064614
v 17.597986 -7.774233 18.065882
v 23.520337 -7.792093 18.065816
v 23.904176 -8.171380 18.064576
v 23.476163 -7.755010 18.702293
v 23.858684 -8.137151 18.704039
v 24.562754 -7.996387 18.705077
v 24.922520 -7.430326 18.707310
v 25.012867 -8.071800 18.698027
v 25.655952 -7.705771 18.715916
v -19.683974 -2.072645 18.714598
v -18.887069 -2.238314 18.706787
v -18.512420 -1.617543 18.705548
v -19.015424 -1.611422 18.698949
v -17.356263 -1.778943 18.702189
v -17.769488 -1.414984 18.704056
v -17.389383 -1.721477 18.065720
v -17.789928 -1.340083 18.064817
v -11.379956 -1.943117 18.702447
v -10.032574 -2.340011 18.706941
v -10.324677 -1.779924 18.705082
v -10.984581 -1.600003 18.704147
v -11.341047 -1.903006 18.065796
v -10.951136 -1.559394 18.064482
v -9.268203 -2.133771 18.714090
v -9.875112 -1.729435 18.697497
v -1.950148 -1.760993 18.718761
v -1.228789 -2.076685 18.707329
v -0.879293 -1.509089 18.704606
v -1.314953 -1.410927 18.698507
v 0.168286 -1.762850 18.702299
v -0.200936 -1.374332 18.704011
v 0.122016 -1.726243 18.065795
v -0.254918 -1.346824 18.064427
v 6.085584 -1.881369 18.702410
v 7.481874 -2.265042 18.707019
v 7.167410 -1.692160 18.705240
v 6.483137 -1.521285 18.704092
v 6.125699 -1.841000 18.065790
v 6.519548 -1.480392 18.064372
v 8.234145 -2.036747 18.714017
v 7.617946 -1.639092 18.697238
v 15.517459 -1.928726 18.716787
v 16.251086 -2.208688 18.707370
v 16.554576 -1.649838 18.705241
v 16.128286 -1.564375 18.698360
v 17.561946 -1.881212 18.702471
v 17.196953 -1.507564 18.704219
v 17.517538 -1.847536 18.065807
v 17.147365 -1.484139 18.064795
v 23.511647 -1.820246 18.702186
v 25.019815 -2.232996 18.706710
v 24.652205 -1.627075 18.705428
v 23.918466 -1.441973 18.704022
v 23.547107 -1.766566 18.065678
v 23.946287 -1.376791 18.064647
v 25.797813 -2.018683 18.714003
v 25.137566 -1.592091 18.698366
v -19.405458 -1.442766 18.671517
v -18.913746 -1.230649 18.686666
v -17.640914 -0.734654 18.705249
v -17.058123 -0.389066 18.707421
v -11.637861 -0.567498 18.707451
v -11.088765 -0.931211 18.705067
v -9.584039 -1.433505 18.668649
v -9.982096 -1.303778 18.686638
v -1.533671 -1.011311 18.672963
v -1.145446 -0.946068 18.688889
v -0.034613 -0.684286 18.705291
v 0.545023 -0.353010 18.706784
v 5.784869 -0.477589 18.707401
v 6.356055 -0.840062 18.704961
v 7.914330 -1.352725 18.669022
v 7.501184 -1.218414 18.686410
v 15.899859 -1.182318 18.669241
v 16.276306 -1.103421 18.687956
v 17.338087 -0.826472 18.705277
v 17.892511 -0.483416 18.707018
v 23.172719 -0.377958 18.707354
v 23.770935 -0.738496 18.705100
v 25.480077 -1.350107 18.670433
v 25.016091 -1.178911 18.686824
v -18.797042 -0.820146 18.680437
v -18.252186 -0.502201 18.689658
v -18.193784 -0.123592 18.670682
v -18.948144 -0.793008 18.655408
v -17.747897 -0.312728 18.699332
v -17.406271 0.304565 18.718309
v -11.343410 0.152117 18.717377
v -10.998471 -0.497057 18.697778
v -10.593264 -0.646617 18.687616
v -10.696176 -0.223075 18.673437
v -10.154897 -0.831887 18.680278
v -10.069714 -0.735189 18.653860
v -0.869711 -0.443893 18.681334
v -0.454246 -0.321303 18.686829
v -0.284725 0.134740 18.673219
v -0.919083 -0.315408 18.656540
v -0.069663 -0.219255 18.697228
v 0.347760 0.411552 18.712847
v 6.076255 0.254730 18.717132
v 6.441117 -0.394268 18.697862
v 6.873947 -0.545867 18.688071
v 6.775165 -0.120709 18.673080
v 7.333772 -0.756502 18.680232
v 7.425512 -0.672923 18.653589
v 16.527000 -0.600044 18.680156
v 16.927670 -0.473055 18.686803
v 17.089509 -0.021572 18.672260
v 16.476235 -0.477066 18.653251
v 17.291366 -0.368075 18.697592
v 17.687182 0.272053 18.714259
v 23.493139 0.342178 18.718517
v 23.859373 -0.296282 18.698985
v 24.343451 -0.470623 18.689516
v 24.261453 -0.065606 18.673532
v 24.861961 -0.731439 18.681076
v 24.983821 -0.671473 18.655344
v -23.289806 -31.104581 0.000880
v -22.422559 -31.105847 0.000134
v -22.390510 -31.105741 1.031166
v -23.285613 -31.102824 1.034187
v -23.286346 -30.303857 0.001487
v -22.388143 -30.330408 0.000426
v -23.283887 -30.290860 1.028110
v -21.501278 -31.110584 0.000179
v -21.463475 -31.110210 1.024339
v -21.457404 -30.380676 0.000259
v -20.538485 -31.113843 0.000449
v -20.507237 -31.113069 1.015309
v -20.506202 -30.415532 0.000121
v -19.540619 -31.114337 0.000186
v -19.520362 -31.113872 1.007450
v -19.535518 -30.425817 -0.000120
v -18.529874 -31.113448 -0.000264
v -18.519219 -31.113516 1.003427
v -18.534022 -30.423505 -0.000318
v -17.510639 -31.112782 -0.000326
v -17.506644 -31.112967 1.003110
v -17.514373 -30.419224 -0.000268
v -16.486357 -31.112616 -0.000199
v -16.485834 -31.112713 1.005157
v -16.489954 -30.417106 -0.000152
v -15.460338 -31.112580 -0.000104
v -15.461181 -31.112626 1.007852
v -15.463715 -30.416265 -0.000074
v -14.434110 -31.112566 -0.000052
v -14.435183 -31.112599 1.010119
v -14.436845 -30.415937 -0.000032
v -13.408560 -31.112573 -0.000028
v -13.408973 -31.112601 1.011562
v -13.410305 -30.415887 -0.000015
v -12.381381 -31.112590 -0.000024
v -12.381599 -31.112611 1.012322
v -12.382628 -30.415963 -0.000014
v -11.352880 -31.112592 -0.000022
v -11.353549 -31.112615 1.012837
v -11.354020 -30.416006 -0.000011
v -10.326586 -31.112602 -0.000011
v -10.326946 -31.112621 1.013284
v -10.327012 -30.416088 -0.000003
v -9.301223 -31.112640 0.000005
v -9.301269 -31.112641 1.013613
v -9.301213 -30.416275 0.000003
v -8.275351 -31.112664 0.000014
v -8.275420 -31.112654 1.013873
v -8.275667 -30.416396 0.000006
v -7.249861 -31.112646 0.000012
v -7.249947 -31.112643 1.014115
v -7.250442 -30.416305 0.000008
v -6.225525 -31.112609 0.000006
v -6.225307 -31.112623 1.014271
v -6.225867 -30.416134 0.000010
v -5.203010 -31.112615 0.000005
v -5.201821 -31.112628 1.014162
v -5.202308 -30.416193 0.000008
v -4.178947 -31.112672 0.000002
v -4.177202 -31.112662 1.013769
v -4.177857 -30.416496 -0.000003
v -3.150231 -31.112694 -0.000005
v -3.149816 -31.112676 1.013495
v -3.150408 -30.416627 -0.000011
v -2.122854 -31.112658 -0.000002
v -2.123139 -31.112655 1.013570
v -2.123641 -30.416451 -0.000004
v -1.099516 -31.112630 0.000003
v -1.099248 -31.112636 1.013652
v -1.099818 -30.416282 0.000005
v -0.076650 -31.112630 -0.000001
v -0.075946 -31.112637 1.013459
v -0.076564 -30.416285 0.000002
v 0.947369 -31.112661 -0.000004
v 0.948265 -31.112657 1.013051
v 0.947750 -30.416467 -0.000006
v 1.973563 -31.112694 -0.000005
v 1.973919 -31.112676 1.012657
v 1.973375 -30.416629 -0.000012
v 3.001011 -31.112663 -0.000013
v 3.000255 -31.112659 1.012499
v 2.999669 -30.416482 -0.000013
v 4.026001 -31.112613 -0.000024
v 4.025382 -31.112632 1.012500
v 4.025151 -30.416243 -0.000012
v 5.051119 -31.112621 -0.000020
v 5.050507 -31.112634 1.012509
v 5.050829 -30.416254 -0.000011
v 6.077277 -31.112653 -0.000008
v 6.076353 -31.112652 1.012570
v 6.076934 -30.416399 -0.000008
v 7.103601 -31.112666 0.000002
v 7.102381 -31.112658 1.012704
v 7.102895 -30.416457 -0.000003
v 8.129441 -31.112656 0.000002
v 8.128298 -31.112652 1.012842
v 8.128622 -30.416390 -0.000002
v 9.155961 -31.112624 -0.000007
v 9.154649 -31.112633 1.012965
v 9.154950 -30.416202 -0.000004
v 10.182284 -31.112583 -0.000018
v 10.181076 -31.112611 1.013099
v 10.181739 -30.415991 -0.000005
v 11.208149 -31.112583 -0.000018
v 11.207410 -31.112611 1.013202
v 11.208619 -30.415986 -0.000005
v 12.235034 -31.112621 -0.000008
v 12.234447 -31.112631 1.013289
v 12.235989 -30.416172 -0.000004
v 13.263195 -31.112643 0.000004
v 13.262247 -31.112643 1.013463
v 13.263883 -30.416299 0.000002
v 14.289919 -31.112647 0.000015
v 14.289228 -31.112645 1.013654
v 14.290733 -30.416344 0.000011
v 15.315372 -31.112664 0.000021
v 15.315363 -31.112654 1.013614
v 15.316482 -30.416447 0.000014
v 16.342069 -31.112684 0.000015
v 16.342303 -31.112668 1.013272
v 16.342988 -30.416589 0.000006
v 17.371029 -31.112702 0.000001
v 17.371231 -31.112680 1.012784
v 17.371647 -30.416689 -0.000008
v 18.403683 -31.112676 -0.000010
v 18.402382 -31.112664 1.012452
v 18.402915 -30.416514 -0.000013
v 19.433674 -31.112602 -0.000015
v 19.432243 -31.112618 1.012208
v 19.432875 -30.416077 -0.000008
v 20.460243 -31.112539 -0.000035
v 20.459666 -31.112581 1.011494
v 20.460481 -30.415755 -0.000013
v 21.486034 -31.112525 -0.000080
v 21.486296 -31.112586 1.009996
v 21.487902 -30.415863 -0.000045
v 22.513845 -31.112602 -0.000140
v 22.513728 -31.112667 1.008038
v 22.516983 -30.416718 -0.000098
v 23.543926 -31.112780 -0.000203
v 23.540693 -31.112873 1.006681
v 23.546387 -30.418577 -0.000167
v 24.570347 -31.113252 -0.000143
v 24.562563 -31.113285 1.007171
v 24.572633 -30.421659 -0.000198
v 25.590901 -31.113939 0.000210
v 25.577333 -31.113613 1.010169
v 25.587495 -30.423211 -0.000036
v 26.599477 -31.113530 0.000444
v 26.581561 -31.112950 1.015517
v 26.576250 -30.413505 0.000134
v 27.585196 -31.110466 0.000109
v 27.562012 -31.110244 1.021333
v 27.550537 -30.380247 0.000189
v 28.525389 -31.106026 -0.000002
v 28.505245 -31.105975 1.025850
v 28.503135 -30.332011 0.000285
v 29.426319 -31.104862 0.000823
v 29.423590 -31.103202 1.028368
v 29.424575 -30.306332 0.001318
v 29.422728 -30.294049 1.022735
v -23.284346 -29.450635 0.001312
v -22.348720 -29.535325 0.000247
v -23.282386 -29.449077 1.020312
v -21.383823 -29.665660 0.000321
v -20.465894 -29.719706 -0.000168
v -19.525235 -29.730907 -0.000325
v -18.543165 -29.727954 -0.000441
v -17.521047 -29.723082 -0.000319
v -16.494704 -29.720862 -0.000160
v -15.467587 -29.720025 -0.000070
v -14.439912 -29.719718 -0.000028
v -13.412421 -29.719678 -0.000013
v -12.384137 -29.719742 -0.000013
v -11.355161 -29.719788 -0.000011
v -10.327403 -29.719886 -0.000003
v -9.301327 -29.720069 0.000003
v -8.275947 -29.720194 0.000006
v -7.251172 -29.720103 0.000008
v -6.226202 -29.719930 0.000010
v -5.201787 -29.719999 0.000008
v -4.177078 -29.720287 -0.000003
v -3.150699 -29.720401 -0.000012
v -2.124306 -29.720245 -0.000005
v -1.100250 -29.720087 0.000005
v -0.076629 -29.720079 0.000002
v 0.948018 -29.720260 -0.000007
v 1.973055 -29.720416 -0.000012
v 2.998390 -29.720270 -0.000013
v 4.024296 -29.720034 -0.000013
v 5.050598 -29.720042 -0.000011
v 6.076730 -29.720191 -0.000008
v 7.102342 -29.720252 -0.000004
v 8.127896 -29.720186 -0.000002
v 9.154048 -29.719994 -0.000003
v 10.181375 -29.719780 -0.000005
v 11.209315 -29.719779 -0.000005
v 12.237173 -29.719963 -0.000003
v 13.264928 -29.720089 0.000002
v 14.291909 -29.720146 0.000010
v 15.317773 -29.720252 0.000014
v 16.343990 -29.720389 0.000005
v 17.372291 -29.720474 -0.000009
v 18.402352 -29.720291 -0.000013
v 19.432445 -29.719869 -0.000007
v 20.461017 -29.719551 -0.000010
v 21.490045 -29.719635 -0.000041
v 22.520867 -29.720472 -0.000099
v 23.551142 -29.722492 -0.000191
v 24.577647 -29.726185 -0.000284
v 25.582076 -29.728197 -0.000215
v 26.540264 -29.716916 -0.000144
v 27.485261 -29.666013 0.000151
v 28.478590 -29.537169 0.000130
v 29.423370 -29.452927 0.001241
v 29.421748 -29.453192 1.016135
v -23.277739 -28.545825 -0.001493
v -22.286860 -28.704520 -0.000244
v -23.278761 -28.557433 1.013771
v -21.250767 -28.992531 0.000799
v -21.242472 -28.995401 1.024259
v -20.382578 -29.022253 1.020995
v -20.426637 -29.024684 -0.001969
v -19.477588 -29.025938 1.011498
v -19.521359 -29.026700 -0.001471
v -18.526703 -29.025122 1.002884
v -18.553434 -29.025506 -0.001095
v -17.518682 -29.024293 1.001005
v -17.527599 -29.024355 -0.000529
v -16.495782 -29.023984 1.003796
v -16.499766 -29.023991 -0.000211
v -15.469253 -29.023895 1.007124
v -15.471718 -29.023880 -0.000072
v -14.441180 -29.023872 1.009626
v -14.442984 -29.023844 -0.000014
v -13.413024 -29.023875 1.011169
v -13.414657 -29.023849 -0.000000
v -12.384494 -29.023885 1.012009
v -12.385805 -29.023867 -0.000007
v -11.355605 -29.023889 1.012557
v -11.356246 -29.023872 -0.000005
v -10.327744 -29.023897 1.013073
v -10.327783 -29.023882 0.000004
v -9.301394 -29.023916 1.013544
v -9.301458 -29.023911 0.000006
v -8.276008 -29.023930 1.013898
v -8.276177 -29.023936 0.000003
v -7.251296 -29.023919 1.014078
v -7.252046 -29.023915 0.000011
v -6.225970 -29.023897 1.014114
v -6.226621 -29.023873 0.000026
v -5.200759 -29.023904 1.014058
v -5.201370 -29.023886 0.000020
v -4.175862 -29.023937 1.013893
v -4.176638 -29.023951 -0.000011
v -3.150216 -29.023949 1.013715
v -3.151089 -29.023974 -0.000027
v -2.124458 -29.023931 1.013665
v -2.124881 -29.023938 -0.000008
v -1.100127 -29.023912 1.013632
v -1.100790 -29.023902 0.000014
v -0.075962 -29.023911 1.013437
v -0.076823 -29.023900 0.000010
v 0.948758 -29.023933 1.013161
v 0.948243 -29.023942 -0.000012
v 1.973226 -29.023951 1.012891
v 1.972630 -29.023978 -0.000027
v 2.997972 -29.023934 1.012620
v 2.997201 -29.023948 -0.000022
v 4.023684 -29.023907 1.012438
v 4.023446 -29.023899 -0.000010
v 5.050081 -29.023909 1.012452
v 5.050559 -29.023904 -0.000010
v 6.075982 -29.023927 1.012617
v 6.076675 -29.023934 -0.000013
v 7.101398 -29.023934 1.012788
v 7.101998 -29.023943 -0.000009
v 8.126838 -29.023928 1.012869
v 8.127333 -29.023933 -0.000005
v 9.152958 -29.023908 1.012843
v 9.153317 -29.023901 -0.000001
v 10.180407 -29.023885 1.012809
v 10.181178 -29.023861 0.000005
v 11.208689 -29.023886 1.012908
v 11.210244 -29.023863 0.000005
v 12.236643 -29.023906 1.013142
v 12.238516 -29.023899 -0.000002
v 13.264272 -29.023918 1.013422
v 13.266188 -29.023915 0.000003
v 14.291395 -29.023921 1.013666
v 14.293308 -29.023914 0.000016
v 15.317720 -29.023929 1.013724
v 15.319087 -29.023926 0.000020
v 16.344348 -29.023944 1.013491
v 16.345107 -29.023956 0.000001
v 17.372201 -29.023955 1.013077
v 17.372885 -29.023984 -0.000024
v 18.401517 -29.023938 1.012602
v 18.402120 -29.023956 -0.000024
v 19.431337 -29.023893 1.011999
v 19.432330 -29.023876 0.000002
v 20.460818 -29.023855 1.010959
v 20.461733 -29.023810 0.000017
v 21.490918 -29.023856 1.009269
v 21.492303 -29.023813 -0.000021
v 22.521658 -29.023932 1.007273
v 22.525011 -29.023930 -0.000115
v 23.550161 -29.024184 1.005905
v 23.556368 -29.024257 -0.000317
v 24.569807 -29.024890 1.007234
v 24.583158 -29.025189 -0.000793
v 25.545568 -29.025623 1.013155
v 25.574132 -29.026169 -0.001170
v 26.475493 -29.021847 1.019613
v 26.503079 -29.023808 -0.001582
v 27.376129 -28.995461 1.021282
v 27.381934 -28.992987 0.000009
v 28.422612 -28.706621 -0.000379
v 29.417951 -28.546587 -0.001508
v 29.418906 -28.560868 1.011243
v -23.275660 -27.502992 -0.002337
v -22.229075 -27.556996 -0.000271
v -23.277118 -27.550398 1.016119
v -21.227651 -27.597123 0.001812
v -21.228838 -27.643636 1.020900
v 27.367333 -27.594009 0.001727
v 28.367406 -27.553827 -0.000286
v 27.368501 -27.641391 1.020026
v 29.415704 -27.498236 -0.002307
v 29.417171 -27.548458 1.015282
v -23.278148 -26.432869 -0.000179
v -22.228594 -26.443357 0.000343
v -23.278341 -26.469111 1.025347
v -21.228364 -26.450238 0.001152
v -21.228918 -26.481290 1.027951
v 27.368322 -26.449071 0.001178
v 28.367639 -26.441020 0.000364
v 27.368936 -26.479785 1.027992
v 29.418134 -26.429535 -0.000155
v 29.418335 -26.466790 1.025559
v -23.279260 -25.387514 0.000597
v -22.238983 -25.392768 0.000490
v -23.279035 -25.405990 1.030174
v -21.229195 -25.397624 0.000785
v -21.229554 -25.410211 1.031207
v 27.369138 -25.394362 0.000801
v 28.378310 -25.390176 0.000496
v 27.369527 -25.407413 1.031406
v 29.419210 -25.385507 0.000594
v 29.419003 -25.403923 1.030675
v -23.279380 -24.348664 0.000471
v -22.246623 -24.354231 0.000341
v -23.279209 -24.356097 1.028682
v -21.229558 -24.358820 0.000473
v -21.229762 -24.360995 1.028992
v 27.369526 -24.354021 0.000480
v 28.386326 -24.351159 0.000341
v 27.369741 -24.357142 1.029309
v 29.419345 -24.347149 0.000465
v 29.419186 -24.354229 1.029168
v -23.279317 -23.312137 0.000233
v -22.250626 -23.317031 0.000179
v -23.279255 -23.314493 1.024398
v -21.229744 -23.321286 0.000239
v -21.229844 -23.319258 1.024329
v 27.369742 -23.317113 0.000234
v 28.390754 -23.314448 0.000178
v 27.369838 -23.315798 1.024787
v 29.419310 -23.311399 0.000233
v 29.419248 -23.313245 1.024826
v -23.279272 -22.278799 0.000084
v -22.252392 -22.282652 0.000075
v -23.279275 -22.278982 1.020032
v -21.229830 -22.286441 0.000103
v -21.229879 -22.283131 1.019709
v 27.369857 -22.282581 0.000092
v 28.392917 -22.280364 0.000077
v 27.369888 -22.280437 1.020375
v 29.419301 -22.277902 0.000099
v 29.419285 -22.277912 1.020461
v -23.279252 -21.247267 -0.000001
v -22.253183 -21.249303 0.000015
v -23.279286 -21.246430 1.016645
v -21.229871 -21.251503 0.000028
v -21.229896 -21.248868 1.016234
v 27.369903 -21.251799 0.000027
v 28.393809 -21.249262 0.000025
v 27.369909 -21.249266 1.017061
v 29.419298 -21.246723 0.000030
v 29.419300 -21.246343 1.017163
v -23.279270 -20.214711 -0.000028
v -22.253743 -20.215389 -0.000010
v -23.279301 -20.214002 1.014513
v -21.229907 -20.215915 -0.000008
v -21.229913 -20.214817 1.014215
v 27.369908 -20.221155 -0.000004
v 28.394029 -20.218793 -0.000005
v 27.369910 -20.218966 1.014887
v 29.419278 -20.216497 -0.000016
v 29.419299 -20.216217 1.015065
v -23.279296 -19.181895 -0.000025
v -22.254133 -19.182272 -0.000015
v -23.279314 -19.181569 1.013484
v -21.229929 -19.182727 -0.000018
v -21.229926 -19.181988 1.013317
v 27.369907 -19.188507 -0.000021
v 28.394093 -19.187017 -0.000021
v 27.369908 -19.187242 1.013759
v 29.419264 -19.185659 -0.000041
v 29.419296 -19.185548 1.013981
v -23.279305 -18.148975 -0.000020
v -22.254295 -18.149237 -0.000013
v -23.279318 -18.149045 1.013164
v -21.229929 -18.149441 -0.000015
v -21.229929 -18.149278 1.013037
v 27.369918 -18.154058 -0.000021
v 28.394310 -18.153765 -0.000019
v 27.369916 -18.154191 1.013566
v 29.419283 -18.153377 -0.000033
v 29.419304 -18.153688 1.013701
v -23.279309 -17.116604 -0.000017
v -22.254352 -17.116405 -0.000011
v -23.279319 -17.116519 1.013162
v -21.229928 -17.116325 -0.000011
v -21.229929 -17.116418 1.013050
v 27.369930 -17.121825 -0.000004
v 28.394592 -17.121516 -0.000002
v 27.369926 -17.122206 1.013945
v 29.419321 -17.121087 0.000001
v 29.419318 -17.121757 1.013939
v -23.279307 -16.083240 -0.000015
v -22.254339 -16.083152 -0.000007
v -23.279318 -16.083608 1.013283
v -21.229922 -16.082843 -0.000004
v -21.229927 -16.083307 1.013155
v 27.369928 -16.091957 0.000013
v 28.394691 -16.091072 0.000012
v 27.369930 -16.091809 1.014330
v 29.419339 -16.090102 0.000024
v 29.419323 -16.090673 1.014280
v -23.279301 -15.051441 -0.000015
v -22.254335 -15.050596 -0.000006
v -23.279315 -15.051401 1.013383
v -21.229915 -15.049890 0.000000
v -21.229924 -15.050372 1.013232
v 27.369917 -15.062295 0.000014
v 28.394539 -15.060769 0.000010
v 27.369923 -15.061280 1.014379
v 29.419323 -15.059515 0.000015
v 29.419316 -15.059574 1.014403
v -23.279315 -14.018853 -0.000010
v -22.254522 -14.017201 -0.000006
v -23.279322 -14.018700 1.013361
v -21.229928 -14.015496 -0.000005
v -21.229931 -14.016696 1.013299
v 27.369898 -14.029137 0.000010
v 28.394256 -14.027894 0.000002
v 27.369911 -14.028205 1.014185
v 29.419293 -14.026696 -0.000005
v 29.419304 -14.026802 1.014355
v -23.279349 -12.985559 0.000008
v -22.254793 -12.984140 -0.000001
v -23.279337 -12.985544 1.013256
v -21.229954 -12.982474 -0.000008
v -21.229945 -12.983780 1.013350
v 27.369887 -12.993912 0.000015
v 28.394119 -12.994035 0.000003
v 27.369906 -12.993707 1.014010
v 29.419282 -12.993955 -0.000007
v 29.419298 -12.993655 1.014248
v -23.279348 -11.952257 0.000006
v -22.254732 -11.952155 -0.000003
v -23.279336 -11.952594 1.013056
v -21.229957 -11.951990 -0.000011
v -21.229945 -11.952395 1.013138
v 27.369901 -11.960058 0.000006
v 28.394222 -11.960803 -0.000001
v 27.369912 -11.959728 1.013820
v 29.419291 -11.961724 -0.000009
v 29.419303 -11.960738 1.013996
v -23.279293 -10.918649 -0.000032
v -22.254231 -10.918934 -0.000019
v -23.279314 -10.919157 1.012807
v -21.229924 -10.919439 -0.000020
v -21.229924 -10.919506 1.012633
v 27.369925 -10.924656 -0.000020
v 28.394408 -10.925713 -0.000015
v 27.369920 -10.924574 1.013606
v 29.419296 -10.926981 -0.000024
v 29.419310 -10.926042 1.013694
v -23.279246 -9.883804 -0.000059
v -22.253762 -9.882742 -0.000028
v -23.279293 -9.884689 1.012745
v -21.229890 -9.881381 -0.000019
v -21.229905 -9.883194 1.012336
v 27.369940 -9.887249 -0.000028
v 28.394554 -9.888506 -0.000018
v 27.369927 -9.888045 1.013669
v 29.419307 -9.889706 -0.000024
v 29.419316 -9.889470 1.013681
v -23.279259 -8.850635 -0.000042
v -22.253748 -8.847365 -0.000018
v -23.279296 -8.851236 1.013018
v -21.229889 -8.843807 -0.000008
v -21.229907 -8.847158 1.012628
v 27.369927 -8.851849 -0.000004
v 28.394522 -8.852680 -0.000002
v 27.369924 -8.852873 1.014117
v 29.419315 -8.853282 -0.000002
v 29.419315 -8.853795 1.014135
v -23.279299 -7.818410 -0.000012
v -22.254001 -7.814212 -0.000005
v -23.279312 -7.818839 1.013610
v -21.229915 -7.809844 -0.000002
v -21.229921 -7.813657 1.013391
v 27.369899 -7.819584 0.000024
v 28.394304 -7.820388 0.000014
v 27.369914 -7.820244 1.014748
v 29.419306 -7.821150 0.000016
v 29.419307 -7.821278 1.014867
v -23.279310 -6.785721 0.000003
v -22.254014 -6.781734 0.000003
v -23.279317 -6.786294 1.014684
v -21.229925 -6.777667 0.000001
v -21.229926 -6.781390 1.014540
v 27.369896 -6.787509 0.000022
v 28.394083 -6.789024 0.000014
v 27.369909 -6.788023 1.015575
v 29.419293 -6.790924 0.000012
v 29.419302 -6.789949 1.015733
v -23.279286 -5.751967 0.000017
v -22.253482 -5.748028 0.000020
v -23.279301 -5.752787 1.016612
v -21.229894 -5.744037 0.000026
v -21.229909 -5.747959 1.016364
v 27.369898 -5.752771 0.000023
v 28.393736 -5.754718 0.000021
v 27.369906 -5.753771 1.017075
v 29.419289 -5.756727 0.000020
v 29.419297 -5.756046 1.017215
v -23.279268 -4.718018 0.000075
v -22.252382 -4.712791 0.000070
v -23.279274 -4.718174 1.019651
v -21.229826 -4.707432 0.000097
v -21.229878 -4.712141 1.019308
v 27.369855 -4.716546 0.000080
v 28.392791 -4.718663 0.000065
v 27.369885 -4.717817 1.019722
v 29.419287 -4.720853 0.000080
v 29.419280 -4.720047 1.019871
v -23.279289 -3.683955 0.000206
v -22.250413 -3.676858 0.000165
v -23.279244 -3.681591 1.023490
v -21.229724 -3.670153 0.000230
v -21.229833 -3.674039 1.023289
v 27.369738 -3.679314 0.000214
v 28.390647 -3.681663 0.000158
v 27.369833 -3.679501 1.023378
v 29.419289 -3.684655 0.000202
v 29.419241 -3.681938 1.023490
v -23.279335 -2.647939 0.000405
v -22.246573 -2.639355 0.000301
v -23.279196 -2.640457 1.026997
v -21.229559 -2.631603 0.000431
v -21.229754 -2.631694 1.027238
v 27.369532 -2.639460 0.000432
v 28.386434 -2.642830 0.000298
v 27.369736 -2.636024 1.027007
v 29.419306 -2.647200 0.000397
v 29.419177 -2.639630 1.026883
v -23.279201 -1.609159 0.000466
v -22.239610 -1.599746 0.000408
v -23.279028 -1.591502 1.027784
v -21.229251 -1.590997 0.000678
v -21.229559 -1.582218 1.029101
v 27.369197 -1.597405 0.000700
v 28.379209 -1.603073 0.000416
v 27.369539 -1.585631 1.028458
v 29.419169 -1.609227 0.000474
v 29.419003 -1.590976 1.027360
v -23.278151 -0.561290 -0.000299
v -22.230556 -0.546467 0.000266
v -23.278367 -0.529403 1.023299
v -21.228482 -0.535352 0.001040
v -21.228945 -0.511534 1.026865
v 27.368469 -0.543167 0.001020
v 28.370024 -0.552149 0.000258
v 27.368977 -0.515968 1.025357
v 29.418156 -0.564932 -0.000290
v 29.418374 -0.530697 1.021785
v -23.275887 0.505991 -0.002221
v -22.232524 0.560320 -0.000222
v -23.277244 0.543611 1.016196
v -21.227783 0.602770 0.001900
v -21.228951 0.638386 1.022547
v 27.367540 0.594444 0.001670
v 28.371260 0.555426 -0.000317
v 27.368598 0.633738 1.019493
v 29.415949 0.503305 -0.002265
v 29.417326 0.544324 1.012668
v -23.277915 1.523472 -0.001270
v -22.287226 1.669146 -0.000157
v -23.278825 1.525294 1.015858
v -21.251735 1.940802 0.000921
v -21.243135 1.943283 1.027313
v 27.383266 1.942381 0.000067
v 28.423130 1.680107 -0.000365
v 27.376842 1.943966 1.022807
v 29.418082 1.537807 -0.001406
v 29.418982 1.538895 1.010888
v -23.284128 2.420042 0.001354
v -22.346898 2.495626 0.000303
v -23.282210 2.411087 1.023360
v -21.383932 2.616628 0.000377
v -20.430340 1.971438 -0.001922
v -20.384618 1.968956 1.023209
v -20.467975 2.667659 -0.000138
v -19.526599 1.973197 -0.001471
v -19.480459 1.972394 1.012782
v -19.528826 2.677840 -0.000323
v -18.557979 1.971970 -0.001122
v -18.529417 1.971569 1.003335
v -18.545698 2.674408 -0.000460
v -17.527735 1.970735 -0.000530
v -17.517765 1.970698 1.001114
v -17.519550 2.669024 -0.000332
v -16.495114 1.970327 -0.000177
v -16.491560 1.970370 1.004139
v -16.490338 2.666593 -0.000153
v -15.467063 1.970247 -0.000025
v -15.464693 1.970304 1.007845
v -15.464136 2.665954 -0.000049
v -14.439862 1.970274 0.000017
v -14.437682 1.970320 1.010429
v -14.438392 2.666034 -0.000009
v -13.412690 1.970351 0.000006
v -13.410301 1.970363 1.011738
v -13.411941 2.666396 -0.000002
v -12.385708 1.970399 -0.000020
v -12.382762 1.970388 1.012057
v -12.384351 2.666622 -0.000012
v -11.356107 1.970384 -0.000030
v -11.353532 1.970378 1.011895
v -11.354627 2.666556 -0.000023
v -10.324820 1.970365 -0.000029
v -10.323352 1.970367 1.011781
v -10.323989 2.666455 -0.000025
v -9.294715 1.970374 -0.000026
v -9.294052 1.970371 1.011906
v -9.294365 2.666488 -0.000022
v -8.266240 1.970375 -0.000020
v -8.265900 1.970374 1.012199
v -8.265858 2.666516 -0.000017
v -7.238060 1.970372 -0.000006
v -7.238464 1.970377 1.012629
v -7.238182 2.666557 -0.000007
v -6.212558 1.970392 0.000006
v -6.212971 1.970390 1.013083
v -6.212822 2.666702 0.000004
v -5.189696 1.970414 0.000005
v -5.189406 1.970404 1.013305
v -5.189487 2.666830 0.000007
v -4.166553 1.970421 -0.000005
v -4.165904 1.970407 1.013243
v -4.165901 2.666855 0.000001
v -3.142721 1.970408 -0.000008
v -3.142001 1.970397 1.013045
v -3.141730 2.666747 -0.000002
v -2.119090 1.970368 -0.000002
v -2.118232 1.970373 1.012793
v -2.117833 2.666508 -0.000004
v -1.094125 1.970331 0.000002
v -1.093718 1.970351 1.012569
v -1.093475 2.666299 -0.000007
v -0.068399 1.970332 0.000001
v -0.068744 1.970352 1.012509
v -0.068655 2.666300 -0.000007
v 0.956267 1.970367 -0.000002
v 0.955479 1.970372 1.012604
v 0.955475 2.666496 -0.000004
v 1.979288 1.970404 -0.000008
v 1.978659 1.970394 1.012706
v 1.978660 2.666713 -0.000004
v 3.002341 1.970422 -0.000018
v 3.001798 1.970404 1.012736
v 3.002068 2.666804 -0.000007
v 4.026004 1.970406 -0.000015
v 4.025429 1.970394 1.012755
v 4.026222 2.666698 -0.000007
v 5.050190 1.970352 0.000004
v 5.049500 1.970365 1.012801
v 5.050435 2.666419 -0.000002
v 6.074765 1.970315 0.000017
v 6.073718 1.970344 1.012848
v 6.074201 2.666216 0.000002
v 7.099420 1.970324 0.000010
v 7.098180 1.970347 1.012853
v 7.098112 2.666231 -0.000001
v 8.125102 1.970344 -0.000003
v 8.123541 1.970358 1.012860
v 8.123374 2.666342 -0.000007
v 9.151955 1.970372 -0.000006
v 9.149610 1.970376 1.013018
v 9.149565 2.666536 -0.000006
v 10.177035 1.970411 -0.000003
v 10.174716 1.970400 1.013282
v 10.174755 2.666779 0.000001
v 11.200656 1.970425 0.000001
v 11.198916 1.970410 1.013413
v 11.199052 2.666883 0.000006
v 12.224741 1.970409 0.000002
v 12.223527 1.970401 1.013301
v 12.223630 2.666817 0.000004
v 13.250681 1.970397 -0.000003
v 13.249530 1.970393 1.013036
v 13.249604 2.666748 -0.000002
v 14.278220 1.970410 -0.000012
v 14.276777 1.970399 1.012782
v 14.276978 2.666787 -0.000007
v 15.305486 1.970423 -0.000021
v 15.304196 1.970404 1.012547
v 15.304731 2.666809 -0.000011
v 16.333954 1.970401 -0.000023
v 16.332588 1.970390 1.012293
v 16.333595 2.666666 -0.000015
v 17.364521 1.970356 -0.000017
v 17.362642 1.970363 1.012091
v 17.363972 2.666413 -0.000018
v 18.396493 1.970327 -0.000010
v 18.393832 1.970346 1.011975
v 18.395161 2.666244 -0.000017
v 19.428727 1.970336 -0.000009
v 19.425212 1.970351 1.011833
v 19.426435 2.666276 -0.000015
v 20.458995 1.970335 -0.000011
v 20.455763 1.970351 1.011334
v 20.456797 2.666302 -0.000019
v 21.490332 1.970329 -0.000025
v 21.486272 1.970350 1.010283
v 21.487065 2.666373 -0.000034
v 22.519421 1.970372 -0.000078
v 22.514880 1.970382 1.008721
v 22.515435 2.666800 -0.000073
v 23.548064 1.970579 -0.000255
v 23.541479 1.970557 1.007256
v 23.542716 2.668187 -0.000166
v 24.577236 1.971441 -0.000722
v 24.563175 1.971213 1.008256
v 24.569690 2.671674 -0.000273
v 25.576615 1.972565 -0.001153
v 25.545645 1.972012 1.014218
v 25.579362 2.674706 -0.000218
v 26.507196 1.970667 -0.001578
v 26.476522 1.968588 1.021053
v 26.538589 2.666518 -0.000133
v 27.483261 2.622573 0.000182
v 28.476233 2.509633 0.000158
v 29.423175 2.441039 0.001228
v 29.421558 2.427596 1.018295
v -23.286103 3.258818 0.001507
v -22.386047 3.283341 0.000480
v -23.283710 3.244547 1.030775
v -21.456223 3.330301 0.000307
v -20.506912 3.363003 0.000156
v -19.538543 3.372733 -0.000117
v -18.534698 3.370055 -0.000337
v -17.511179 3.365196 -0.000282
v -16.485792 3.362834 -0.000147
v -15.461538 3.362171 -0.000054
v -14.437426 3.362244 -0.000012
v -13.411586 3.362603 -0.000004
v -12.383608 3.362837 -0.000013
v -11.353485 3.362783 -0.000023
v -10.323311 3.362676 -0.000025
v -9.294087 3.362704 -0.000022
v -8.265492 3.362733 -0.000017
v -7.238225 3.362770 -0.000007
v -6.212957 3.362902 0.000004
v -5.189293 3.363026 0.000007
v -4.165310 3.363064 0.000002
v -3.140606 3.362955 -0.000002
v -2.116584 3.362711 -0.000004
v -1.092793 3.362510 -0.000007
v -0.068824 3.362510 -0.000008
v 0.954765 3.362701 -0.000005
v 1.978071 3.362916 -0.000004
v 3.001874 3.363012 -0.000006
v 4.026555 3.362910 -0.000007
v 5.050912 3.362624 -0.000002
v 6.073754 3.362414 0.000002
v 7.096831 3.362436 -0.000002
v 8.121656 3.362556 -0.000007
v 9.147308 3.362747 -0.000006
v 10.172619 3.362981 0.000001
v 11.197530 3.363084 0.000006
v 12.222584 3.363017 0.000004
v 13.248536 3.362956 -0.000002
v 14.275927 3.362998 -0.000007
v 15.304133 3.363015 -0.000010
v 16.333411 3.362882 -0.000015
v 17.363766 3.362628 -0.000018
v 18.394212 3.362461 -0.000017
v 19.424623 3.362490 -0.000016
v 20.455001 3.362519 -0.000021
v 21.484319 3.362602 -0.000037
v 22.512063 3.363022 -0.000073
v 23.537682 3.364269 -0.000144
v 24.562259 3.367193 -0.000195
v 25.579114 3.369808 -0.000036
v 26.569249 3.363025 0.000162
v 27.545261 3.335147 0.000242
v 28.499087 3.295498 0.000360
v 29.424075 3.280468 0.001351
v 29.422325 3.257944 1.026703
v -23.289564 4.051646 0.000842
v -23.285461 4.050000 1.035726
v -22.388574 4.052701 1.033184
v -22.420081 4.052996 0.000175
v -21.461593 4.056737 1.026501
v -21.499718 4.057254 0.000233
v -20.506533 4.059513 1.017033
v -20.539695 4.060324 0.000492
v -19.521513 4.060382 1.008321
v -19.543572 4.060884 0.000198
v -18.517975 4.059985 1.003725
v -18.528903 4.059923 -0.000288
v -17.502655 4.059374 1.003520
v -17.505898 4.059152 -0.000364
v -16.481715 4.059099 1.006022
v -16.482231 4.058958 -0.000215
v -15.459254 4.059032 1.008986
v -15.459505 4.058961 -0.000091
v -14.435579 4.059047 1.011052
v -14.437038 4.059016 -0.000026
v -13.409582 4.059089 1.011946
v -13.411754 4.059087 -0.000002
v -12.381321 4.059114 1.012057
v -12.383469 4.059121 -0.000009
v -11.351434 4.059105 1.011937
v -11.352680 4.059096 -0.000031
v -10.322058 4.059093 1.011908
v -10.322882 4.059071 -0.000040
v -9.293456 4.059097 1.012011
v -9.293928 4.059081 -0.000033
v -8.265345 4.059100 1.012286
v -8.265152 4.059088 -0.000025
v -7.238471 4.059102 1.012683
v -7.238132 4.059094 -0.000011
v -6.213230 4.059115 1.013024
v -6.212979 4.059121 0.000008
v -5.189106 4.059128 1.013151
v -5.189140 4.059144 0.000017
v -4.164744 4.059132 1.013068
v -4.164834 4.059150 0.000011
v -3.139887 4.059122 1.012958
v -3.139467 4.059131 0.000002
v -2.115874 4.059097 1.012897
v -2.115422 4.059088 -0.000009
v -1.092416 4.059076 1.012834
v -1.092116 4.059051 -0.000020
v -0.069083 4.059077 1.012774
v -0.068929 4.059051 -0.000021
v 0.954162 4.059097 1.012719
v 0.954199 4.059087 -0.000009
v 1.977497 4.059119 1.012652
v 1.977567 4.059125 0.000000
v 3.001451 4.059129 1.012612
v 3.001745 4.059141 -0.000000
v 4.026136 4.059119 1.012711
v 4.027006 4.059125 -0.000005
v 5.050318 4.059089 1.012980
v 5.051599 4.059075 -0.000008
v 6.072946 4.059068 1.013195
v 6.073434 4.059041 -0.000008
v 7.095806 4.059072 1.013186
v 7.095659 4.059047 -0.000012
v 8.120207 4.059083 1.013103
v 8.120124 4.059063 -0.000017
v 9.145418 4.059101 1.013107
v 9.145406 4.059092 -0.000010
v 10.170673 4.059125 1.013178
v 10.170750 4.059137 0.000008
v 11.196064 4.059135 1.013222
v 11.196262 4.059156 0.000019
v 12.221560 4.059125 1.013153
v 12.221750 4.059136 0.000010
v 13.247537 4.059118 1.012936
v 13.247552 4.059121 -0.000002
v 14.274825 4.059124 1.012653
v 14.275104 4.059131 -0.000005
v 15.303045 4.059128 1.012411
v 15.303688 4.059137 -0.000007
v 16.332317 4.059116 1.012266
v 16.333442 4.059116 -0.000016
v 17.362263 4.059089 1.012257
v 17.363978 4.059068 -0.000031
v 18.391955 4.059072 1.012277
v 18.393608 4.059043 -0.000032
v 19.421968 4.059076 1.012127
v 19.423486 4.059057 -0.000027
v 20.451958 4.059077 1.011684
v 20.453748 4.059057 -0.000033
v 21.480866 4.059080 1.010817
v 21.482404 4.059049 -0.000055
v 22.507727 4.059116 1.009578
v 22.509619 4.059061 -0.000103
v 23.531634 4.059252 1.008581
v 23.534900 4.059127 -0.000192
v 24.551138 4.059625 1.009021
v 24.557809 4.059530 -0.000184
v 25.565502 4.060022 1.012031
v 25.577626 4.060339 0.000185
v 26.571180 4.059580 1.017820
v 26.588048 4.060315 0.000516
v 27.555410 4.057275 1.024436
v 27.578222 4.057858 0.000225
v 28.500907 4.053257 1.029722
v 28.520721 4.053862 0.000105
v 29.423164 4.051047 1.032735
v 29.425905 4.053960 0.000854
v -22.369143 -31.106140 2.039745
v -23.284423 -31.103079 2.038191
v -23.283393 -30.285273 2.036657
v -21.432802 -31.109556 2.036539
v -20.476053 -31.112418 2.028343
v -19.499357 -31.113683 2.019724
v -18.508224 -31.113578 2.014466
v -17.502090 -31.113071 2.013197
v -16.485021 -31.112758 2.015020
v -15.462016 -31.112638 2.018012
v -14.436235 -31.112610 2.020757
v -13.409437 -31.112612 2.022656
v -12.381842 -31.112620 2.023789
v -11.354066 -31.112624 2.024576
v -10.327322 -31.112630 2.025249
v -9.301391 -31.112642 2.025798
v -8.275516 -31.112650 2.026251
v -7.249959 -31.112644 2.026639
v -6.224920 -31.112632 2.026875
v -5.200592 -31.112636 2.026786
v -4.175585 -31.112656 2.026388
v -3.149131 -31.112664 2.026054
v -2.123126 -31.112653 2.025998
v -1.098844 -31.112642 2.025937
v -0.075028 -31.112641 2.025579
v 0.949249 -31.112654 2.024987
v 1.974357 -31.112665 2.024427
v 2.999833 -31.112655 2.024109
v 4.024799 -31.112640 2.023997
v 5.049788 -31.112640 2.023982
v 6.075361 -31.112650 2.024072
v 7.101103 -31.112654 2.024269
v 8.126968 -31.112650 2.024500
v 9.153235 -31.112638 2.024729
v 10.179766 -31.112624 2.024961
v 11.206386 -31.112624 2.025166
v 12.233536 -31.112636 2.025356
v 13.261162 -31.112643 2.025592
v 14.288368 -31.112646 2.025789
v 15.315175 -31.112651 2.025714
v 16.342464 -31.112661 2.025279
v 17.371198 -31.112667 2.024667
v 18.401261 -31.112654 2.024150
v 19.430936 -31.112625 2.023631
v 20.459192 -31.112601 2.022595
v 21.486578 -31.112611 2.020761
v 22.513219 -31.112694 2.018608
v 23.537084 -31.112918 2.017370
v 24.554470 -31.113327 2.018414
v 25.562915 -31.113519 2.022134
v 26.561982 -31.112445 2.027919
v 27.542874 -31.109690 2.033011
v 28.492087 -31.106393 2.034254
v 29.422929 -31.103466 2.032467
v 29.422467 -30.288973 2.030978
v -23.281309 -29.448470 2.032843
v 29.421019 -29.453849 2.028143
v -23.278743 -28.565819 2.028285
v -21.238090 -28.996182 2.040537
v -20.354254 -29.021775 2.036958
v -19.442002 -29.025646 2.026818
v -18.496975 -29.025088 2.016084
v -17.508812 -29.024394 2.012057
v -16.492491 -29.024027 2.013985
v -15.467485 -29.023908 2.017385
v -14.439842 -29.023882 2.020312
v -13.411735 -29.023885 2.022303
v -12.383435 -29.023894 2.023507
v -11.355147 -29.023898 2.024340
v -10.327766 -29.023905 2.025087
v -9.301411 -29.023917 2.025768
v -8.275845 -29.023926 2.026305
v -7.250681 -29.023920 2.026638
v -6.225317 -29.023908 2.026778
v -5.199980 -29.023912 2.026746
v -4.174888 -29.023930 2.026544
v -3.149321 -29.023938 2.026299
v -2.123855 -29.023927 2.026148
v -1.099317 -29.023917 2.025969
v -0.075023 -29.023917 2.025614
v 0.949531 -29.023929 2.025150
v 1.973973 -29.023938 2.024683
v 2.998618 -29.023929 2.024270
v 4.023862 -29.023913 2.024005
v 5.049595 -29.023914 2.023977
v 6.075148 -29.023924 2.024156
v 7.100579 -29.023929 2.024394
v 8.126165 -29.023925 2.024565
v 9.152314 -29.023912 2.024645
v 10.179376 -29.023899 2.024731
v 11.207065 -29.023898 2.024933
v 12.234696 -29.023910 2.025247
v 13.262229 -29.023919 2.025593
v 14.289507 -29.023922 2.025855
v 15.316388 -29.023928 2.025868
v 16.343588 -29.023936 2.025547
v 17.371633 -29.023941 2.024988
v 18.400856 -29.023928 2.024326
v 19.430502 -29.023900 2.023479
v 20.460091 -29.023876 2.022130
v 21.489764 -29.023881 2.020182
v 22.518794 -29.023956 2.018170
v 23.543429 -29.024210 2.017325
v 24.554251 -29.024862 2.020109
v 25.521288 -29.025454 2.027981
v 26.457126 -29.021592 2.035534
v 27.373425 -28.996485 2.037702
v 29.418940 -28.571199 2.025167
v -23.277296 -27.594498 2.031296
v -21.228986 -27.686138 2.037331
v 27.368633 -27.685032 2.036304
v 29.417374 -27.595307 2.029985
v -23.278398 -26.505724 2.040577
v -21.229003 -26.514019 2.043380
v 27.369028 -26.512614 2.043382
v 29.418394 -26.504509 2.040642
v -23.279006 -25.423318 2.045563
v -21.229587 -25.423905 2.046621
v 27.369578 -25.421442 2.046981
v 29.418983 -25.421328 2.046166
v -23.279186 -24.362097 2.043804
v -21.229797 -24.362961 2.044226
v 27.369780 -24.359846 2.044812
v 29.419169 -24.359990 2.044540
v -23.279254 -23.315376 2.038860
v -21.229865 -23.316701 2.038876
v 27.369857 -23.313973 2.039686
v 29.419246 -23.313861 2.039631
v -23.279285 -22.277774 2.033586
v -21.229895 -22.279379 2.033335
v 27.369896 -22.277578 2.034395
v 29.419287 -22.276752 2.034433
v -23.279300 -21.244741 2.029340
v -21.229908 -21.245798 2.029004
v 27.369912 -21.246321 2.030235
v 29.419303 -21.245038 2.030317
v -23.279311 -20.212842 2.026611
v -21.229919 -20.213211 2.026340
v 27.369914 -20.216633 2.027466
v 29.419305 -20.215230 2.027619
v -23.279319 -19.181075 2.025270
v -21.229927 -19.181234 2.025100
v 27.369913 -19.186004 2.026034
v 29.419305 -19.185186 2.026222
v -23.279321 -18.149014 2.024851
v -21.229930 -18.149124 2.024730
v 27.369918 -18.154314 2.025759
v 29.419309 -18.154043 2.025881
v -23.279322 -17.116651 2.024892
v -21.229930 -17.116616 2.024779
v 27.369925 -17.122738 2.026189
v 29.419316 -17.122547 2.026199
v -23.279321 -16.083966 2.025093
v -21.229929 -16.083796 2.024962
v 27.369927 -16.091811 2.026675
v 29.419319 -16.091223 2.026643
v -23.279320 -15.051538 2.025243
v -21.229928 -15.051016 2.025109
v 27.369923 -15.060530 2.026803
v 29.419315 -15.059599 2.026839
v -23.279324 -14.018823 2.025242
v -21.229932 -14.017757 2.025191
v 27.369917 -14.027447 2.026647
v 29.419308 -14.026753 2.026802
v -23.279332 -12.985781 2.025107
v -21.229940 -12.984861 2.025170
v 27.369913 -12.993371 2.026441
v 29.419305 -12.993306 2.026653
v -23.279331 -11.952907 2.024812
v -21.229940 -11.952818 2.024851
v 27.369916 -11.959312 2.026184
v 29.419308 -11.959854 2.026354
v -23.279319 -10.919646 2.024435
v -21.229927 -10.919871 2.024268
v 27.369921 -10.924424 2.025928
v 29.419312 -10.925215 2.026013
v -23.279307 -9.885742 2.024282
v -21.229916 -9.884986 2.023925
v 27.369924 -9.888743 2.025978
v 29.419316 -9.889459 2.026001
v -23.279308 -8.852507 2.024584
v -21.229917 -8.850391 2.024232
v 27.369923 -8.853996 2.026485
v 29.419315 -8.854455 2.026518
v -23.279317 -7.820149 2.025381
v -21.229925 -7.817444 2.025164
v 27.369918 -7.821075 2.027297
v 29.419310 -7.821612 2.027396
v -23.279318 -6.787819 2.026859
v -21.229927 -6.785387 2.026714
v 27.369915 -6.788741 2.028458
v 29.419306 -6.789623 2.028587
v -23.279307 -5.754761 2.029416
v -21.229916 -5.752443 2.029212
v 27.369910 -5.755045 2.030480
v 29.419301 -5.756080 2.030592
v -23.279285 -4.719827 2.033276
v -21.229894 -4.717259 2.033024
v 27.369894 -4.719510 2.033814
v 29.419284 -4.720147 2.033905
v -23.279249 -3.680988 2.037979
v -21.229859 -3.678233 2.037900
v 27.369854 -3.680151 2.038186
v 29.419243 -3.680260 2.038181
v -23.279181 -2.634628 2.042137
v -21.229791 -2.631722 2.042542
v 27.369777 -2.632731 2.042318
v 29.419167 -2.633016 2.041982
v -23.279002 -1.575358 2.043259
v -21.229582 -1.572242 2.044683
v 27.369578 -1.572536 2.043851
v 29.418985 -1.573562 2.042518
v -23.278411 -0.498338 2.038852
v -21.229012 -0.486088 2.042695
v 27.369048 -0.486862 2.040907
v 29.418418 -0.496587 2.036749
v -23.277393 0.575375 2.032256
v -21.229071 0.670612 2.039506
v 27.368707 0.669931 2.036460
v 29.417478 0.581060 2.028001
v -23.278803 1.527867 2.031309
v -21.238440 1.943460 2.044259
v 27.373653 1.944017 2.040487
v 29.418990 1.538301 2.025794
v -23.281168 2.405463 2.036187
v -20.354891 1.968333 2.039865
v -19.442843 1.972097 2.028804
v -18.497759 1.971534 2.017208
v -17.506916 1.970812 2.012755
v -16.488391 1.970438 2.014829
v -15.462868 1.970335 2.018524
v -14.435692 1.970336 2.021443
v -13.407810 1.970363 2.023024
v -12.379766 1.970381 2.023479
v -11.350904 1.970377 2.023365
v -10.321675 1.970371 2.023261
v -9.293211 1.970374 2.023413
v -8.265610 1.970376 2.023795
v -7.238744 1.970379 2.024336
v -6.213231 1.970388 2.024868
v -5.189085 1.970396 2.025135
v -4.165166 1.970399 2.025067
v -3.141170 1.970391 2.024808
v -2.117370 1.970376 2.024477
v -1.093282 1.970363 2.024183
v -0.068990 1.970363 2.024061
v 0.954798 1.970376 2.024113
v 1.978010 1.970389 2.024204
v 3.001212 1.970395 2.024259
v 4.024747 1.970388 2.024322
v 5.048604 1.970371 2.024437
v 6.072608 1.970358 2.024557
v 7.096873 1.970359 2.024625
v 8.121825 1.970366 2.024706
v 9.147296 1.970378 2.024920
v 10.172405 1.970393 2.025207
v 11.197098 1.970400 2.025338
v 12.222194 1.970395 2.025189
v 13.248301 1.970391 2.024851
v 14.275329 1.970393 2.024489
v 15.302764 1.970395 2.024153
v 16.331008 1.970386 2.023839
v 17.360482 1.970369 2.023616
v 18.390964 1.970357 2.023506
v 19.421710 1.970357 2.023338
v 20.452284 1.970356 2.022805
v 21.482365 1.970359 2.021754
v 22.510469 1.970405 2.020395
v 23.534158 1.970603 2.019666
v 24.546631 1.971211 2.022309
v 25.519061 1.971857 2.030411
v 26.456124 1.968187 2.038334
v 29.420818 2.417653 2.030889
v -23.283201 3.236988 2.039294
v 29.422162 3.245679 2.034857
v -23.284234 4.049854 2.039474
v -22.367410 4.052739 2.041879
v -21.430563 4.056025 2.039083
v -20.474231 4.058927 2.030666
v -19.498746 4.060175 2.021322
v -18.506429 4.060033 2.015434
v -17.498496 4.059494 2.014151
v -16.480902 4.059168 2.016355
v -15.458899 4.059063 2.019563
v -14.434142 4.059060 2.022020
v -13.407321 4.059088 2.023221
v -12.378941 4.059107 2.023478
v -11.349769 4.059105 2.023383
v -10.321001 4.059100 2.023348
v -9.292889 4.059102 2.023500
v -8.265334 4.059103 2.023858
v -7.238729 4.059105 2.024356
v -6.213386 4.059113 2.024791
v -5.188933 4.059121 2.024963
v -4.164534 4.059123 2.024875
v -3.140043 4.059117 2.024708
v -2.116095 4.059102 2.024557
v -1.092575 4.059089 2.024412
v -0.069184 4.059089 2.024290
v 0.954102 4.059101 2.024203
v 1.977385 4.059114 2.024133
v 3.001025 4.059121 2.024119
v 4.025155 4.059114 2.024270
v 5.049045 4.059096 2.024588
v 6.072204 4.059083 2.024862
v 7.095602 4.059084 2.024937
v 8.120030 4.059092 2.024924
v 9.145066 4.059104 2.024982
v 10.170215 4.059118 2.025094
v 11.195585 4.059124 2.025141
v 12.221157 4.059120 2.025023
v 13.247242 4.059116 2.024724
v 14.274296 4.059119 2.024345
v 15.302152 4.059121 2.024008
v 16.330898 4.059112 2.023801
v 17.360316 4.059095 2.023759
v 18.389898 4.059084 2.023769
v 19.419933 4.059083 2.023619
v 20.449917 4.059082 2.023123
v 21.478888 4.059089 2.022180
v 22.505271 4.059140 2.020961
v 23.527615 4.059313 2.020250
v 24.543799 4.059693 2.021392
v 25.552180 4.059939 2.025179
v 26.552298 4.058981 2.031329
v 27.536751 4.056433 2.036930
v 28.488298 4.053418 2.038284
v 29.422595 4.050807 2.036126
v -22.356232 -31.105678 3.037225
v -23.283044 -31.102626 3.031667
v -23.282576 -30.283871 3.035455
v -21.412629 -31.109061 3.039362
v -20.454484 -31.112252 3.036686
v -19.482717 -31.113576 3.031749
v -18.497255 -31.113583 3.027585
v -17.496577 -31.113135 3.025779
v -16.483241 -31.112790 3.026490
v -15.462015 -31.112650 3.028429
v -14.436545 -31.112619 3.030465
v -13.409461 -31.112620 3.032040
v -12.381827 -31.112627 3.033118
v -11.354287 -31.112632 3.033957
v -10.327572 -31.112637 3.034716
v -9.301447 -31.112644 3.035394
v -8.275535 -31.112648 3.035987
v -7.249896 -31.112645 3.036486
v -6.224476 -31.112639 3.036810
v -5.199396 -31.112642 3.036836
v -4.174119 -31.112652 3.036569
v -3.148202 -31.112657 3.036248
v -2.122688 -31.112651 3.036022
v -1.098130 -31.112646 3.035726
v -0.073885 -31.112646 3.035199
v 0.950382 -31.112652 3.034509
v 1.974934 -31.112657 3.033858
v 2.999750 -31.112652 3.033409
v 4.024332 -31.112645 3.033177
v 5.049133 -31.112645 3.033109
v 6.074318 -31.112649 3.033210
v 7.099780 -31.112651 3.033462
v 8.125495 -31.112648 3.033787
v 9.151690 -31.112642 3.034136
v 10.178257 -31.112634 3.034489
v 11.205093 -31.112634 3.034806
v 12.232323 -31.112640 3.035071
v 13.259902 -31.112645 3.035300
v 14.287337 -31.112647 3.035424
v 15.314678 -31.112651 3.035299
v 16.342420 -31.112656 3.034874
v 17.370873 -31.112657 3.034282
v 18.400322 -31.112648 3.033701
v 19.429703 -31.112630 3.033076
v 20.458524 -31.112617 3.032113
v 21.486358 -31.112631 3.030700
v 22.511962 -31.112713 3.029260
v 23.533057 -31.112943 3.028691
v 24.546464 -31.113331 3.029907
v 25.550886 -31.113482 3.032722
v 26.547154 -31.112372 3.035877
v 27.530274 -31.109242 3.036773
v 28.484451 -31.105925 3.033533
v 29.422128 -31.102991 3.027929
v 29.422020 -30.287567 3.031614
v -23.281000 -29.449375 3.037799
v 29.420794 -29.455025 3.034410
v -23.278969 -28.573412 3.038136
v -21.236015 -28.996770 3.050421
v -20.337332 -29.021620 3.047194
v -19.417660 -29.025441 3.039223
v -18.474798 -29.025093 3.030631
v -17.500211 -29.024501 3.026424
v -16.489137 -29.024078 3.026494
v -15.465754 -29.023923 3.028326
v -14.438756 -29.023892 3.030350
v -13.410766 -29.023894 3.031942
v -12.382634 -29.023901 3.033047
v -11.354827 -29.023906 3.033903
v -10.327785 -29.023912 3.034699
v -9.301521 -29.023919 3.035450
v -8.275692 -29.023923 3.036095
v -7.250216 -29.023921 3.036562
v -6.224651 -29.023915 3.036828
v -5.199178 -29.023917 3.036887
v -4.173810 -29.023927 3.036734
v -3.148318 -29.023931 3.036464
v -2.122959 -29.023926 3.036182
v -1.098300 -29.023921 3.035819
v -0.073938 -29.023921 3.035294
v 0.950474 -29.023927 3.034679
v 1.974775 -29.023932 3.034082
v 2.999190 -29.023927 3.033580
v 4.023939 -29.023919 3.033256
v 5.049015 -29.023920 3.033183
v 6.074172 -29.023924 3.033335
v 7.099497 -29.023926 3.033608
v 8.125140 -29.023924 3.033900
v 9.151263 -29.023917 3.034166
v 10.178052 -29.023909 3.034437
v 11.205366 -29.023909 3.034753
v 12.232818 -29.023915 3.035091
v 13.260356 -29.023920 3.035380
v 14.287868 -29.023923 3.035539
v 15.315220 -29.023927 3.035458
v 16.342842 -29.023931 3.035100
v 17.371109 -29.023932 3.034541
v 18.400145 -29.023923 3.033886
v 19.429744 -29.023905 3.033095
v 20.459360 -29.023892 3.031991
v 21.488518 -29.023903 3.030613
v 22.515951 -29.023985 3.029529
v 23.537558 -29.024253 3.029748
v 24.541858 -29.024862 3.032728
v 25.504093 -29.025330 3.039303
v 26.445543 -29.021559 3.045693
v 27.372183 -28.997197 3.047964
v 29.419094 -28.578955 3.035555
v -23.277387 -27.623680 3.041004
v -21.228783 -27.715961 3.047255
v 27.368502 -27.715583 3.046144
v 29.417431 -27.627196 3.039635
v -23.278385 -26.531295 3.046736
v -21.228977 -26.539185 3.049654
v 27.369014 -26.538005 3.049523
v 29.418386 -26.530986 3.046639
v -23.278995 -25.436166 3.049935
v -21.229595 -25.434342 3.051070
v 27.369589 -25.432179 3.051493
v 29.418981 -25.434333 3.050493
v -23.279191 -24.366686 3.048541
v -21.229800 -24.364817 3.049009
v 27.369788 -24.362249 3.049792
v 29.419178 -24.364489 3.049399
v -23.279263 -23.315575 3.044755
v -21.229872 -23.314719 3.044865
v 27.369864 -23.312612 3.045911
v 29.419255 -23.313851 3.045775
v -23.279296 -22.276101 3.040564
v -21.229904 -22.276164 3.040480
v 27.369900 -22.274947 3.041759
v 29.419292 -22.275228 3.041725
v -23.279309 -21.242874 3.037100
v -21.229917 -21.243081 3.036949
v 27.369915 -21.243755 3.038390
v 29.419306 -21.243462 3.038404
v -23.279316 -20.211642 3.034857
v -21.229925 -20.211693 3.034724
v 27.369917 -20.214623 3.036140
v 29.419309 -20.214156 3.036209
v -23.279321 -19.180617 3.033787
v -21.229930 -19.180695 3.033698
v 27.369918 -19.185110 3.035017
v 29.419310 -19.184794 3.035118
v -23.279323 -18.149048 3.033527
v -21.229931 -18.149096 3.033460
v 27.369921 -18.154510 3.034857
v 29.419312 -18.154413 3.034926
v -23.279323 -17.117030 3.033687
v -21.229932 -17.116978 3.033620
v 27.369924 -17.123411 3.035272
v 29.419316 -17.123305 3.035282
v -23.279323 -16.084450 3.033980
v -21.229932 -16.084382 3.033902
v 27.369925 -16.092027 3.035756
v 29.419317 -16.091795 3.035743
v -23.279323 -15.051917 3.034199
v -21.229931 -15.051725 3.034116
v 27.369923 -15.060116 3.035970
v 29.419315 -15.059778 3.035996
v -23.279325 -14.019120 3.034239
v -21.229934 -14.018714 3.034200
v 27.369920 -14.027043 3.035935
v 29.419311 -14.026752 3.036025
v -23.279329 -12.986202 3.034103
v -21.229937 -12.985831 3.034130
v 27.369918 -12.993142 3.035801
v 29.419310 -12.993144 3.035920
v -23.279328 -11.953321 3.033783
v -21.229937 -11.953274 3.033799
v 27.369919 -11.959031 3.035580
v 29.419311 -11.959232 3.035678
v -23.279322 -10.920271 3.033363
v -21.229930 -10.920340 3.033267
v 27.369922 -10.924328 3.035338
v 29.419313 -10.924610 3.035388
v -23.279316 -9.886890 3.033112
v -21.229924 -9.886571 3.032912
v 27.369924 -9.889265 3.035310
v 29.419315 -9.889577 3.035325
v -23.279316 -8.854035 3.033256
v -21.229924 -8.853204 3.033064
v 27.369923 -8.854939 3.035638
v 29.419315 -8.855121 3.035659
v -23.279320 -7.821864 3.033888
v -21.229928 -7.820835 3.033780
v 27.369921 -7.821883 3.036273
v 29.419312 -7.822057 3.036324
v -23.279320 -6.789972 3.035184
v -21.229929 -6.789066 3.035124
v 27.369918 -6.789497 3.037285
v 29.419310 -6.789807 3.037343
v -23.279313 -5.757409 3.037427
v -21.229921 -5.756706 3.037352
v 27.369914 -5.756386 3.039046
v 29.419305 -5.756559 3.039073
v -23.279296 -4.722348 3.040726
v -21.229904 -4.721870 3.040651
v 27.369899 -4.721061 3.041814
v 29.419291 -4.720757 3.041796
v -23.279261 -3.681609 3.044645
v -21.229870 -3.681822 3.044722
v 27.369863 -3.680492 3.045287
v 29.419254 -3.679284 3.045147
v -23.279186 -2.630712 3.048074
v -21.229796 -2.631804 3.048583
v 27.369786 -2.629799 3.048516
v 29.419176 -2.627722 3.048000
v -23.278982 -1.564009 3.049291
v -21.229583 -1.564931 3.050703
v 27.369583 -1.562384 3.049974
v 29.418973 -1.560575 3.048486
v -23.278373 -0.477205 3.046775
v -21.228966 -0.466936 3.050365
v 27.369012 -0.464575 3.048916
v 29.418386 -0.473028 3.044841
v -23.277500 0.593700 3.043088
v -21.228841 0.693077 3.049985
v 27.368540 0.695187 3.048013
v 29.417553 0.601784 3.039843
v -23.279010 1.533267 3.041441
v -21.236184 1.943661 3.054015
v 27.372141 1.944318 3.052195
v 29.419136 1.542708 3.037622
v -23.280890 2.403967 3.040693
v -20.337076 1.968130 3.050198
v -19.417135 1.971893 3.041580
v -18.474038 1.971534 3.032392
v -17.497443 1.970927 3.027831
v -16.484675 1.970505 3.027861
v -15.460697 1.970363 3.029733
v -14.433533 1.970347 3.031567
v -13.405250 1.970364 3.032653
v -12.376848 1.970377 3.032988
v -11.348285 1.970378 3.032925
v -10.319886 1.970376 3.032881
v -9.292121 1.970378 3.033043
v -8.265076 1.970379 3.033391
v -7.238613 1.970381 3.033852
v -6.213124 1.970387 3.034277
v -5.188556 1.970391 3.034472
v -4.164317 1.970392 3.034384
v -3.140254 1.970388 3.034122
v -2.116499 1.970379 3.033786
v -1.092748 1.970372 3.033468
v -0.069050 1.970372 3.033280
v 0.954355 1.970379 3.033239
v 1.977453 1.970386 3.033269
v 3.000601 1.970389 3.033326
v 4.023961 1.970386 3.033437
v 5.047551 1.970376 3.033619
v 6.071369 1.970369 3.033826
v 7.095474 1.970369 3.034004
v 8.120073 1.970373 3.034180
v 9.145157 1.970380 3.034417
v 10.170215 1.970389 3.034662
v 11.195302 1.970393 3.034754
v 12.220772 1.970391 3.034607
v 13.246909 1.970389 3.034286
v 14.273774 1.970390 3.033917
v 15.301092 1.970390 3.033570
v 16.329141 1.970384 3.033278
v 17.358086 1.970374 3.033109
v 18.387852 1.970366 3.033075
v 19.418236 1.970363 3.033049
v 20.448569 1.970362 3.032838
v 21.478385 1.970370 3.032420
v 22.505647 1.970431 3.032132
v 23.527265 1.970657 3.032794
v 24.533223 1.971220 3.036030
v 25.499974 1.971725 3.043040
v 26.443207 1.968116 3.049852
v 29.420729 2.413074 3.037193
v -23.282417 3.234151 3.037457
v 29.421778 3.240333 3.034507
v -23.282877 4.049315 3.032489
v -22.354573 4.052266 3.038912
v -21.410211 4.055622 3.041657
v -20.451955 4.058759 3.039107
v -19.480768 4.060038 3.033821
v -18.494762 4.060030 3.029214
v -17.492882 4.059565 3.027277
v -16.478850 4.059217 3.028107
v -15.457563 4.059088 3.030062
v -14.432238 4.059072 3.031761
v -13.404752 4.059089 3.032679
v -12.376396 4.059102 3.032922
v -11.347747 4.059104 3.032883
v -10.319577 4.059102 3.032881
v -9.291974 4.059104 3.033041
v -8.264899 4.059105 3.033377
v -7.238612 4.059106 3.033817
v -6.213171 4.059111 3.034189
v -5.188445 4.059115 3.034331
v -4.164034 4.059117 3.034232
v -3.139751 4.059113 3.034020
v -2.115942 4.059104 3.033783
v -1.092438 4.059097 3.033549
v -0.069114 4.059097 3.033359
v 0.954065 4.059104 3.033240
v 1.977211 4.059111 3.033180
v 3.000515 4.059114 3.033198
v 4.024100 4.059111 3.033359
v 5.047742 4.059101 3.033656
v 6.071149 4.059093 3.033949
v 7.094877 4.059094 3.034130
v 8.119275 4.059098 3.034256
v 9.144121 4.059105 3.034410
v 10.169212 4.059114 3.034557
v 11.194579 4.059117 3.034602
v 12.220259 4.059116 3.034476
v 13.246406 4.059114 3.034178
v 14.273304 4.059115 3.033798
v 15.300820 4.059115 3.033447
v 16.329041 4.059110 3.033213
v 17.357975 4.059099 3.033144
v 18.387333 4.059091 3.033167
v 19.417215 4.059088 3.033130
v 20.447171 4.059087 3.032899
v 21.475991 4.059097 3.032436
v 22.501848 4.059158 3.031924
v 23.522491 4.059351 3.031966
v 24.535740 4.059708 3.033466
v 25.540488 4.059897 3.036432
v 26.537798 4.058895 3.039717
v 27.524641 4.055853 3.040457
v 28.481086 4.052677 3.036682
v 29.421824 4.049924 3.030291
v -22.349900 -31.105648 4.033557
v -23.282499 -31.102636 4.024924
v -23.282204 -30.284604 4.033163
v -21.402288 -31.109126 4.039935
v -20.442412 -31.112186 4.041737
v -19.470435 -31.113455 4.040174
v -18.487962 -31.113561 4.037702
v -17.491206 -31.113167 4.036043
v -16.480595 -31.112819 4.035929
v -15.460760 -31.112667 4.036773
v -14.435863 -31.112630 4.037914
v -13.408888 -31.112629 4.038970
v -12.381431 -31.112634 4.039848
v -11.354230 -31.112639 4.040658
v -10.327630 -31.112643 4.041477
v -9.301470 -31.112646 4.042288
v -8.275517 -31.112648 4.043046
v -7.249709 -31.112647 4.043688
v -6.223989 -31.112645 4.044129
v -5.198386 -31.112646 4.044286
v -4.172779 -31.112650 4.044146
v -3.147081 -31.112653 4.043823
v -2.121721 -31.112651 4.043407
v -1.096957 -31.112649 4.042849
v -0.072585 -31.112649 4.042122
v 0.951594 -31.112652 4.041308
v 1.975727 -31.112654 4.040546
v 2.999909 -31.112652 4.039972
v 4.024071 -31.112649 4.039636
v 5.048468 -31.112649 4.039540
v 6.073193 -31.112651 4.039687
v 7.098326 -31.112651 4.040040
v 8.123888 -31.112650 4.040519
v 9.149974 -31.112646 4.041050
v 10.176543 -31.112642 4.041577
v 11.203539 -31.112642 4.042035
v 12.230908 -31.112644 4.042376
v 13.258565 -31.112647 4.042576
v 14.286288 -31.112649 4.042589
v 15.314039 -31.112651 4.042353
v 16.342045 -31.112653 4.041885
v 17.370459 -31.112653 4.041278
v 18.399476 -31.112646 4.040650
v 19.428664 -31.112636 4.039998
v 20.457590 -31.112631 4.039215
v 21.485342 -31.112650 4.038324
v 22.510094 -31.112731 4.037603
v 23.529191 -31.112955 4.037541
v 24.539881 -31.113317 4.038545
v 25.541759 -31.113404 4.040084
v 26.537734 -31.112349 4.040823
v 27.524131 -31.109319 4.038199
v 28.480788 -31.105864 4.031406
v 29.421791 -31.102959 4.023014
v 29.421819 -30.287990 4.030959
v -23.280963 -29.452369 4.040654
v 29.420837 -29.457681 4.038459
v -23.279028 -28.580327 4.044771
v -21.234889 -28.996934 4.057642
v -20.328363 -29.021464 4.054431
v -19.405028 -29.025310 4.048342
v -18.462037 -29.025082 4.041819
v -17.492682 -29.024551 4.037862
v -16.485371 -29.024113 4.036661
v -15.463764 -29.023942 4.037083
v -14.437502 -29.023904 4.038072
v -13.409782 -29.023903 4.039070
v -12.381919 -29.023909 4.039930
v -11.354521 -29.023914 4.040734
v -10.327774 -29.023918 4.041562
v -9.301577 -29.023922 4.042399
v -8.275639 -29.023924 4.043178
v -7.249866 -29.023922 4.043809
v -6.224066 -29.023920 4.044228
v -5.198341 -29.023921 4.044398
v -4.172678 -29.023926 4.044304
v -3.147101 -29.023928 4.044000
v -2.121793 -29.023926 4.043560
v -1.097012 -29.023925 4.042979
v -0.072603 -29.023925 4.042252
v 0.951596 -29.023927 4.041465
v 1.975638 -29.023929 4.040728
v 2.999692 -29.023927 4.040133
v 4.023894 -29.023924 4.039761
v 5.048356 -29.023924 4.039664
v 6.073087 -29.023926 4.039829
v 7.098157 -29.023927 4.040187
v 8.123673 -29.023925 4.040654
v 9.149746 -29.023921 4.041156
v 10.176419 -29.023917 4.041650
v 11.203594 -29.023917 4.042108
v 12.231084 -29.023920 4.042478
v 13.258773 -29.023922 4.042701
v 14.286528 -29.023924 4.042725
v 15.314279 -29.023927 4.042509
v 16.342205 -29.023929 4.042064
v 17.370549 -29.023928 4.041475
v 18.399453 -29.023922 4.040829
v 19.428878 -29.023911 4.040139
v 20.458401 -29.023906 4.039366
v 21.487105 -29.023922 4.038619
v 22.513097 -29.024006 4.038358
v 23.532364 -29.024272 4.039340
v 24.533883 -29.024846 4.042388
v 25.494927 -29.025236 4.047657
v 26.439074 -29.021470 4.052865
v 27.371500 -28.997378 4.055560
v 29.419127 -28.585891 4.042940
v -23.277394 -27.637724 4.047140
v -21.228657 -27.733573 4.053958
v 27.368412 -27.733714 4.052903
v 29.417431 -27.642178 4.046074
v -23.278363 -26.546539 4.049458
v -21.228979 -26.554962 4.052762
v 27.369010 -26.553984 4.052685
v 29.418370 -26.546644 4.049448
v -23.278987 -25.445025 4.050699
v -21.229585 -25.442131 4.051918
v 27.369585 -25.440198 4.052509
v 29.418980 -25.443281 4.051340
v -23.279192 -24.369766 4.049338
v -21.229798 -24.366934 4.049828
v 27.369789 -24.364642 4.050813
v 29.419182 -24.367584 4.050343
v -23.279268 -23.315367 4.046534
v -21.229876 -23.313750 4.046718
v 27.369867 -23.311867 4.047955
v 29.419259 -23.313603 4.047763
v -23.279302 -22.274644 4.043519
v -21.229910 -22.274068 4.043550
v 27.369902 -22.273193 4.044981
v 29.419294 -22.273873 4.044910
v -23.279315 -21.241368 4.041063
v -21.229923 -21.241240 4.041030
v 27.369916 -21.242020 4.042600
v 29.419308 -21.242123 4.042583
v -23.279320 -20.210757 4.039528
v -21.229929 -20.210739 4.039484
v 27.369920 -20.213416 4.041083
v 29.419312 -20.213330 4.041105
v -23.279323 -19.180411 4.038891
v -21.229932 -19.180431 4.038853
v 27.369921 -19.184720 4.040436
v 29.419313 -19.184609 4.040479
v -23.279324 -18.149358 4.038899
v -21.229933 -18.149369 4.038861
v 27.369922 -18.154913 4.040500
v 29.419314 -18.154853 4.040535
v -23.279325 -17.117589 4.039245
v -21.229933 -17.117573 4.039206
v 27.369924 -17.124129 4.040974
v 29.419315 -17.124063 4.040991
v -23.279325 -16.085197 4.039675
v -21.229933 -16.085158 4.039633
v 27.369924 -16.092551 4.041507
v 29.419316 -16.092457 4.041517
v -23.279325 -15.052573 4.040000
v -21.229933 -15.052480 4.039953
v 27.369924 -15.060228 4.041852
v 29.419315 -15.060114 4.041875
v -23.279326 -14.019703 4.040111
v -21.229934 -14.019569 4.040078
v 27.369922 -14.027031 4.041967
v 29.419313 -14.026932 4.042013
v -23.279327 -12.986782 4.039991
v -21.229936 -12.986665 4.039983
v 27.369921 -12.993151 4.041920
v 29.419313 -12.993150 4.041976
v -23.279327 -11.953891 4.039650
v -21.229935 -11.953844 4.039640
v 27.369922 -11.958892 4.041733
v 29.419313 -11.958961 4.041780
v -23.279324 -10.920988 4.039178
v -21.229932 -10.920947 4.039128
v 27.369923 -10.924263 4.041475
v 29.419314 -10.924370 4.041507
v -23.279321 -9.888075 4.038791
v -21.229930 -9.887922 4.038705
v 27.369924 -9.889583 4.041315
v 29.419315 -9.889703 4.041334
v -23.279321 -8.855644 4.038698
v -21.229930 -8.855340 4.038620
v 27.369924 -8.855518 4.041383
v 29.419315 -8.855609 4.041400
v -23.279322 -7.823869 4.039040
v -21.229931 -7.823501 4.038996
v 27.369922 -7.822482 4.041722
v 29.419314 -7.822552 4.041747
v -23.279322 -6.792467 4.039983
v -21.229930 -6.792148 4.039966
v 27.369920 -6.790173 4.042439
v 29.419312 -6.790221 4.042455
v -23.279316 -5.760356 4.041715
v -21.229925 -5.760249 4.041713
v 27.369916 -5.757423 4.043764
v 29.419308 -5.757266 4.043746
v -23.279302 -4.725248 4.044287
v -21.229910 -4.725606 4.044328
v 27.369902 -4.722123 4.045831
v 29.419294 -4.721453 4.045751
v -23.279267 -3.683225 4.047395
v -21.229875 -3.684550 4.047587
v 27.369867 -3.680467 4.048427
v 29.419259 -3.678789 4.048196
v -23.279187 -2.629123 4.050323
v -21.229793 -2.631674 4.050878
v 27.369786 -2.627023 4.050976
v 29.419179 -2.624112 4.050372
v -23.278967 -1.557245 4.051992
v -21.229568 -1.559850 4.053421
v 27.369572 -1.554818 4.052764
v 29.418963 -1.551752 4.051179
v -23.278334 -0.465642 4.051521
v -21.228956 -0.455417 4.055277
v 27.368996 -0.450558 4.054005
v 29.418348 -0.459377 4.049754
v -23.277504 0.602915 4.050421
v -21.228697 0.705972 4.057759
v 27.368432 0.709876 4.056350
v 29.417557 0.611747 4.048002
v -23.279069 1.537909 4.048424
v -21.234978 1.943738 4.061730
v 27.371334 1.944406 4.060913
v 29.419172 1.546975 4.045915
v -23.280860 2.405512 4.043549
v -20.327622 1.967955 4.057964
v -19.403696 1.971751 4.051301
v -18.460319 1.971518 4.044276
v -17.488997 1.970981 4.039946
v -16.480201 1.970550 4.038513
v -15.457732 1.970388 4.038742
v -14.430824 1.970360 4.039390
v -13.402467 1.970367 4.039839
v -12.373963 1.970376 4.039966
v -11.345734 1.970380 4.039929
v -10.317981 1.970380 4.039959
v -9.290769 1.970381 4.040158
v -8.264109 1.970382 4.040491
v -7.237971 1.970383 4.040871
v -6.212502 1.970386 4.041177
v -5.187670 1.970388 4.041276
v -4.163278 1.970388 4.041138
v -3.139228 1.970386 4.040839
v -2.115538 1.970383 4.040462
v -1.092075 1.970379 4.040094
v -0.068821 1.970379 4.039823
v 0.954216 1.970382 4.039682
v 1.977080 1.970386 4.039645
v 2.999977 1.970387 4.039696
v 4.023046 1.970385 4.039847
v 5.046352 1.970381 4.040090
v 6.069935 1.970377 4.040389
v 7.093879 1.970377 4.040698
v 8.118269 1.970379 4.041005
v 9.143087 1.970383 4.041310
v 10.168137 1.970387 4.041557
v 11.193446 1.970389 4.041644
v 12.219132 1.970389 4.041519
v 13.245309 1.970388 4.041218
v 14.272026 1.970388 4.040833
v 15.299193 1.970388 4.040447
v 16.326941 1.970384 4.040138
v 17.355398 1.970379 4.039982
v 18.384599 1.970373 4.040000
v 19.414536 1.970369 4.040133
v 20.444672 1.970369 4.040295
v 21.474059 1.970382 4.040535
v 22.500469 1.970452 4.041177
v 23.520358 1.970686 4.042863
v 24.523829 1.971217 4.046532
v 25.489584 1.971625 4.052495
v 26.435835 1.967998 4.058140
v 29.420795 2.413413 4.041323
v -23.282070 3.234285 4.034919
v 29.421605 3.239212 4.033055
v -23.282359 4.049346 4.025469
v -22.348316 4.052271 4.035047
v -21.399753 4.055668 4.042201
v -20.439550 4.058658 4.044334
v -19.467563 4.059906 4.042677
v -18.484667 4.060002 4.039919
v -17.486940 4.059600 4.038042
v -16.475450 4.059256 4.037818
v -15.454984 4.059114 4.038497
v -14.429587 4.059086 4.039265
v -13.401917 4.059092 4.039723
v -12.373651 4.059101 4.039847
v -11.345471 4.059105 4.039837
v -10.317790 4.059105 4.039892
v -9.290647 4.059106 4.040091
v -8.264005 4.059107 4.040420
v -7.237937 4.059108 4.040794
v -6.212482 4.059110 4.041076
v -5.187603 4.059113 4.041156
v -4.163141 4.059113 4.041015
v -3.139007 4.059111 4.040735
v -2.115310 4.059107 4.040396
v -1.091944 4.059104 4.040060
v -0.068831 4.059104 4.039788
v 0.954107 4.059107 4.039614
v 1.976983 4.059111 4.039542
v 2.999945 4.059112 4.039580
v 4.023084 4.059110 4.039748
v 5.046393 4.059105 4.040039
v 6.069824 4.059102 4.040374
v 7.093604 4.059102 4.040683
v 8.117880 4.059104 4.040972
v 9.142604 4.059107 4.041247
v 10.167675 4.059112 4.041454
v 11.193071 4.059114 4.041522
v 12.218837 4.059113 4.041406
v 13.245040 4.059112 4.041115
v 14.271787 4.059113 4.040725
v 15.299036 4.059112 4.040339
v 16.326843 4.059109 4.040049
v 17.355275 4.059103 4.039926
v 18.384301 4.059098 4.039953
v 19.413893 4.059094 4.040047
v 20.443585 4.059094 4.040135
v 21.472162 4.059109 4.040212
v 22.497525 4.059176 4.040400
v 23.516971 4.059373 4.041025
v 24.528176 4.059709 4.042462
v 25.530833 4.059816 4.044183
v 26.528215 4.058854 4.044845
v 27.518788 4.055921 4.041675
v 28.477698 4.052545 4.033775
v 29.421510 4.049763 4.024075
v -22.347224 -31.105787 5.030894
v -23.282348 -31.102829 5.019984
v -23.282112 -30.285949 5.031361
v -21.397314 -31.109167 5.040004
v -20.435827 -31.112119 5.044477
v -19.462496 -31.113396 5.045224
v -18.481206 -31.113538 5.044256
v -17.486416 -31.113178 5.042984
v -16.477378 -31.112838 5.042412
v -15.458606 -31.112683 5.042463
v -14.434402 -31.112641 5.042869
v -13.407849 -31.112637 5.043443
v -12.380776 -31.112641 5.044111
v -11.353980 -31.112646 5.044904
v -10.327632 -31.112648 5.045837
v -9.301568 -31.112650 5.046859
v -8.275566 -31.112651 5.047871
v -7.249538 -31.112650 5.048749
v -6.223482 -31.112648 5.049380
v -5.197446 -31.112649 5.049676
v -4.171466 -31.112650 5.049606
v -3.145637 -31.112652 5.049210
v -2.120190 -31.112652 5.048554
v -1.095309 -31.112652 5.047687
v -0.070948 -31.112653 5.046680
v 0.953023 -31.112655 5.045647
v 1.976726 -31.112655 5.044716
v 3.000297 -31.112654 5.044008
v 4.023880 -31.112653 5.043597
v 5.047681 -31.112653 5.043517
v 6.071875 -31.112654 5.043772
v 7.096592 -31.112654 5.044317
v 8.121916 -31.112653 5.045063
v 9.147906 -31.112650 5.045893
v 10.174535 -31.112648 5.046692
v 11.201721 -31.112647 5.047350
v 12.229357 -31.112648 5.047783
v 13.257303 -31.112649 5.047935
v 14.285388 -31.112651 5.047779
v 15.313502 -31.112653 5.047326
v 16.341687 -31.112654 5.046656
v 17.370085 -31.112653 5.045894
v 18.398811 -31.112648 5.045152
v 19.427763 -31.112642 5.044476
v 20.456481 -31.112642 5.043859
v 21.483865 -31.112664 5.043361
v 22.507899 -31.112745 5.043125
v 23.525820 -31.112959 5.043345
v 24.535120 -31.113299 5.044065
v 25.535754 -31.113357 5.044467
v 26.531982 -31.112295 5.043345
v 27.521402 -31.109360 5.038430
v 28.479295 -31.105973 5.029043
v 29.421697 -31.103110 5.018156
v 29.421778 -30.289021 5.029596
v -23.280888 -29.454977 5.042267
v 29.420844 -29.459873 5.040674
v -23.279026 -28.584302 5.048725
v -21.234364 -28.997081 5.063366
v -20.324235 -29.021400 5.060020
v -19.398545 -29.025242 5.054647
v -18.454286 -29.025054 5.049003
v -17.486514 -29.024560 5.045344
v -16.481520 -29.024133 5.043524
v -15.461264 -29.023957 5.042976
v -14.435756 -29.023915 5.043131
v -13.408535 -29.023912 5.043594
v -12.381125 -29.023917 5.044215
v -11.354181 -29.023921 5.044987
v -10.327777 -29.023924 5.045917
v -9.301702 -29.023925 5.046947
v -8.275710 -29.023926 5.047966
v -7.249677 -29.023925 5.048843
v -6.223565 -29.023924 5.049469
v -5.197451 -29.023924 5.049771
v -4.171423 -29.023926 5.049714
v -3.145595 -29.023927 5.049322
v -2.120162 -29.023928 5.048657
v -1.095280 -29.023928 5.047779
v -0.070914 -29.023929 5.046771
v 0.953031 -29.023930 5.045745
v 1.976681 -29.023931 5.044824
v 3.000206 -29.023930 5.044111
v 4.023783 -29.023929 5.043689
v 5.047593 -29.023929 5.043608
v 6.071770 -29.023929 5.043867
v 7.096438 -29.023929 5.044415
v 8.121719 -29.023928 5.045159
v 9.147705 -29.023926 5.045982
v 10.174385 -29.023923 5.046772
v 11.201658 -29.023923 5.047431
v 12.229376 -29.023923 5.047873
v 13.257378 -29.023925 5.048033
v 14.285494 -29.023926 5.047880
v 15.313613 -29.023928 5.047429
v 16.341761 -29.023929 5.046763
v 17.370103 -29.023928 5.046010
v 18.398839 -29.023924 5.045279
v 19.427995 -29.023918 5.044629
v 20.457225 -29.023917 5.044102
v 21.485421 -29.023937 5.043834
v 22.510409 -29.024020 5.044159
v 23.528077 -29.024274 5.045560
v 24.528279 -29.024817 5.048657
v 25.490337 -29.025178 5.053655
v 26.436031 -29.021434 5.058609
v 27.371180 -28.997521 5.061811
v 29.419111 -28.589622 5.047541
v -23.277415 -27.644417 5.050962
v -21.228626 -27.742439 5.059093
v 27.368382 -27.742794 5.058524
v 29.417438 -27.648987 5.050438
v -23.278351 -26.554901 5.051112
v -21.228969 -26.563749 5.054993
v 27.368999 -26.562824 5.055289
v 29.418358 -26.555084 5.051437
v -23.278977 -25.449988 5.050609
v -21.229575 -25.446862 5.051962
v 27.369578 -25.444919 5.052838
v 29.418973 -25.448180 5.051500
v -23.279189 -24.371278 5.048735
v -21.229795 -24.368141 5.049273
v 27.369787 -24.365835 5.050480
v 29.419181 -24.369003 5.049946
v -23.279269 -23.314950 5.046303
v -21.229877 -23.313045 5.046513
v 27.369867 -23.311143 5.047913
v 29.419260 -23.313100 5.047699
v -23.279304 -22.273538 5.044028
v -21.229912 -22.272725 5.044080
v 27.369903 -22.271909 5.045608
v 29.419295 -22.272758 5.045546
v -23.279317 -21.240367 5.042328
v -21.229926 -21.240107 5.042314
v 27.369917 -21.240882 5.043933
v 29.419308 -21.241146 5.043935
v -23.279322 -20.210319 5.041391
v -21.229931 -20.210258 5.041352
v 27.369921 -20.212830 5.043016
v 29.419313 -20.212871 5.043048
v -23.279324 -19.180573 5.041175
v -21.229933 -19.180567 5.041129
v 27.369922 -19.184794 5.042817
v 29.419314 -19.184774 5.042863
v -23.279325 -18.150015 5.041493
v -21.229934 -18.150022 5.041443
v 27.369923 -18.155588 5.043180
v 29.419315 -18.155563 5.043228
v -23.279325 -17.118500 5.042098
v -21.229934 -17.118504 5.042046
v 27.369924 -17.125069 5.043864
v 29.419315 -17.125044 5.043907
v -23.279325 -16.086230 5.042747
v -21.229934 -16.086216 5.042693
v 27.369924 -16.093429 5.044592
v 29.419315 -16.093389 5.044634
v -23.279325 -15.053509 5.043241
v -21.229934 -15.053472 5.043187
v 27.369923 -15.060839 5.045152
v 29.419315 -15.060790 5.045197
v -23.279326 -14.020532 5.043457
v -21.229934 -14.020479 5.043407
v 27.369923 -14.027414 5.045450
v 29.419314 -14.027380 5.045501
v -23.279326 -12.987487 5.043354
v -21.229935 -12.987440 5.043309
v 27.369922 -12.993357 5.045484
v 29.419314 -12.993355 5.045538
v -23.279326 -11.954512 5.042950
v -21.229934 -11.954482 5.042904
v 27.369923 -11.958892 5.045277
v 29.419314 -11.958926 5.045328
v -23.279325 -10.921681 5.042347
v -21.229933 -10.921647 5.042292
v 27.369923 -10.924219 5.044904
v 29.419315 -10.924273 5.044952
v -23.279324 -9.889132 5.041740
v -21.229932 -9.889057 5.041678
v 27.369924 -9.889698 5.044514
v 29.419315 -9.889749 5.044558
v -23.279324 -8.857160 5.041349
v -21.229932 -8.857031 5.041289
v 27.369924 -8.855829 5.044262
v 29.419315 -8.855871 5.044304
v -23.279324 -7.825894 5.041363
v -21.229933 -7.825751 5.041315
v 27.369923 -7.822946 5.044274
v 29.419314 -7.822965 5.044314
v -23.279323 -6.795020 5.041955
v -21.229932 -6.794948 5.041924
v 27.369921 -6.790829 5.044682
v 29.419313 -6.790775 5.044709
v -23.279318 -5.763376 5.043275
v -21.229927 -5.763531 5.043274
v 27.369917 -5.758346 5.045644
v 29.419309 -5.758074 5.045637
v -23.279305 -4.728367 5.045378
v -21.229913 -4.729081 5.045443
v 27.369904 -4.723062 5.047246
v 29.419296 -4.722229 5.047167
v -23.279269 -3.685655 5.048110
v -21.229877 -3.687424 5.048350
v 27.369869 -3.680725 5.049409
v 29.419261 -3.678831 5.049150
v -23.279185 -2.629728 5.051101
v -21.229792 -2.632768 5.051711
v 27.369785 -2.625522 5.051881
v 29.419178 -2.622340 5.051229
v -23.278955 -1.554706 5.053674
v -21.229556 -1.557792 5.055224
v 27.369561 -1.550307 5.054450
v 29.418952 -1.546899 5.052775
v -23.278316 -0.460282 5.054997
v -21.228941 -0.449872 5.059408
v 27.368979 -0.442800 5.057833
v 29.418328 -0.452028 5.053125
v -23.277515 0.607128 5.055552
v -21.228655 0.711887 5.064517
v 27.368395 0.717177 5.062668
v 29.417561 0.616389 5.053169
v -23.279071 1.540580 5.053141
v -21.234407 1.943824 5.068827
v 27.370935 1.944498 5.067517
v 29.419159 1.549412 5.050778
v -23.280788 2.407321 5.045616
v -20.323184 1.967876 5.064719
v -19.396654 1.971679 5.058556
v -18.451871 1.971487 5.052210
v -17.481854 1.970991 5.048040
v -16.475315 1.970575 5.045833
v -15.453930 1.970408 5.044941
v -14.427421 1.970371 5.044675
v -13.399250 1.970373 5.044573
v -12.370943 1.970379 5.044485
v -11.343121 1.970383 5.044460
v -10.315883 1.970384 5.044593
v -9.289138 1.970385 5.044902
v -8.262787 1.970385 5.045313
v -7.236832 1.970385 5.045704
v -6.211347 1.970386 5.045951
v -5.186372 1.970387 5.045967
v -4.161881 1.970387 5.045737
v -3.137851 1.970387 5.045324
v -2.114281 1.970386 5.044818
v -1.091110 1.970385 5.044326
v -0.068257 1.970385 5.043937
v 0.954357 1.970386 5.043696
v 1.976841 1.970388 5.043603
v 2.999346 1.970388 5.043647
v 4.022016 1.970387 5.043827
v 5.044951 1.970386 5.044135
v 6.068223 1.970384 5.044545
v 7.091921 1.970384 5.045021
v 8.116111 1.970384 5.045522
v 9.140785 1.970385 5.045990
v 10.165868 1.970387 5.046336
v 11.191326 1.970387 5.046477
v 12.217175 1.970387 5.046372
v 13.243432 1.970387 5.046042
v 14.270078 1.970388 5.045561
v 15.297070 1.970388 5.045038
v 16.324461 1.970387 5.044597
v 17.352410 1.970383 5.044354
v 18.381072 1.970379 5.044360
v 19.410484 1.970376 5.044608
v 20.440255 1.970377 5.045080
v 21.469192 1.970395 5.045845
v 22.494998 1.970466 5.047153
v 23.513718 1.970692 5.049428
v 24.516271 1.971195 5.053342
v 25.483874 1.971578 5.059076
v 26.432057 1.967959 5.064362
v 29.420805 2.414800 5.043525
v -23.281987 3.235279 5.033177
v 29.421583 3.239803 5.031390
v -23.282219 4.049499 5.020247
v -22.345715 4.052379 5.032350
v -21.394762 4.055682 5.042439
v -20.432804 4.058585 5.047393
v -19.458938 4.059845 5.048166
v -18.477078 4.059976 5.046979
v -17.481271 4.059611 5.045434
v -16.471150 4.059280 5.044625
v -15.451381 4.059133 5.044405
v -14.426222 4.059098 5.044410
v -13.398700 4.059098 5.044417
v -12.370667 4.059104 5.044378
v -11.342930 4.059108 5.044383
v -10.315718 4.059109 5.044532
v -9.288993 4.059110 5.044844
v -8.262667 4.059110 5.045252
v -7.236746 4.059110 5.045637
v -6.211293 4.059111 5.045877
v -5.186330 4.059112 5.045886
v -4.161827 4.059112 5.045657
v -3.137780 4.059112 5.045252
v -2.114212 4.059111 5.044762
v -1.091073 4.059110 5.044281
v -0.068264 4.059110 5.043893
v 0.954320 4.059111 5.043640
v 1.976802 4.059112 5.043533
v 2.999327 4.059113 5.043572
v 4.022016 4.059112 5.043760
v 5.044940 4.059110 5.044085
v 6.068167 4.059109 5.044509
v 7.091806 4.059108 5.044985
v 8.115943 4.059109 5.045478
v 9.140583 4.059110 5.045930
v 10.165658 4.059111 5.046262
v 11.191129 4.059112 5.046396
v 12.216988 4.059112 5.046293
v 13.243240 4.059112 5.045965
v 14.269890 4.059112 5.045485
v 15.296914 4.059113 5.044965
v 16.324345 4.059111 5.044531
v 17.352286 4.059108 5.044290
v 18.380846 4.059104 5.044279
v 19.410013 4.059101 5.044472
v 20.439325 4.059102 5.044826
v 21.467549 4.059121 5.045337
v 22.492487 4.059191 5.046040
v 23.511342 4.059382 5.047024
v 24.521714 4.059699 5.048274
v 25.523684 4.059779 5.048880
v 26.521873 4.058799 5.047577
v 27.516038 4.055965 5.041918
v 28.476391 4.052662 5.031178
v 29.421441 4.049903 5.018755
v -22.345769 -31.105823 6.028287
v -23.282235 -31.102893 6.015176
v -23.282048 -30.286626 6.029273
v -21.394490 -31.109158 6.039633
v -20.432116 -31.112094 6.046020
v -19.457390 -31.113369 6.048292
v -18.476075 -31.113516 6.048306
v -17.481975 -31.113174 6.047282
v -16.473802 -31.112847 6.046398
v -15.455844 -31.112692 6.045873
v -14.432336 -31.112649 6.045706
v -13.406402 -31.112644 6.045877
v -12.379935 -31.112648 6.046370
v -11.353703 -31.112652 6.047204
v -10.327780 -31.112654 6.048365
v -9.301923 -31.112654 6.049757
v -8.275874 -31.112653 6.051199
v -7.249569 -31.112651 6.052480
v -6.223062 -31.112650 6.053420
v -5.196473 -31.112649 6.053892
v -4.169954 -31.112650 6.053830
v -3.143704 -31.112651 6.053241
v -2.117984 -31.112653 6.052211
v -1.092999 -31.112656 6.050892
v -0.068742 -31.112658 6.049465
v 0.954884 -31.112658 6.048095
v 1.978026 -31.112658 6.046923
v 3.000881 -31.112658 6.046061
v 4.023688 -31.112658 6.045594
v 5.046711 -31.112658 6.045574
v 6.070201 -31.112659 6.046020
v 7.094357 -31.112658 6.046892
v 8.119343 -31.112656 6.048079
v 9.145258 -31.112654 6.049396
v 10.172052 -31.112651 6.050633
v 11.199596 -31.112650 6.051602
v 12.227721 -31.112649 6.052163
v 13.256218 -31.112650 6.052226
v 14.284845 -31.112652 6.051776
v 15.313384 -31.112654 6.050898
v 16.341738 -31.112656 6.049785
v 17.370036 -31.112656 6.048658
v 18.398452 -31.112652 6.047679
v 19.427012 -31.112648 6.046927
v 20.455317 -31.112650 6.046426
v 21.482216 -31.112672 6.046211
v 22.505623 -31.112751 6.046313
v 23.522833 -31.112956 6.046745
v 24.531503 -31.113278 6.047352
v 25.531832 -31.113328 6.047080
v 26.528568 -31.112274 6.044725
v 27.519946 -31.109352 6.038084
v 28.478536 -31.105996 6.026551
v 29.421632 -31.103153 6.013359
v 29.421745 -30.289485 6.027817
v -23.280843 -29.456153 6.042930
v 29.420840 -29.460723 6.041916
v -23.279050 -28.586052 6.051254
v -21.234079 -28.997177 6.068469
v -20.321888 -29.021376 6.064672
v -19.394537 -29.025204 6.059134
v -18.449383 -29.025026 6.053591
v -17.481564 -29.024554 6.049950
v -16.477550 -29.024142 6.047641
v -15.458258 -29.023968 6.046363
v -14.433538 -29.023923 6.045864
v -13.406988 -29.023920 6.045885
v -12.380227 -29.023924 6.046311
v -11.353905 -29.023928 6.047117
v -10.327990 -29.023929 6.048274
v -9.302156 -29.023929 6.049674
v -8.276110 -29.023928 6.051124
v -7.249770 -29.023926 6.052408
v -6.223194 -29.023925 6.053348
v -5.196514 -29.023925 6.053825
v -4.169906 -29.023925 6.053768
v -3.143585 -29.023927 6.053178
v -2.117827 -29.023929 6.052136
v -1.092847 -29.023931 6.050801
v -0.068634 -29.023933 6.049364
v 0.954932 -29.023934 6.047993
v 1.978018 -29.023934 6.046825
v 3.000836 -29.023934 6.045964
v 4.023621 -29.023933 6.045494
v 5.046613 -29.023934 6.045474
v 6.070044 -29.023934 6.045923
v 7.094127 -29.023933 6.046802
v 8.119059 -29.023932 6.047997
v 9.144962 -29.023929 6.049319
v 10.171794 -29.023927 6.050557
v 11.199412 -29.023925 6.051530
v 12.227628 -29.023925 6.052096
v 13.256217 -29.023925 6.052162
v 14.284918 -29.023927 6.051707
v 15.313479 -29.023930 6.050818
v 16.341796 -29.023932 6.049694
v 17.370028 -29.023931 6.048567
v 18.398450 -29.023928 6.047611
v 19.427196 -29.023924 6.046918
v 20.455959 -29.023925 6.046556
v 21.483576 -29.023946 6.046649
v 22.507816 -29.024027 6.047450
v 23.524607 -29.024269 6.049279
v 24.524315 -29.024786 6.052677
v 25.487638 -29.025141 6.058088
v 26.434373 -29.021424 6.063643
v 27.371012 -28.997610 6.067713
v 29.419111 -28.591071 6.050821
v -23.277430 -27.647148 6.053636
v -21.228604 -27.745900 6.063439
v 27.368364 -27.746129 6.063683
v 29.417442 -27.651498 6.053868
v -23.278342 -26.558068 6.052340
v -21.228962 -26.567195 6.056921
v 27.368992 -26.565988 6.057850
v 29.418349 -26.557978 6.053229
v -23.278969 -25.451542 6.050293
v -21.229569 -25.448381 6.051808
v 27.369572 -25.446069 6.053099
v 29.418967 -25.449375 6.051572
v -23.279186 -24.371303 6.047615
v -21.229791 -24.368038 6.048167
v 27.369784 -24.365362 6.049615
v 29.419178 -24.368645 6.049063
v -23.279268 -23.314156 6.045130
v -21.229875 -23.312131 6.045296
v 27.369865 -23.309911 6.046792
v 29.419258 -23.311966 6.046626
v -23.279303 -22.272574 6.043213
v -21.229912 -22.271677 6.043196
v 27.369902 -22.270624 6.044703
v 29.419293 -22.271560 6.044719
v -23.279317 -21.239726 6.041981
v -21.229926 -21.239419 6.041892
v 27.369916 -21.240013 6.043415
v 29.419307 -21.240362 6.043502
v -23.279322 -20.210274 6.041472
v -21.229931 -20.210195 6.041354
v 27.369920 -20.212620 6.042905
v 29.419312 -20.212735 6.043022
v -23.279324 -19.181157 6.041619
v -21.229932 -19.181154 6.041492
v 27.369922 -19.185295 6.043096
v 29.419313 -19.185331 6.043222
v -23.279324 -18.151123 6.042280
v -21.229933 -18.151142 6.042152
v 27.369922 -18.156693 6.043843
v 29.419314 -18.156704 6.043968
v -23.279324 -17.119917 6.043241
v -21.229933 -17.119936 6.043114
v 27.369923 -17.126501 6.044925
v 29.419314 -17.126501 6.045048
v -23.279324 -16.087702 6.044236
v -21.229933 -16.087713 6.044109
v 27.369923 -16.094841 6.046066
v 29.419314 -16.094833 6.046186
v -23.279324 -15.054813 6.045009
v -21.229933 -15.054813 6.044883
v 27.369923 -15.061982 6.047001
v 29.419314 -15.061970 6.047121
v -23.279324 -14.021573 6.045382
v -21.229933 -14.021561 6.045258
v 27.369922 -14.028193 6.047559
v 29.419314 -14.028189 6.047681
v -23.279325 -12.988251 6.045280
v -21.229933 -12.988231 6.045157
v 27.369922 -12.993746 6.047672
v 29.419314 -12.993755 6.047795
v -23.279325 -11.955065 6.044724
v -21.229933 -11.955042 6.044601
v 27.369922 -11.958916 6.047349
v 29.419314 -11.958940 6.047472
v -23.279324 -10.922213 6.043838
v -21.229933 -10.922184 6.043711
v 27.369922 -10.924029 6.046689
v 29.419314 -10.924061 6.046812
v -23.279324 -9.889933 6.042851
v -21.229933 -9.889890 6.042722
v 27.369923 -9.889526 6.045889
v 29.419314 -9.889556 6.046012
v -23.279324 -8.858466 6.042051
v -21.229933 -8.858413 6.041921
v 27.369923 -8.855871 6.045194
v 29.419314 -8.855890 6.045318
v -23.279324 -7.827846 6.041700
v -21.229932 -7.827811 6.041574
v 27.369922 -7.823301 6.044827
v 29.419314 -7.823289 6.044950
v -23.279323 -6.797670 6.041996
v -21.229931 -6.797723 6.041884
v 27.369921 -6.791552 6.044949
v 29.419312 -6.791452 6.045060
v -23.279318 -5.766663 6.043077
v -21.229926 -5.766956 6.042996
v 27.369916 -5.759435 6.045677
v 29.419308 -5.759103 6.045755
v -23.279304 -4.732025 6.045010
v -21.229912 -4.732908 6.045008
v 27.369903 -4.724312 6.047079
v 29.419295 -4.723404 6.047076
v -23.279269 -3.689168 6.047762
v -21.229876 -3.691157 6.047966
v 27.369868 -3.681707 6.049186
v 29.419260 -3.679710 6.048974
v -23.279183 -2.632438 6.051213
v -21.229789 -2.635721 6.051843
v 27.369783 -2.625668 6.051990
v 29.419176 -2.622358 6.051338
v -23.278948 -1.555918 6.054920
v -21.229551 -1.559177 6.056655
v 27.369555 -1.548996 6.055584
v 29.418945 -1.545509 6.053803
v -23.278307 -0.459721 6.057860
v -21.228934 -0.449284 6.063123
v 27.368970 -0.439901 6.060850
v 29.418316 -0.449363 6.055576
v -23.277524 0.608384 6.059610
v -21.228627 0.713282 6.070565
v 27.368370 0.719937 6.067625
v 29.417565 0.618262 6.056647
v -23.279096 1.541540 6.056739
v -21.234085 1.943896 6.075473
v 27.370694 1.944593 6.072830
v 29.419164 1.550491 6.053724
v -23.280755 2.408104 6.047126
v -20.320559 1.967855 6.070588
v -19.392146 1.971647 6.063962
v -18.446330 1.971461 6.057447
v -17.475914 1.970985 6.053165
v -16.470137 1.970585 6.050414
v -15.449436 1.970420 6.048746
v -14.423368 1.970380 6.047799
v -13.395540 1.970378 6.047242
v -12.367642 1.970383 6.046948
v -11.340349 1.970387 6.046935
v -10.313671 1.970389 6.047233
v -9.287374 1.970388 6.047789
v -8.261259 1.970387 6.048441
v -7.235339 1.970386 6.048991
v -6.209742 1.970386 6.049281
v -5.184589 1.970386 6.049231
v -4.159959 1.970387 6.048846
v -3.135911 1.970388 6.048201
v -2.112492 1.970389 6.047431
v -1.089676 1.970390 6.046698
v -0.067314 1.970390 6.046133
v 0.954765 1.970390 6.045788
v 1.976723 1.970390 6.045650
v 2.998713 1.970390 6.045691
v 4.020867 1.970390 6.045898
v 5.043301 1.970390 6.046276
v 6.066121 1.970390 6.046831
v 7.089441 1.970390 6.047547
v 8.113375 1.970389 6.048359
v 9.137975 1.970387 6.049134
v 10.163165 1.970387 6.049718
v 11.188846 1.970386 6.049988
v 12.214943 1.970386 6.049891
v 13.241384 1.970387 6.049440
v 14.268073 1.970388 6.048716
v 15.294906 1.970390 6.047875
v 16.321884 1.970391 6.047127
v 17.349223 1.970389 6.046664
v 18.377215 1.970386 6.046586
v 19.406002 1.970382 6.046911
v 20.435252 1.970384 6.047633
v 21.463733 1.970403 6.048811
v 22.489093 1.970476 6.050638
v 23.507336 1.970689 6.053397
v 24.509950 1.971163 6.057594
v 25.479944 1.971546 6.063548
v 26.429651 1.967962 6.069138
v 29.420805 2.415471 6.044318
v -23.281940 3.235783 6.031627
v 29.421564 3.240214 6.029178
v -23.282121 4.049552 6.015715
v -22.344370 4.052410 6.030115
v -21.392060 4.055677 6.042502
v -20.428827 4.058569 6.049354
v -19.453208 4.059824 6.051619
v -18.471106 4.059955 6.051430
v -17.475812 4.059609 6.050133
v -16.466317 4.059290 6.048994
v -15.447019 4.059144 6.048180
v -14.422180 4.059106 6.047607
v -13.394977 4.059103 6.047216
v -12.367354 4.059108 6.047000
v -11.340130 4.059112 6.047021
v -10.313438 4.059113 6.047330
v -9.287126 4.059113 6.047881
v -8.261032 4.059111 6.048524
v -7.235169 4.059110 6.049067
v -6.209642 4.059110 6.049354
v -5.184552 4.059111 6.049304
v -4.159972 4.059111 6.048920
v -3.135957 4.059112 6.048284
v -2.112548 4.059114 6.047527
v -1.089721 4.059115 6.046807
v -0.067339 4.059115 6.046249
v 0.954754 4.059115 6.045900
v 1.976711 4.059115 6.045757
v 2.998688 4.059115 6.045796
v 4.020831 4.059115 6.046007
v 5.043265 4.059115 6.046393
v 6.066098 4.059115 6.046951
v 7.089435 4.059114 6.047661
v 8.113373 4.059113 6.048459
v 9.137952 4.059112 6.049220
v 10.163103 4.059111 6.049792
v 11.188737 4.059111 6.050057
v 12.214780 4.059111 6.049958
v 13.241164 4.059111 6.049507
v 14.267815 4.059113 6.048787
v 15.294652 4.059114 6.047956
v 16.321675 4.059115 6.047217
v 17.349056 4.059114 6.046752
v 18.377008 4.059110 6.046647
v 19.405597 4.059107 6.046901
v 20.434417 4.059109 6.047469
v 21.462239 4.059129 6.048319
v 22.486851 4.059200 6.049400
v 23.505476 4.059383 6.050643
v 24.515792 4.059681 6.051810
v 25.518103 4.059754 6.051724
v 26.517439 4.058786 6.049071
v 27.513938 4.055971 6.041479
v 28.475910 4.052700 6.028409
v 29.421397 4.049947 6.013571
v -22.344935 -31.105817 7.025345
v -23.282171 -31.102896 7.009609
v -23.282013 -30.286643 7.026778
v -21.392916 -31.109146 7.039098
v -20.429768 -31.112081 7.047164
v -19.453644 -31.113354 7.050447
v -18.471735 -31.113498 7.050951
v -17.477651 -31.113163 7.049909
v -16.469886 -31.112845 7.048674
v -15.452528 -31.112694 7.047643
v -14.429732 -31.112651 7.046978
v -13.404596 -31.112647 7.046782
v -12.378982 -31.112652 7.047118
v -11.353582 -31.112656 7.048054
v -10.328348 -31.112657 7.049598
v -9.302879 -31.112654 7.051612
v -8.276785 -31.112650 7.053782
v -7.250057 -31.112647 7.055732
v -6.222866 -31.112645 7.057163
v -5.195434 -31.112643 7.057875
v -4.168034 -31.112643 7.057750
v -3.141006 -31.112645 7.056779
v -2.114782 -31.112650 7.055114
v -1.089701 -31.112656 7.053081
v -0.065706 -31.112660 7.051030
v 0.957377 -31.112661 7.049199
v 1.979754 -31.112660 7.047722
v 3.001688 -31.112659 7.046686
v 4.023484 -31.112659 7.046163
v 5.045477 -31.112661 7.046229
v 6.067996 -31.112662 7.046945
v 7.091348 -31.112661 7.048312
v 8.115839 -31.112657 7.050196
v 9.141705 -31.112652 7.052296
v 10.168853 -31.112648 7.054236
v 11.197057 -31.112646 7.055696
v 12.226050 -31.112644 7.056444
v 13.255505 -31.112644 7.056336
v 14.285024 -31.112647 7.055360
v 15.314160 -31.112653 7.053710
v 16.342636 -31.112658 7.051795
v 17.370663 -31.112659 7.050033
v 18.398568 -31.112655 7.048678
v 19.426511 -31.112650 7.047808
v 20.454189 -31.112650 7.047411
v 21.480485 -31.112673 7.047456
v 22.503323 -31.112751 7.047879
v 23.520056 -31.112949 7.048590
v 24.528462 -31.113259 7.049320
v 25.528933 -31.113306 7.048812
v 26.526395 -31.112262 7.045733
v 27.519184 -31.109344 7.037598
v 28.478120 -31.105985 7.023881
v 29.421595 -31.103144 7.008278
v 29.421725 -30.289369 7.025799
v -23.280822 -29.456207 7.043369
v 29.420842 -29.460520 7.042963
v -23.279058 -28.586133 7.053524
v -21.233871 -28.997182 7.073851
v -20.320253 -29.021353 7.069242
v -19.391734 -29.025180 7.062953
v -18.445894 -29.025004 7.056787
v -17.477088 -29.024540 7.052658
v -16.473354 -29.024140 7.049740
v -15.454788 -29.023969 7.047796
v -14.430849 -29.023925 7.046717
v -13.405123 -29.023922 7.046333
v -12.379262 -29.023927 7.046586
v -11.353862 -29.023931 7.047494
v -10.328737 -29.023932 7.049044
v -9.303351 -29.023929 7.051083
v -8.277245 -29.023925 7.053276
v -7.250423 -29.023922 7.055234
v -6.223105 -29.023920 7.056666
v -5.195524 -29.023918 7.057384
v -4.167940 -29.023918 7.057270
v -3.140722 -29.023920 7.056295
v -2.114383 -29.023925 7.054602
v -1.089318 -29.023931 7.052529
v -0.065444 -29.023935 7.050448
v 0.957496 -29.023936 7.048603
v 1.979774 -29.023935 7.047125
v 3.001656 -29.023934 7.046091
v 4.023410 -29.023934 7.045569
v 5.045326 -29.023936 7.045637
v 6.067710 -29.023937 7.046363
v 7.090904 -29.023936 7.047750
v 8.115289 -29.023932 7.049663
v 9.141145 -29.023927 7.051784
v 10.168363 -29.023923 7.053733
v 11.196680 -29.023921 7.055197
v 12.225817 -29.023919 7.055955
v 13.255458 -29.023919 7.055855
v 14.285158 -29.023922 7.054868
v 15.314371 -29.023928 7.053184
v 16.342771 -29.023933 7.051229
v 17.370636 -29.023934 7.049450
v 18.398451 -29.023930 7.048119
v 19.426530 -29.023925 7.047332
v 20.454642 -29.023925 7.047119
v 21.481623 -29.023946 7.047556
v 22.505230 -29.024026 7.048840
v 23.521487 -29.024259 7.051247
v 24.521185 -29.024760 7.055373
v 25.485799 -29.025113 7.061800
v 26.433258 -29.021412 7.068511
v 27.370890 -28.997610 7.073835
v 29.419107 -28.590813 7.053862
v -23.277425 -27.647165 7.056104
v -21.228580 -27.745797 7.067787
v 27.368347 -27.745589 7.068830
v 29.417433 -27.651098 7.057119
v -23.278335 -26.557374 7.053533
v -21.228957 -26.566563 7.058882
v 27.368987 -26.564627 7.060485
v 29.418344 -26.556586 7.055045
v -23.278964 -25.450318 7.050035
v -21.229563 -25.447187 7.051639
v 27.369567 -25.444018 7.053367
v 29.418962 -25.447326 7.051726
v -23.279181 -24.369861 7.046479
v -21.229786 -24.366607 7.046915
v 27.369778 -24.363068 7.048553
v 29.419173 -24.366377 7.048113
v -23.279263 -23.312796 7.043774
v -21.229870 -23.310787 7.043756
v 27.369860 -23.307790 7.045222
v 29.419252 -23.309874 7.045243
v -23.279299 -22.271566 7.042023
v -21.229907 -22.270684 7.041790
v 27.369896 -22.269005 7.043091
v 29.419288 -22.269987 7.043327
v -23.279313 -21.239284 7.041075
v -21.229921 -21.238985 7.040761
v 27.369910 -21.239126 7.041966
v 29.419302 -21.239540 7.042282
v -23.279318 -20.210538 7.040844
v -21.229926 -20.210471 7.040502
v 27.369916 -20.212606 7.041707
v 29.419307 -20.212793 7.042051
v -23.279320 -19.182179 7.041280
v -21.229928 -19.182201 7.040934
v 27.369918 -19.186204 7.042239
v 29.419309 -19.186298 7.042585
v -23.279320 -18.152828 7.042318
v -21.229929 -18.152884 7.041979
v 27.369919 -18.158423 7.043470
v 29.419310 -18.158471 7.043809
v -23.279320 -17.122046 7.043779
v -21.229929 -17.122111 7.043446
v 27.369919 -17.128735 7.045194
v 29.419311 -17.128755 7.045524
v -23.279320 -16.089850 7.045320
v -21.229929 -16.089911 7.044993
v 27.369919 -16.097104 7.047047
v 29.419311 -16.097106 7.047371
v -23.279320 -15.056628 7.046548
v -21.229928 -15.056670 7.046222
v 27.369919 -15.063851 7.048611
v 29.419310 -15.063849 7.048932
v -23.279320 -14.022869 7.047166
v -21.229928 -14.022884 7.046841
v 27.369918 -14.029425 7.049569
v 29.419310 -14.029434 7.049889
v -23.279320 -12.988995 7.047040
v -21.229928 -12.988981 7.046716
v 27.369918 -12.994247 7.049761
v 29.419310 -12.994275 7.050081
v -23.279320 -11.955354 7.046184
v -21.229929 -11.955315 7.045859
v 27.369918 -11.958729 7.049178
v 29.419310 -11.958776 7.049500
v -23.279320 -10.922311 7.044769
v -21.229929 -10.922256 7.044441
v 27.369919 -10.923378 7.047973
v 29.419310 -10.923434 7.048298
v -23.279321 -9.890261 7.043135
v -21.229929 -9.890206 7.042802
v 27.369919 -9.888808 7.046474
v 29.419311 -9.888857 7.046804
v -23.279321 -8.859465 7.041734
v -21.229929 -8.859428 7.041394
v 27.369919 -8.855512 7.045118
v 29.419311 -8.855535 7.045457
v -23.279321 -7.829780 7.040957
v -21.229929 -7.829789 7.040611
v 27.369918 -7.823546 7.044277
v 29.419310 -7.823518 7.044621
v -23.279319 -6.800606 7.041025
v -21.229927 -6.800720 7.040685
v 27.369916 -6.792449 7.044138
v 29.419308 -6.792317 7.044477
v -23.279314 -5.770515 7.042033
v -21.229922 -5.770880 7.041724
v 27.369911 -5.760905 7.044754
v 29.419303 -5.760535 7.045061
v -23.279300 -4.736595 7.044024
v -21.229908 -4.737554 7.043804
v 27.369898 -4.726175 7.046149
v 29.419290 -4.725236 7.046365
v -23.279264 -3.694142 7.047037
v -21.229872 -3.696217 7.047057
v 27.369863 -3.683715 7.048419
v 29.419255 -3.681691 7.048396
v -23.279178 -2.637412 7.051136
v -21.229784 -2.640798 7.051655
v 27.369778 -2.627550 7.051749
v 29.419171 -2.624204 7.051222
v -23.278945 -1.560433 7.056036
v -21.229547 -1.563783 7.057860
v 27.369549 -1.550468 7.056473
v 29.418940 -1.546966 7.054654
v -23.278305 -0.463057 7.060484
v -21.228932 -0.452814 7.066491
v 27.368964 -0.440725 7.063612
v 29.418310 -0.450213 7.057709
v -23.277515 0.607340 7.063261
v -21.228602 0.711432 7.076042
v 27.368347 0.719705 7.072256
v 29.417558 0.618158 7.059614
v -23.279106 1.541047 7.059950
v -21.233846 1.943893 7.081602
v 27.370501 1.944622 7.078006
v 29.419163 1.550467 7.056146
v -23.280745 2.407886 7.048417
v -20.318677 1.967842 7.075664
v -19.388919 1.971632 7.068142
v -18.442308 1.971444 7.061002
v -17.470572 1.970972 7.056291
v -16.464760 1.970583 7.053025
v -15.444397 1.970421 7.050764
v -14.418671 1.970380 7.049257
v -13.391263 1.970378 7.048260
v -12.363962 1.970385 7.047720
v -11.337434 1.970390 7.047704
v -10.311543 1.970391 7.048262
v -9.285807 1.970387 7.049282
v -8.259842 1.970382 7.050448
v -7.233742 1.970379 7.051391
v -6.207796 1.970379 7.051861
v -5.182257 1.970379 7.051765
v -4.157307 1.970381 7.051123
v -3.133117 1.970384 7.050056
v -2.109857 1.970388 7.048795
v -1.087561 1.970391 7.047641
v -0.065918 1.970392 7.046823
v 0.955426 1.970390 7.046383
v 1.976713 1.970388 7.046239
v 2.998079 1.970387 7.046295
v 4.019609 1.970388 7.046517
v 5.041386 1.970391 7.046944
v 6.063526 1.970393 7.047662
v 7.086222 1.970392 7.048720
v 8.109756 1.970388 7.050040
v 9.134335 1.970384 7.051368
v 10.159816 1.970381 7.052391
v 11.185948 1.970380 7.052898
v 12.212538 1.970379 7.052798
v 13.239421 1.970380 7.052093
v 14.266373 1.970383 7.050886
v 15.293107 1.970389 7.049428
v 16.319513 1.970393 7.048107
v 17.345981 1.970393 7.047269
v 18.373043 1.970389 7.047060
v 19.401015 1.970384 7.047469
v 20.429631 1.970384 7.048442
v 21.457651 1.970404 7.049997
v 22.482679 1.970476 7.052301
v 23.500802 1.970679 7.055600
v 24.504084 1.971129 7.060395
v 25.476756 1.971514 7.067122
v 26.427731 1.967959 7.073512
v 29.420809 2.415459 7.044725
v -23.281917 3.235705 7.030001
v 29.421551 3.240216 7.026507
v -23.282066 4.049553 7.011139
v -22.343624 4.052409 7.027890
v -21.390612 4.055677 7.042465
v -20.426089 4.058570 7.050814
v -19.448885 4.059817 7.053985
v -18.465995 4.059940 7.054326
v -17.470486 4.059599 7.053116
v -16.461095 4.059288 7.051738
v -15.442007 4.059145 7.050495
v -14.417453 4.059106 7.049450
v -13.390667 4.059104 7.048667
v -12.363621 4.059110 7.048224
v -11.337091 4.059115 7.048244
v -10.311091 4.059116 7.048797
v -9.285288 4.059112 7.049791
v -8.259368 4.059107 7.050932
v -7.233401 4.059104 7.051865
v -6.207610 4.059104 7.052338
v -5.182214 4.059104 7.052244
v -4.157401 4.059106 7.051605
v -3.133317 4.059109 7.050550
v -2.110089 4.059113 7.049316
v -1.087733 4.059116 7.048193
v -0.065988 4.059117 7.047394
v 0.955427 4.059115 7.046960
v 1.976713 4.059113 7.046814
v 2.998029 4.059112 7.046871
v 4.019517 4.059113 7.047097
v 5.041309 4.059116 7.047529
v 6.063536 4.059118 7.048242
v 7.086350 4.059117 7.049279
v 8.109952 4.059113 7.050567
v 9.134502 4.059109 7.051865
v 10.159877 4.059106 7.052872
v 11.185876 4.059105 7.053373
v 12.212325 4.059104 7.053267
v 13.239055 4.059105 7.052557
v 14.265878 4.059108 7.051358
v 15.292578 4.059114 7.049927
v 16.319078 4.059118 7.048637
v 17.345695 4.059118 7.047807
v 18.372820 4.059114 7.047570
v 19.400644 4.059109 7.047893
v 20.428841 4.059110 7.048678
v 21.456223 4.059130 7.049833
v 22.480600 4.059201 7.051243
v 23.499225 4.059376 7.052762
v 24.509881 4.059658 7.054039
v 25.513052 4.059728 7.053653
v 26.513813 4.058776 7.050103
v 27.512184 4.055981 7.040827
v 28.475767 4.052709 7.025271
v 29.421380 4.049949 7.007699
v -22.344549 -31.105782 8.022567
v -23.282147 -31.102853 8.004096
v -23.281999 -30.286107 8.024455
v -21.392141 -31.109118 8.038822
v -20.428011 -31.112065 8.048441
v -19.450392 -31.113340 8.052356
v -18.467563 -31.113473 8.052946
v -17.473113 -31.113137 8.051604
v -16.465490 -31.112824 8.049902
v -15.448616 -31.112676 8.048342
v -14.426561 -31.112634 8.047162
v -13.402390 -31.112631 8.046547
v -12.377922 -31.112640 8.046664
v -11.353767 -31.112649 8.047709
v -10.329693 -31.112649 8.049800
v -9.304967 -31.112640 8.052783
v -8.278830 -31.112629 8.056117
v -7.251405 -31.112622 8.059121
v -6.223103 -31.112619 8.061293
v -5.194309 -31.112616 8.062328
v -4.165445 -31.112614 8.062041
v -3.137087 -31.112617 8.060399
v -2.110049 -31.112630 8.057691
v -1.084982 -31.112644 8.054562
v -0.061552 -31.112650 8.051649
v 0.960666 -31.112649 8.049260
v 1.982005 -31.112645 8.047465
v 3.002778 -31.112643 8.046253
v 4.023310 -31.112644 8.045652
v 5.043961 -31.112650 8.045777
v 6.065119 -31.112654 8.046798
v 7.087229 -31.112653 8.048831
v 8.110908 -31.112644 8.051754
v 9.136754 -31.112633 8.055062
v 10.164575 -31.112626 8.058083
v 11.193933 -31.112621 8.060287
v 12.224401 -31.112617 8.061307
v 13.255490 -31.112615 8.060902
v 14.286506 -31.112621 8.059042
v 15.316536 -31.112635 8.056102
v 16.344954 -31.112649 8.052891
v 17.372308 -31.112652 8.050192
v 18.399287 -31.112644 8.048366
v 19.426281 -31.112633 8.047424
v 20.453100 -31.112630 8.047218
v 21.478669 -31.112652 8.047595
v 22.500934 -31.112730 8.048406
v 23.517268 -31.112926 8.049512
v 24.525543 -31.113231 8.050591
v 25.526380 -31.113280 8.050137
v 26.524794 -31.112243 8.046525
v 27.518903 -31.109322 8.036908
v 28.477978 -31.105953 8.020724
v 29.421587 -31.103098 8.002288
v 29.421722 -30.288767 8.023267
v -23.280807 -29.455240 8.044127
v 29.420846 -29.459353 8.043789
v -23.279058 -28.584661 8.056173
v -21.233675 -28.997098 8.079717
v -20.318856 -29.021320 8.073955
v -19.389294 -29.025160 8.066412
v -18.442738 -29.024976 8.059071
v -17.472491 -29.024509 8.054040
v -16.468750 -29.024117 8.050339
v -15.450769 -29.023950 8.047685
v -14.427605 -29.023905 8.046003
v -13.402856 -29.023904 8.045160
v -12.378219 -29.023913 8.045173
v -11.354232 -29.023921 8.046181
v -10.330475 -29.023922 8.048296
v -9.305959 -29.023913 8.051353
v -8.279750 -29.023902 8.054754
v -7.252098 -29.023896 8.057770
v -6.223551 -29.023892 8.059934
v -5.194493 -29.023889 8.060985
v -4.165264 -29.023887 8.060733
v -3.136475 -29.023891 8.059091
v -2.109143 -29.023903 8.056305
v -1.084133 -29.023916 8.053074
v -0.060988 -29.023922 8.050097
v 0.960916 -29.023922 8.047685
v 1.982051 -29.023918 8.045886
v 3.002734 -29.023915 8.044677
v 4.023197 -29.023917 8.044080
v 5.043690 -29.023922 8.044207
v 6.064556 -29.023927 8.045238
v 7.086319 -29.023925 8.047310
v 8.109768 -29.023916 8.050307
v 9.135642 -29.023906 8.053679
v 10.163632 -29.023899 8.056717
v 11.193196 -29.023895 8.058921
v 12.223926 -29.023891 8.059964
v 13.255391 -29.023888 8.059593
v 14.286824 -29.023894 8.057718
v 15.317073 -29.023908 8.054685
v 16.345299 -29.023921 8.051367
v 17.372248 -29.023924 8.048626
v 18.398921 -29.023917 8.046836
v 19.425941 -29.023906 8.046006
v 20.453184 -29.023903 8.046033
v 21.479470 -29.023923 8.046897
v 22.502487 -29.024003 8.048752
v 23.518288 -29.024232 8.051881
v 24.518124 -29.024724 8.057006
v 25.484182 -29.025085 8.064865
v 26.432305 -29.021387 8.073109
v 27.370772 -28.997523 8.079870
v 29.419099 -28.588985 8.056864
v -23.277407 -27.644789 8.058821
v -21.228553 -27.742566 8.072310
v 27.368327 -27.741596 8.073831
v 29.417411 -27.648128 8.060358
v -23.278329 -26.553268 8.054800
v -21.228949 -26.562246 8.060733
v 27.368979 -26.559042 8.062811
v 29.418338 -26.551309 8.056788
v -23.278956 -25.446555 8.049844
v -21.229554 -25.443514 8.051300
v 27.369556 -25.438855 8.053330
v 29.418953 -25.442154 8.051838
v -23.279170 -24.367083 8.045534
v -21.229774 -24.363962 8.045597
v 27.369765 -24.358898 8.047291
v 29.419160 -24.362179 8.047223
v -23.279249 -23.310950 8.042749
v -21.229856 -23.309072 8.042285
v 27.369844 -23.304661 8.043537
v 29.419237 -23.306750 8.044005
v -23.279284 -22.270489 8.041233
v -21.229892 -22.269720 8.040523
v 27.369880 -22.266866 8.041378
v 29.419272 -22.267891 8.042094
v -23.279298 -21.238913 8.040529
v -21.229906 -21.238699 8.039729
v 27.369895 -21.237982 8.040345
v 29.419287 -21.238480 8.041151
v -23.279304 -20.210974 8.040457
v -21.229912 -20.210978 8.039628
v 27.369902 -20.212585 8.040219
v 29.419293 -20.212875 8.041053
v -23.279307 -19.183605 8.041079
v -21.229915 -19.183707 8.040249
v 27.369906 -19.187474 8.041022
v 29.419297 -19.187662 8.041856
v -23.279309 -18.155288 8.042518
v -21.229917 -18.155443 8.041703
v 27.369908 -18.160984 8.042829
v 29.419300 -18.161096 8.043647
v -23.279308 -17.125215 8.044673
v -21.229916 -17.125390 8.043882
v 27.369908 -17.132187 8.045487
v 29.419300 -17.132235 8.046281
v -23.279307 -16.093029 8.047058
v -21.229915 -16.093192 8.046287
v 27.369907 -16.100650 8.048453
v 29.419299 -16.100657 8.049226
v -23.279307 -15.059188 8.049002
v -21.229915 -15.059309 8.048241
v 27.369907 -15.066743 8.050996
v 29.419299 -15.066738 8.051758
v -23.279307 -14.024481 8.050000
v -21.229915 -14.024535 8.049239
v 27.369906 -14.031205 8.052548
v 29.419298 -14.031225 8.053306
v -23.279307 -12.989589 8.049818
v -21.229915 -12.989567 8.049057
v 27.369906 -12.994734 8.052826
v 29.419298 -12.994802 8.053583
v -23.279307 -11.955064 8.048458
v -21.229915 -11.954975 8.047695
v 27.369906 -11.957984 8.051794
v 29.419297 -11.958101 8.052553
v -23.279308 -10.921539 8.046165
v -21.229916 -10.921413 8.045392
v 27.369906 -10.921787 8.049687
v 29.419298 -10.921925 8.050458
v -23.279310 -9.889733 8.043496
v -21.229918 -9.889608 8.042701
v 27.369908 -9.887101 8.047072
v 29.419300 -9.887222 8.047868
v -23.279310 -8.859987 8.041214
v -21.229918 -8.859908 8.040394
v 27.369908 -8.854519 8.044746
v 29.419300 -8.854583 8.045567
v -23.279310 -7.831768 8.039927
v -21.229918 -7.831775 8.039090
v 27.369907 -7.823671 8.043323
v 29.419299 -7.823646 8.044159
v -23.279307 -6.804062 8.039848
v -21.229915 -6.804207 8.039012
v 27.369904 -6.793653 8.042977
v 29.419295 -6.793495 8.043811
v -23.279301 -5.775232 8.040928
v -21.229909 -5.775640 8.040124
v 27.369898 -5.762941 8.043594
v 29.419289 -5.762543 8.044394
v -23.279286 -4.742347 8.043091
v -21.229894 -4.743347 8.042386
v 27.369883 -4.728814 8.045067
v 29.419276 -4.727863 8.045765
v -23.279251 -3.700764 8.046397
v -21.229858 -3.702886 8.045962
v 27.369848 -3.686861 8.047520
v 29.419242 -3.684839 8.047945
v -23.279167 -2.644768 8.051093
v -21.229772 -2.648210 8.051220
v 27.369765 -2.631214 8.051341
v 29.419159 -2.627873 8.051196
v -23.278939 -1.568218 8.057095
v -21.229540 -1.571672 8.058705
v 27.369539 -1.554642 8.057200
v 29.418931 -1.551110 8.055562
v -23.278304 -0.470061 8.063001
v -21.228929 -0.460344 8.069438
v 27.368958 -0.444994 8.066360
v 29.418305 -0.454191 8.059963
v -23.277490 0.604078 8.066836
v -21.228573 0.706518 8.081131
v 27.368321 0.716817 8.077161
v 29.417539 0.616236 8.062897
v -23.279102 1.539103 8.063115
v -21.233622 1.943799 8.087267
v 27.370300 1.944576 8.083782
v 29.419155 1.549316 8.059015
v -23.280753 2.406666 8.049535
v -20.317164 1.967816 8.080081
v -19.386300 1.971620 8.071373
v -18.438908 1.971421 8.063291
v -17.465483 1.970941 8.057995
v -16.459252 1.970558 8.054250
v -15.438860 1.970398 8.051478
v -14.413253 1.970357 8.049416
v -13.386248 1.970358 8.047876
v -12.359759 1.970370 8.046927
v -11.334422 1.970379 8.046811
v -10.309841 1.970379 8.047725
v -9.285031 1.970369 8.049540
v -8.259112 1.970357 8.051655
v -7.232440 1.970351 8.053341
v -6.205681 1.970350 8.054178
v -5.179306 1.970350 8.054047
v -4.153631 1.970353 8.052994
v -3.129007 1.970359 8.051205
v -2.105889 1.970369 8.049082
v -1.084491 1.970377 8.047236
v -0.064031 1.970377 8.046098
v 0.956255 1.970371 8.045645
v 1.976735 1.970364 8.045602
v 2.997459 1.970362 8.045715
v 4.018333 1.970366 8.045902
v 5.039281 1.970374 8.046281
v 6.060378 1.970380 8.047103
v 7.081970 1.970380 8.048601
v 8.104756 1.970371 8.050732
v 9.129401 1.970360 8.053001
v 10.155534 1.970353 8.054772
v 11.182576 1.970351 8.055669
v 12.210146 1.970350 8.055558
v 13.237967 1.970351 8.054423
v 14.265601 1.970358 8.052382
v 15.292354 1.970371 8.049850
v 16.317804 1.970383 8.047579
v 17.342844 1.970384 8.046209
v 18.368513 1.970376 8.045904
v 19.395396 1.970365 8.046511
v 20.423290 1.970363 8.047827
v 21.450891 1.970383 8.049791
v 22.475676 1.970455 8.052581
v 23.493749 1.970651 8.056520
v 24.497870 1.971081 8.062268
v 25.473570 1.971477 8.070336
v 26.425844 1.967941 8.078068
v 29.420814 2.414717 8.045562
v -23.281906 3.235060 8.028076
v 29.421547 3.239822 8.024207
v -23.282043 4.049499 8.006161
v -22.343257 4.052372 8.025349
v -21.389898 4.055659 8.042168
v -20.423859 4.058566 8.051932
v -19.445227 4.059808 8.055772
v -18.461270 4.059917 8.056383
v -17.465156 4.059573 8.055143
v -16.455498 4.059266 8.053566
v -15.436348 4.059124 8.051972
v -14.411948 4.059085 8.050460
v -13.385595 4.059086 8.049182
v -12.359303 4.059097 8.048358
v -11.333799 4.059106 8.048287
v -10.308903 4.059106 8.049175
v -9.283913 4.059096 8.050909
v -8.258129 4.059084 8.052952
v -7.231767 4.059078 8.054625
v -6.205325 4.059077 8.055481
v -5.179233 4.059077 8.055356
v -4.153847 4.059079 8.054296
v -3.129482 4.059085 8.052526
v -2.106469 4.059096 8.050474
v -1.084912 4.059105 8.048706
v -0.064189 4.059105 8.047603
v 0.956272 4.059098 8.047152
v 1.976749 4.059091 8.047105
v 2.997351 4.059089 8.047222
v 4.018122 4.059093 8.047419
v 5.039111 4.059101 8.047811
v 6.060434 4.059108 8.048635
v 7.082337 4.059108 8.050095
v 8.105315 4.059098 8.052143
v 9.129874 4.059087 8.054336
v 10.155753 4.059080 8.056082
v 11.182508 4.059078 8.056981
v 12.209788 4.059077 8.056857
v 13.237277 4.059078 8.055699
v 14.264588 4.059085 8.053671
v 15.291212 4.059098 8.051216
v 16.316885 4.059110 8.049032
v 17.342309 4.059112 8.047693
v 18.368237 4.059103 8.047350
v 19.395058 4.059092 8.047849
v 20.422523 4.059090 8.048938
v 21.449451 4.059111 8.050425
v 22.473648 4.059183 8.052161
v 23.492371 4.059353 8.054014
v 24.503508 4.059625 8.055619
v 25.507805 4.059695 8.055330
v 26.510319 4.058758 8.051292
v 27.510697 4.055977 8.040495
v 28.475778 4.052696 8.022461
v 29.421383 4.049918 8.002162
v -22.344521 -31.105713 9.019962
v -23.282151 -31.102770 8.998628
v -23.281994 -30.284958 9.022381
v -21.392030 -31.109057 9.038830
v -20.426416 -31.112017 9.049993
v -19.447084 -31.113288 9.054341
v -18.463035 -31.113400 9.054732
v -17.468051 -31.113052 9.052866
v -16.460486 -31.112737 9.050600
v -15.444036 -31.112587 9.048462
v -14.422690 -31.112544 9.046685
v -13.399580 -31.112546 9.045496
v -12.376604 -31.112566 9.045197
v -11.354328 -31.112587 9.046236
v -10.332242 -31.112590 9.048989
v -9.308953 -31.112568 9.053357
v -8.282806 -31.112540 9.058430
v -7.254217 -31.112527 9.062985
v -6.224073 -31.112523 9.066209
v -5.193043 -31.112516 9.067664
v -4.161768 -31.112508 9.067070
v -3.131226 -31.112514 9.064359
v -2.102975 -31.112544 9.060040
v -1.078293 -31.112575 9.055338
v -0.056023 -31.112584 9.051351
v 0.964826 -31.112575 9.048410
v 1.984802 -31.112563 9.046381
v 3.004236 -31.112557 9.045037
v 4.023321 -31.112562 9.044304
v 5.042291 -31.112577 9.044367
v 6.061517 -31.112592 9.045617
v 7.081628 -31.112593 9.048441
v 8.103856 -31.112572 9.052806
v 9.129695 -31.112546 9.057880
v 10.158701 -31.112533 9.062474
v 11.190001 -31.112526 9.065740
v 12.222925 -31.112518 9.067135
v 13.256739 -31.112511 9.066266
v 14.290235 -31.112521 9.063037
v 15.321584 -31.112556 9.058109
v 16.349452 -31.112589 9.053003
v 17.375333 -31.112592 9.049097
v 18.400670 -31.112571 9.046837
v 19.426244 -31.112547 9.046016
v 20.451991 -31.112536 9.046210
v 21.476774 -31.112556 9.047070
v 22.498434 -31.112638 9.048363
v 23.514291 -31.112839 9.049965
v 24.522357 -31.113150 9.051586
v 25.523673 -31.113210 9.051460
v 26.523441 -31.112184 9.047512
v 27.519039 -31.109264 9.036402
v 28.478079 -31.105894 9.017637
v 29.421599 -31.103023 8.996267
v 29.421726 -30.287625 9.020859
v -23.280783 -29.453063 9.045376
v 29.420844 -29.457084 9.044941
v -23.279039 -28.581286 9.059508
v -21.233442 -28.996884 9.085981
v -20.317344 -29.021247 9.078668
v -19.386678 -29.025111 9.069441
v -18.439338 -29.024912 9.060499
v -17.467461 -29.024428 9.054284
v -16.463549 -29.024035 9.049706
v -15.446059 -29.023867 9.046313
v -14.423652 -29.023822 9.043954
v -13.399981 -29.023825 9.042496
v -12.376917 -29.023845 9.042047
v -11.355058 -29.023865 9.042992
v -10.333753 -29.023867 9.045765
v -9.311003 -29.023846 9.050301
v -8.284566 -29.023819 9.055533
v -7.255401 -29.023806 9.060092
v -6.224860 -29.023802 9.063254
v -5.193485 -29.023795 9.064739
v -4.161594 -29.023787 9.064260
v -3.130065 -29.023792 9.061574
v -2.101058 -29.023822 9.057075
v -1.076603 -29.023852 9.052147
v -0.055003 -29.023862 9.048069
v 0.965273 -29.023853 9.045134
v 1.984889 -29.023842 9.043126
v 3.004142 -29.023836 9.041795
v 4.023094 -29.023841 9.041067
v 5.041797 -29.023855 9.041111
v 6.060489 -29.023869 9.042326
v 7.079819 -29.023870 9.045187
v 8.101495 -29.023850 9.049713
v 9.127530 -29.023825 9.054934
v 10.156991 -29.023811 9.059538
v 11.188618 -29.023805 9.062764
v 12.221888 -29.023797 9.064209
v 13.256346 -29.023789 9.063459
v 14.290806 -29.023800 9.060233
v 15.322755 -29.023834 9.055087
v 16.350093 -29.023865 9.049741
v 17.375010 -29.023869 9.045785
v 18.399701 -29.023849 9.043631
v 19.425169 -29.023826 9.042992
v 20.451344 -29.023815 9.043486
v 21.476908 -29.023834 9.044929
v 22.499358 -29.023918 9.047435
v 23.514732 -29.024150 9.051380
v 24.514699 -29.024643 9.057718
v 25.482318 -29.025019 9.067312
v 26.431202 -29.021317 9.077435
v 27.370626 -28.997312 9.085967
v 29.419075 -28.585295 9.060448
v -23.277365 -27.639257 9.061921
v -21.228510 -27.735201 9.076857
v 27.368292 -27.733091 9.078612
v 29.417366 -27.641708 9.063906
v -23.278313 -26.545199 9.055908
v -21.228933 -26.553611 9.062026
v 27.368958 -26.548475 9.064431
v 29.418318 -26.541518 9.058295
v -23.278936 -25.440209 9.049441
v -21.229531 -25.437390 9.050348
v 27.369528 -25.430413 9.052564
v 29.418928 -25.433735 9.051630
v -23.279139 -24.363210 9.044775
v -21.229743 -24.360509 9.044060
v 27.369729 -24.353022 9.045658
v 29.419125 -24.356164 9.046364
v -23.279212 -23.308884 9.042429
v -21.229819 -23.307401 9.041118
v 27.369804 -23.300686 9.041954
v 29.419197 -23.302720 9.043263
v -23.279244 -22.269451 9.041515
v -21.229852 -22.269007 9.039937
v 27.369838 -22.264186 9.040098
v 29.419230 -22.265273 9.041674
v -23.279258 -21.238515 9.041156
v -21.229867 -21.238546 9.039487
v 27.369855 -21.236368 9.039241
v 29.419246 -21.237036 9.040911
v -23.279267 -20.211374 9.041117
v -21.229876 -20.211551 9.039420
v 27.369866 -20.212249 9.039131
v 29.419257 -20.212790 9.040831
v -23.279275 -19.185305 9.041733
v -21.229883 -19.185566 9.040035
v 27.369875 -19.188910 9.040048
v 29.419266 -19.189353 9.041752
v -23.279278 -18.158638 9.043535
v -21.229886 -18.159025 9.041861
v 27.369880 -18.164538 9.042444
v 29.419271 -18.164804 9.044130
v -23.279276 -17.129841 9.046621
v -21.229884 -17.130320 9.044995
v 27.369880 -17.137385 9.046335
v 29.419271 -17.137467 9.047982
v -23.279272 -16.097697 9.050253
v -21.229880 -16.098117 9.048675
v 27.369876 -16.106052 9.050890
v 29.419268 -16.106053 9.052495
v -23.279270 -15.062802 9.053272
v -21.229878 -15.063063 9.051712
v 27.369873 -15.071008 9.054830
v 29.419265 -15.071028 9.056417
v -23.279270 -14.026494 9.054831
v -21.229878 -14.026604 9.053267
v 27.369871 -14.033631 9.057203
v 29.419263 -14.033697 9.058790
v -23.279270 -12.989865 9.054569
v -21.229878 -12.989844 9.053004
v 27.369870 -12.995054 9.057579
v 29.419262 -12.995192 9.059161
v -23.279271 -11.953781 9.052461
v -21.229879 -11.953607 9.050902
v 27.369870 -11.956254 9.055886
v 29.419262 -11.956507 9.057464
v -23.279274 -10.919315 9.048849
v -21.229882 -10.918992 9.047272
v 27.369873 -10.918570 9.052445
v 29.419264 -10.918933 9.054045
v -23.279279 -9.887814 9.044633
v -21.229887 -9.887461 9.043005
v 27.369878 -9.883736 9.048197
v 29.419270 -9.884087 9.049851
v -23.279283 -8.859813 9.041124
v -21.229891 -8.859599 9.039442
v 27.369881 -8.852600 9.044546
v 29.419272 -8.852773 9.046252
v -23.279280 -7.833909 9.039270
v -21.229889 -7.833902 9.037560
v 27.369877 -7.823761 9.042489
v 29.419269 -7.823716 9.044218
v -23.279274 -6.808310 9.039189
v -21.229883 -6.808494 9.037476
v 27.369870 -6.795386 9.042080
v 29.419261 -6.795168 9.043806
v -23.279265 -5.781082 9.040492
v -21.229873 -5.781525 9.038804
v 27.369860 -5.765715 9.042835
v 29.419251 -5.765280 9.044526
v -23.279249 -4.749437 9.042823
v -21.229857 -4.750452 9.041231
v 27.369845 -4.732254 9.044361
v 29.419236 -4.731314 9.045945
v -23.279215 -3.709075 9.046207
v -21.229822 -3.711198 9.044897
v 27.369810 -3.691023 9.046762
v 29.419204 -3.689060 9.048051
v -23.279136 -2.654557 9.051147
v -21.229741 -2.657990 9.050448
v 27.369731 -2.636542 9.050725
v 29.419126 -2.633286 9.051384
v -23.278919 -1.579552 9.057992
v -21.229516 -1.583151 9.058939
v 27.369513 -1.561665 9.057477
v 29.418908 -1.558100 9.056449
v -23.278290 -0.481371 9.065453
v -21.228914 -0.472713 9.071803
v 27.368941 -0.453354 9.068783
v 29.418289 -0.461829 9.062317
v -23.277433 0.597913 9.070742
v -21.228523 0.697463 9.086027
v 27.368276 0.710373 9.082255
v 29.417492 0.611904 9.066721
v -23.279070 1.535463 9.066676
v -21.233384 1.943585 9.092840
v 27.370042 1.944426 9.090054
v 29.419127 1.546757 9.062670
v -23.280754 2.404411 9.050619
v -20.315799 1.967749 9.084027
v -19.383986 1.971578 9.073790
v -18.435862 1.971361 9.064543
v -17.460676 1.970858 9.058583
v -16.453708 1.970470 9.054442
v -15.432853 1.970307 9.051229
v -14.406964 1.970266 9.048536
v -13.380180 1.970275 9.046208
v -12.354711 1.970300 9.044509
v -11.331252 1.970323 9.044027
v -10.309065 1.970323 9.045336
v -9.286044 1.970299 9.048396
v -8.259987 1.970269 9.052087
v -7.231999 1.970258 9.054994
v -6.203631 1.970258 9.056422
v -5.175669 1.970259 9.056261
v -4.148552 1.970260 9.054593
v -3.122877 1.970273 9.051651
v -2.099821 1.970297 9.048125
v -1.080154 1.970317 9.045225
v -0.061801 1.970312 9.043770
v 0.956980 1.970293 9.043543
v 1.976627 1.970275 9.043835
v 2.996891 1.970270 9.044083
v 4.017254 1.970279 9.044123
v 5.037270 1.970299 9.044208
v 6.056812 1.970319 9.044913
v 7.076346 1.970322 9.046878
v 8.097579 1.970301 9.050219
v 9.122474 1.970274 9.053994
v 10.149979 1.970260 9.056936
v 11.178701 1.970258 9.058416
v 12.208017 1.970257 9.058293
v 13.237593 1.970257 9.056524
v 14.266709 1.970271 9.053184
v 15.293710 1.970303 9.048937
v 16.317331 1.970330 9.045236
v 17.339847 1.970331 9.043249
v 18.363401 1.970310 9.043053
v 19.388901 1.970286 9.044136
v 20.416090 1.970276 9.045991
v 21.443421 1.970297 9.048420
v 22.468048 1.970375 9.051645
v 23.486028 1.970571 9.056205
v 24.490832 1.970992 9.063136
v 25.469719 1.971404 9.073060
v 26.423556 1.967882 9.082671
v 29.420812 2.413137 9.047040
v -23.281896 3.233896 9.025667
v 29.421540 3.239003 9.022312
v -23.282039 4.049406 9.000245
v -22.343153 4.052300 9.022188
v -21.389690 4.055604 9.041479
v -20.422002 4.058526 9.052825
v -19.441774 4.059760 9.057334
v -18.456556 4.059847 9.058087
v -17.459691 4.059488 9.056768
v -16.449543 4.059173 9.055052
v -15.429993 4.059026 9.053152
v -14.405418 4.058988 9.051089
v -13.379362 4.058996 9.049079
v -12.354027 4.059022 9.047563
v -11.330124 4.059045 9.047182
v -10.307153 4.059046 9.048453
v -9.283664 4.059021 9.051318
v -8.258031 4.058991 9.054831
v -7.230786 4.058979 9.057724
v -6.202988 4.058978 9.059219
v -5.175460 4.058979 9.059069
v -4.148862 4.058981 9.057354
v -3.123834 4.058994 9.054437
v -2.101121 4.059020 9.051076
v -1.081025 4.059040 9.048346
v -0.062033 4.059035 9.046924
v 0.957056 4.059015 9.046645
v 1.976643 4.058996 9.046902
v 2.996654 4.058990 9.047154
v 4.016808 4.059000 9.047226
v 5.036866 4.059020 9.047369
v 6.056837 4.059041 9.048134
v 7.077126 4.059045 9.050068
v 8.098879 4.059024 9.053228
v 9.123473 4.058996 9.056824
v 10.150344 4.058982 9.059733
v 11.178545 4.058979 9.061253
v 12.207412 4.058977 9.061109
v 13.236390 4.058978 9.059262
v 14.264729 4.058992 9.055937
v 15.291317 4.059026 9.051882
v 16.315498 4.059054 9.048386
v 17.338919 4.059054 9.046436
v 18.363047 4.059032 9.046142
v 19.388578 4.059007 9.047061
v 20.415296 4.058996 9.048642
v 21.441882 4.059018 9.050528
v 22.465960 4.059096 9.052569
v 23.484707 4.059270 9.054757
v 24.496190 4.059541 9.056854
v 25.501706 4.059620 9.056985
v 26.506513 4.058699 9.052767
v 27.509353 4.055937 9.040548
v 28.475849 4.052654 9.019951
v 29.421390 4.049854 8.996861
v -22.345096 -31.105562 10.017199
v -23.282195 -31.102640 9.992725
v -23.281990 -30.283061 10.020283
v -21.392982 -31.108907 10.038920
v -20.425519 -31.111853 10.051788
v -19.443693 -31.113091 10.056450
v -18.457984 -31.113166 10.056339
v -17.462349 -31.112787 10.053719
v -16.454754 -31.112448 10.050807
v -15.438651 -31.112284 10.048065
v -14.417923 -31.112239 10.045605
v -13.395901 -31.112252 10.043628
v -12.374767 -31.112300 10.042602
v -11.355164 -31.112355 10.043373
v -10.336274 -31.112369 10.046807
v -9.315566 -31.112316 10.052985
v -8.289466 -31.112247 10.060433
v -7.259003 -31.112218 10.067040
v -6.226018 -31.112213 10.071575
v -5.191596 -31.112199 10.073509
v -4.156673 -31.112177 10.072448
v -3.122775 -31.112189 10.068208
v -2.092819 -31.112262 10.061609
v -1.069292 -31.112332 10.054841
v -0.049081 -31.112339 10.049696
v 0.969797 -31.112307 10.046388
v 1.988118 -31.112275 10.044353
v 3.006143 -31.112261 10.042987
v 4.023716 -31.112273 10.042047
v 5.040693 -31.112310 10.041827
v 6.057295 -31.112356 10.043092
v 7.074294 -31.112369 10.046738
v 8.094017 -31.112320 10.052970
v 9.119871 -31.112255 10.060432
v 10.150826 -31.112227 10.067089
v 11.185127 -31.112218 10.071683
v 12.221767 -31.112201 10.073544
v 13.259746 -31.112181 10.072056
v 14.297097 -31.112202 10.066924
v 15.330308 -31.112287 10.059200
v 16.356681 -31.112363 10.051573
v 17.379871 -31.112360 10.046312
v 18.402649 -31.112307 10.043839
v 19.426273 -31.112251 10.043492
v 20.450771 -31.112223 10.044390
v 21.474766 -31.112241 10.045912
v 22.495790 -31.112338 10.047762
v 23.511062 -31.112565 10.049938
v 24.518746 -31.112900 10.052313
v 25.520655 -31.112985 10.052873
v 26.522572 -31.111997 10.048885
v 27.519948 -31.109114 10.036249
v 28.478622 -31.105752 10.014829
v 29.421641 -31.102897 9.990516
v 29.421728 -30.285824 10.018899
v -23.280765 -29.449434 10.047024
v 29.420836 -29.453586 10.046836
v -23.278985 -28.575325 10.063537
v -21.233073 -28.996446 10.092695
v -20.315363 -29.021066 10.083355
v -19.383430 -29.024957 10.072025
v -18.435308 -29.024722 10.061384
v -17.462078 -29.024202 10.053926
v -16.457934 -29.023790 10.048435
v -15.440630 -29.023607 10.044329
v -14.418754 -29.023559 10.041237
v -13.396003 -29.023573 10.038920
v -12.374706 -29.023623 10.037595
v -11.356013 -29.023676 10.038069
v -10.339161 -29.023687 10.041415
v -9.319939 -29.023635 10.047873
v -8.293080 -29.023570 10.055630
v -7.261106 -29.023541 10.062224
v -6.227403 -29.023536 10.066622
v -5.192675 -29.023522 10.068624
v -4.156616 -29.023500 10.067839
v -3.120329 -29.023513 10.063714
v -2.088606 -29.023584 10.056786
v -1.065962 -29.023649 10.049626
v -0.047537 -29.023663 10.044419
v 0.970231 -29.023632 10.041229
v 1.988096 -29.023596 10.039299
v 3.005935 -29.023583 10.037977
v 4.023410 -29.023595 10.037013
v 5.040131 -29.023633 10.036663
v 6.055754 -29.023678 10.037721
v 7.070777 -29.023687 10.041307
v 8.089010 -29.023639 10.047803
v 9.115451 -29.023578 10.055543
v 10.147660 -29.023551 10.062187
v 11.182534 -29.023541 10.066686
v 12.219504 -29.023523 10.068647
v 13.258675 -29.023505 10.067427
v 14.298417 -29.023526 10.062366
v 15.333109 -29.023607 10.054251
v 16.357931 -29.023681 10.046227
v 17.378653 -29.023684 10.041010
v 18.400053 -29.023631 10.038849
v 19.423542 -29.023572 10.038857
v 20.448666 -29.023544 10.040161
v 21.473703 -29.023563 10.042335
v 22.495898 -29.023663 10.045501
v 23.510905 -29.023919 10.050285
v 24.510461 -29.024426 10.057958
v 25.479623 -29.024836 10.069488
v 26.429579 -29.021134 10.081917
v 27.370343 -28.996887 10.092735
v 29.419016 -28.579201 10.064949
v -23.277278 -27.628366 10.065085
v -21.228417 -27.720806 10.081270
v 27.368205 -27.717028 10.083390
v 29.417281 -27.629205 10.067618
v -23.278262 -26.531567 10.056082
v -21.228884 -26.539193 10.062139
v 27.368896 -26.531244 10.064895
v 29.418254 -26.525334 10.058853
v -23.278871 -25.431050 10.048126
v -21.229464 -25.428976 10.048421
v 27.369449 -25.418623 10.050730
v 29.418851 -25.421662 10.050373
v -23.279052 -24.358641 10.043853
v -21.229649 -24.357107 10.042414
v 27.369626 -24.346042 10.043771
v 29.419030 -24.348612 10.045137
v -23.279110 -23.307082 10.042866
v -21.229709 -23.306645 10.040786
v 27.369687 -23.296479 10.041035
v 29.419089 -23.298168 10.043044
v -23.279136 -22.268743 10.043227
v -21.229735 -22.268992 10.040882
v 27.369717 -22.261154 10.040139
v 29.419118 -22.262353 10.042437
v -23.279153 -21.238078 10.043449
v -21.229754 -21.238406 10.041024
v 27.369740 -21.233961 10.039680
v 29.419139 -21.235184 10.042092
v -23.279172 -20.211456 10.043283
v -21.229776 -20.211661 10.040813
v 27.369766 -20.210932 10.039420
v 29.419161 -20.212313 10.041899
v -23.279192 -19.186984 10.043591
v -21.229799 -19.187362 10.041077
v 27.369792 -19.189970 10.040133
v 29.419184 -19.191180 10.042675
v -23.279202 -18.162905 10.045652
v -21.229811 -18.163863 10.043116
v 27.369809 -18.169205 10.042971
v 29.419199 -18.169765 10.045565
v -23.279194 -17.136364 10.049957
v -21.229805 -17.137805 10.047439
v 27.369807 -17.145138 10.048328
v 29.419196 -17.145010 10.050933
v -23.279178 -16.104304 10.055371
v -21.229790 -16.105669 10.052856
v 27.369795 -16.114236 10.054936
v 29.419182 -16.113853 10.057554
v -23.279168 -15.067687 10.059924
v -21.229781 -15.068496 10.057350
v 27.369784 -15.077183 10.060661
v 29.419171 -15.076991 10.063331
v -23.279167 -14.028935 10.062272
v -21.229780 -14.029225 10.059631
v 27.369778 -14.036843 10.064042
v 29.419165 -14.036893 10.066753
v -23.279168 -12.989720 10.061927
v -21.229781 -12.989615 10.059282
v 27.369774 -12.995030 10.064530
v 29.419162 -12.995342 10.067225
v -23.279171 -11.951181 10.058832
v -21.229784 -11.950576 10.056253
v 27.369775 -11.952918 10.062005
v 29.419162 -11.953674 10.064638
v -23.279181 -10.915039 10.053395
v -21.229794 -10.913908 10.050870
v 27.369785 -10.912636 10.056824
v 29.419172 -10.913866 10.059419
v -23.279201 -9.883886 10.047015
v -21.229812 -9.882704 10.044468
v 27.369802 -9.877660 10.050410
v 29.419191 -9.878822 10.053026
v -23.279212 -8.858737 10.041886
v -21.229822 -8.858155 10.039299
v 27.369810 -8.849409 10.045122
v 29.419201 -8.849898 10.047759
v -23.279206 -7.836370 10.039463
v -21.229813 -7.836548 10.036884
v 27.369798 -7.824220 10.042528
v 29.419191 -7.823899 10.045135
v -23.279187 -6.813608 10.039603
v -21.229792 -6.814198 10.037052
v 27.369775 -6.798230 10.042365
v 29.419170 -6.797560 10.044922
v -23.279168 -5.788181 10.041276
v -21.229769 -5.788939 10.038764
v 27.369751 -5.769553 10.043453
v 29.419150 -5.768799 10.045955
v -23.279147 -4.757775 10.043606
v -21.229746 -4.758862 10.041191
v 27.369729 -4.736367 10.044891
v 29.419130 -4.735416 10.047278
v -23.279115 -3.718838 10.046518
v -21.229714 -3.720783 10.044400
v 27.369698 -3.695715 10.046726
v 29.419099 -3.694046 10.048794
v -23.279047 -2.666616 10.050935
v -21.229644 -2.669774 10.049474
v 27.369632 -2.642996 10.050086
v 29.419034 -2.640229 10.051481
v -23.278852 -1.594818 10.058016
v -21.229446 -1.598489 10.058306
v 27.369442 -1.571548 10.057037
v 29.418840 -1.568272 10.056667
v -23.278237 -0.498588 10.067150
v -21.228860 -0.491658 10.073322
v 27.368888 -0.467254 10.070364
v 29.418238 -0.474506 10.064051
v -23.277320 0.587075 10.074947
v -21.228414 0.681371 10.091120
v 27.368172 0.697943 10.087402
v 29.417395 0.603672 10.070773
v -23.279002 1.529727 10.071015
v -21.233053 1.943192 10.098977
v 27.369621 1.944092 10.096672
v 29.419067 1.542337 10.067006
v -23.280758 2.401171 10.051968
v -20.314458 1.967581 10.087947
v -19.381718 1.971432 10.075809
v -18.433097 1.971179 10.065232
v -17.456812 1.970632 10.058601
v -16.448702 1.970210 10.054216
v -15.426520 1.970027 10.050688
v -14.399538 1.969987 10.047261
v -13.372400 1.970017 10.043766
v -12.348022 1.970080 10.040755
v -11.327535 1.970138 10.039415
v -10.309832 1.970143 10.041032
v -9.290389 1.970087 10.045836
v -8.263910 1.970017 10.051878
v -7.233218 1.969989 10.056562
v -6.201954 1.969992 10.058826
v -5.171317 1.969994 10.058636
v -4.141564 1.969994 10.056114
v -3.113625 1.970022 10.051507
v -2.090522 1.970083 10.045901
v -1.074254 1.970129 10.041555
v -0.059808 1.970110 10.039944
v 0.956839 1.970053 10.040415
v 1.975979 1.970005 10.041456
v 2.996459 1.969989 10.041965
v 4.016903 1.970011 10.041651
v 5.036161 1.970063 10.040994
v 6.053394 1.970120 10.041116
v 7.069020 1.970136 10.043422
v 8.087023 1.970087 10.048410
v 9.112483 1.970021 10.054388
v 10.142721 1.969991 10.058985
v 11.174369 1.969989 10.061245
v 12.206463 1.969987 10.061103
v 13.239079 1.969985 10.058485
v 14.271155 1.970018 10.053326
v 15.298754 1.970094 10.046615
v 16.318745 1.970156 10.041004
v 17.336664 1.970153 10.038484
v 18.357004 1.970095 10.038836
v 19.380974 1.970033 10.040873
v 20.407813 1.970003 10.043557
v 21.435367 1.970027 10.046468
v 22.460232 1.970127 10.049932
v 23.478024 1.970348 10.054929
v 24.482507 1.970776 10.063066
v 25.464331 1.971210 10.075211
v 26.420408 1.967706 10.087224
v 29.420812 2.410685 10.048803
v -23.281887 3.232298 10.022865
v 29.421524 3.237828 10.020228
v -23.282069 4.049296 9.993408
v -22.343583 4.052164 10.018401
v -21.390442 4.055476 10.040442
v -20.421132 4.058377 10.053572
v -19.438635 4.059573 10.058716
v -18.451822 4.059620 10.059454
v -17.454103 4.059220 10.057984
v -16.443202 4.058870 10.056195
v -15.422808 4.058704 10.054039
v -14.397558 4.058666 10.051322
v -13.371515 4.058694 10.048279
v -12.347343 4.058756 10.045649
v -11.325838 4.058816 10.044613
v -10.306056 4.058827 10.046261
v -9.285260 4.058767 10.050714
v -8.259833 4.058695 10.056398
v -7.230966 4.058667 10.061073
v -6.200780 4.058669 10.063474
v -5.170751 4.058670 10.063291
v -4.142009 4.058672 10.060661
v -3.115714 4.058700 10.056080
v -2.093446 4.058765 10.050786
v -1.075929 4.058810 10.046716
v -0.059749 4.058789 10.045025
v 0.957452 4.058730 10.045233
v 1.976179 4.058682 10.046093
v 2.995946 4.058668 10.046574
v 4.015791 4.058689 10.046361
v 5.034867 4.058739 10.045925
v 6.052915 4.058798 10.046323
v 7.070521 4.058817 10.048710
v 8.090017 4.058767 10.053399
v 9.114695 4.058698 10.059029
v 10.143304 4.058668 10.063583
v 11.173922 4.058665 10.065952
v 12.205400 4.058663 10.065797
v 13.236874 4.058662 10.063037
v 14.267030 4.058695 10.057904
v 15.293607 4.058775 10.051576
v 16.315163 4.058840 10.046315
v 17.335384 4.058831 10.043744
v 18.356949 4.058772 10.043789
v 19.380913 4.058711 10.045472
v 20.406987 4.058682 10.047763
v 21.433461 4.058704 10.050080
v 22.457508 4.058801 10.052322
v 23.476157 4.059006 10.054764
v 24.487678 4.059298 10.057488
v 25.494438 4.059388 10.058393
v 26.502514 4.058511 10.054236
v 27.508514 4.055815 10.040482
v 28.476127 4.052546 10.017113
v 29.421405 4.049774 9.990983
v -22.347400 -31.105249 11.011697
v -23.282346 -31.102419 10.984933
v -23.281988 -30.280776 11.015844
v -21.396334 -31.108520 11.035983
v -20.426195 -31.111463 11.050642
v -19.440472 -31.112603 11.055269
v -18.452531 -31.112603 11.054067
v -17.456290 -31.112171 11.050258
v -16.448547 -31.111785 11.046490
v -15.432560 -31.111594 11.043122
v -14.412149 -31.111541 11.040048
v -13.391023 -31.111570 11.037323
v -12.371913 -31.111665 11.035500
v -11.355840 -31.111783 11.035858
v -10.341732 -31.111822 11.039898
v -9.325244 -31.111702 11.047988
v -8.299228 -31.111548 11.057937
v -7.265844 -31.111495 11.066498
v -6.228916 -31.111497 11.072086
v -5.189975 -31.111470 11.074331
v -4.150118 -31.111420 11.072772
v -3.111373 -31.111440 11.066906
v -2.079163 -31.111602 11.057776
v -1.058131 -31.111757 11.048832
v -0.041265 -31.111754 11.042730
v 0.975026 -31.111676 11.039392
v 1.991653 -31.111608 11.037636
v 3.008499 -31.111580 11.036413
v 4.024786 -31.111601 11.035310
v 5.039679 -31.111675 11.034724
v 6.052946 -31.111778 11.035851
v 7.065327 -31.111816 11.040263
v 8.081014 -31.111704 11.048501
v 9.106978 -31.111561 11.058496
v 10.141037 -31.111511 11.067096
v 11.179500 -31.111503 11.072763
v 12.220950 -31.111469 11.075013
v 13.264648 -31.111422 11.072995
v 14.307674 -31.111461 11.065880
v 15.343382 -31.111651 11.055011
v 16.366751 -31.111818 11.044633
v 17.385548 -31.111800 11.038114
v 18.404763 -31.111684 11.035699
v 19.426097 -31.111573 11.036078
v 20.449383 -31.111518 11.037836
v 21.472770 -31.111534 11.040120
v 22.493296 -31.111655 11.042629
v 23.507915 -31.111934 11.045558
v 24.514790 -31.112313 11.049053
v 25.517262 -31.112451 11.050867
v 26.522570 -31.111567 11.047275
v 27.522618 -31.108724 11.033241
v 28.480502 -31.105461 11.009496
v 29.421782 -31.102700 10.982842
v 29.421734 -30.283773 11.014811
v -23.280646 -29.444479 11.046376
v 29.420719 -29.449002 11.046651
v -23.278833 -28.566479 11.065291
v -21.232561 -28.995613 11.100457
v -20.313981 -29.020662 11.089014
v -19.380856 -29.024564 11.075519
v -18.431166 -29.024253 11.062964
v -17.456391 -29.023655 11.054751
v -16.452019 -29.023202 11.048952
v -15.434591 -29.022968 11.044514
v -14.412700 -29.022902 11.040814
v -13.390340 -29.022951 11.037347
v -12.370791 -29.023073 11.034418
v -11.356521 -29.023191 11.033508
v -10.346642 -29.023233 11.036871
v -9.333869 -29.023118 11.045613
v -8.305984 -29.022965 11.056672
v -7.269642 -29.022915 11.065591
v -6.231471 -29.022914 11.071200
v -5.192357 -29.022888 11.073713
v -4.150465 -29.022840 11.072677
v -3.107002 -29.022862 11.066873
v -2.070779 -29.023012 11.056628
v -1.052342 -29.023168 11.046751
v -0.038974 -29.023151 11.040961
v 0.975350 -29.023081 11.038398
v 1.991313 -29.022986 11.037247
v 3.008107 -29.022941 11.036236
v 4.024493 -29.022977 11.034843
v 5.039195 -29.023079 11.033457
v 6.050681 -29.023189 11.033501
v 7.058970 -29.023225 11.037281
v 8.070994 -29.023122 11.046121
v 9.098596 -29.022977 11.057149
v 10.135074 -29.022928 11.066088
v 11.174446 -29.022920 11.071827
v 12.216281 -29.022890 11.074353
v 13.262104 -29.022844 11.072769
v 14.309735 -29.022879 11.065580
v 15.348877 -29.023069 11.053481
v 16.368249 -29.023228 11.042196
v 17.382150 -29.023203 11.036224
v 18.398785 -29.023093 11.035008
v 19.419954 -29.022953 11.036509
v 20.444401 -29.022876 11.039088
v 21.469539 -29.022903 11.042001
v 22.492052 -29.023056 11.045489
v 23.506548 -29.023366 11.050491
v 24.505082 -29.023915 11.058953
v 25.477043 -29.024402 11.072751
v 26.428360 -29.020716 11.087692
v 27.369902 -28.996068 11.100828
v 29.418842 -28.571488 11.067138
v -23.277089 -27.608108 11.064895
v -21.228253 -27.694342 11.085772
v 27.368045 -27.687999 11.088393
v 29.417086 -27.605567 11.067755
v -23.278123 -26.510370 11.051525
v -21.228717 -26.516795 11.060744
v 27.368704 -26.504692 11.063750
v 29.418099 -26.500529 11.054306
v -23.278693 -25.419071 11.042398
v -21.229251 -25.418931 11.045545
v 27.369215 -25.403802 11.047767
v 29.418656 -25.405975 11.044233
v -23.278829 -24.354217 11.039635
v -21.229356 -24.355068 11.041753
v 27.369319 -24.338992 11.042694
v 29.418792 -24.340565 11.040167
v -23.278859 -23.306268 11.041042
v -21.229361 -23.308067 11.043104
v 27.369329 -23.292900 11.042630
v 29.418827 -23.294163 11.040230
v -23.278875 -22.268485 11.043411
v -21.229369 -22.270493 11.045424
v 27.369345 -22.258110 11.043670
v 29.418850 -22.259641 11.041473
v -23.278896 -21.236997 11.044598
v -21.229405 -21.238354 11.046361
v 27.369388 -21.230465 11.043828
v 29.418879 -21.232761 11.042044
v -23.278938 -20.210142 11.044383
v -21.229479 -20.210870 11.045515
v 27.369463 -20.207939 11.042954
v 29.418926 -20.210831 11.041901
v -23.278990 -19.187773 11.044323
v -21.229571 -19.188735 11.044605
v 27.369558 -19.190007 11.042647
v 29.418982 -19.192697 11.042510
v -23.279015 -18.168011 11.046697
v -21.229624 -18.170085 11.046346
v 27.369620 -18.174820 11.045375
v 29.419017 -18.176270 11.045943
v -23.278992 -17.145581 11.052566
v -21.229615 -17.148665 11.052135
v 27.369625 -17.155968 11.052360
v 29.419004 -17.155904 11.053087
v -23.278945 -16.113821 11.060266
v -21.229577 -16.116512 11.059973
v 27.369597 -16.125666 11.061577
v 29.418965 -16.125260 11.062190
v -23.278920 -15.074426 11.066706
v -21.229556 -15.075980 11.066303
v 27.369573 -15.085477 11.069381
v 29.418936 -15.085281 11.070010
v -23.278916 -14.031898 11.069990
v -21.229550 -14.032491 11.069374
v 27.369557 -14.040853 11.073774
v 29.418922 -14.040989 11.074448
v -23.278917 -12.988951 11.069626
v -21.229551 -12.988799 11.068982
v 27.369549 -12.994518 11.074382
v 29.418913 -12.995156 11.074959
v -23.278923 -11.946563 11.065512
v -21.229559 -11.945556 11.065029
v 27.369552 -11.947551 11.071034
v 29.418914 -11.949017 11.071421
v -23.278951 -10.907555 11.057985
v -21.229582 -10.905403 11.057542
v 27.369575 -10.903244 11.063797
v 29.418942 -10.905694 11.064168
v -23.279003 -9.876911 11.048995
v -21.229623 -9.874365 11.048320
v 27.369616 -9.867932 11.054544
v 29.418994 -9.870399 11.055154
v -23.279033 -8.856545 11.041920
v -21.229634 -8.855331 11.041216
v 27.369623 -8.844838 11.047333
v 29.419020 -8.845770 11.047910
v -23.279016 -7.839689 11.038817
v -21.229592 -7.839999 11.038630
v 27.369571 -7.825431 11.044693
v 29.418996 -7.824795 11.044646
v -23.278970 -6.820732 11.039119
v -21.229507 -6.821796 11.039735
v 27.369480 -6.802741 11.045579
v 29.418944 -6.801465 11.044669
v -23.278926 -5.796889 11.040931
v -21.229434 -5.798079 11.042252
v 27.369407 -5.774637 11.047495
v 29.418900 -5.773460 11.045891
v -23.278896 -4.767014 11.042688
v -21.229390 -4.768283 11.044449
v 27.369366 -4.740842 11.048688
v 29.418871 -4.739856 11.046689
v -23.278868 -3.729088 11.044193
v -21.229367 -3.730957 11.046260
v 27.369348 -3.700181 11.049127
v 29.418845 -3.698912 11.046872
v -23.278823 -2.679870 11.046878
v -21.229347 -2.682842 11.049268
v 27.369335 -2.649695 11.050419
v 29.418805 -2.647710 11.047922
v -23.278666 -1.613745 11.052983
v -21.229222 -1.617581 11.056595
v 27.369228 -1.584101 11.055868
v 29.418657 -1.581363 11.052227
v -23.278090 -0.523456 11.063496
v -21.228664 -0.519571 11.073198
v 27.368720 -0.488785 11.070712
v 29.418100 -0.493736 11.060967
v -23.277085 0.568343 11.075351
v -21.228258 0.653436 11.096138
v 27.368013 0.675418 11.092715
v 29.417183 0.589159 11.071515
v -23.278821 1.521672 11.072624
v -21.232740 1.942513 11.105710
v 27.369052 1.943462 11.104176
v 29.418912 1.535543 11.069034
v -23.280616 2.397458 11.050404
v -20.314839 1.967236 11.092347
v -19.381469 1.971070 11.078318
v -18.431403 1.970719 11.066445
v -17.454617 1.970100 11.059753
v -16.445136 1.969602 11.055833
v -15.420300 1.969353 11.052453
v -14.390830 1.969303 11.048356
v -13.362328 1.969386 11.043239
v -12.338989 1.969535 11.038025
v -11.322954 1.969658 11.034892
v -10.312463 1.969693 11.036393
v -9.299544 1.969559 11.043481
v -8.271909 1.969406 11.052857
v -7.236744 1.969355 11.059846
v -6.201020 1.969361 11.063090
v -5.166363 1.969364 11.062867
v -4.132419 1.969364 11.059352
v -3.100726 1.969416 11.052604
v -2.077098 1.969564 11.044020
v -1.067005 1.969659 11.037799
v -0.058802 1.969610 11.036597
v 0.954955 1.969473 11.038749
v 1.974321 1.969347 11.041300
v 2.996332 1.969304 11.042292
v 4.018024 1.969359 11.041269
v 5.036918 1.969490 11.039046
v 6.050953 1.969623 11.037594
v 7.060187 1.969673 11.039698
v 8.072142 1.969565 11.046822
v 9.098920 1.969409 11.055927
v 10.133647 1.969353 11.062581
v 11.169751 1.969355 11.065660
v 12.205801 1.969352 11.065478
v 13.242930 1.969349 11.061917
v 14.279738 1.969408 11.054501
v 15.308669 1.969574 11.044423
v 16.322008 1.969717 11.036449
v 17.332782 1.969679 11.033894
v 18.348587 1.969561 11.035731
v 19.370989 1.969414 11.039550
v 20.398279 1.969331 11.043423
v 21.427116 1.969366 11.046631
v 22.452930 1.969532 11.049735
v 23.470050 1.969827 11.054291
v 24.472650 1.970279 11.062972
v 25.457857 1.970769 11.077803
v 26.417510 1.967313 11.092618
v 29.420715 2.407675 11.048085
v -23.281864 3.230946 11.017212
v 29.421505 3.236973 11.015606
v -23.282203 4.049140 10.984482
v -22.345643 4.051899 11.011496
v -21.393406 4.055138 11.035924
v -20.422045 4.058035 11.050916
v -19.436061 4.059109 11.056380
v -18.447241 4.059073 11.056541
v -17.448743 4.058608 11.054503
v -16.436735 4.058185 11.052466
v -15.414847 4.057981 11.050070
v -14.388190 4.057942 11.046800
v -13.361636 4.058000 11.042801
v -12.338711 4.058125 11.039026
v -11.320525 4.058253 11.037256
v -10.305670 4.058283 11.039320
v -9.289335 4.058150 11.045642
v -8.264185 4.057991 11.053884
v -7.232642 4.057938 11.060554
v -6.198785 4.057948 11.063886
v -5.165054 4.057951 11.063662
v -4.133042 4.057949 11.060084
v -3.104560 4.058003 11.053642
v -2.082926 4.058146 11.046051
v -1.069645 4.058250 11.040372
v -0.057809 4.058196 11.038398
v 0.956944 4.058067 11.039217
v 1.975074 4.057969 11.040758
v 2.995265 4.057942 11.041436
v 4.015418 4.057982 11.040819
v 5.033651 4.058083 11.039623
v 6.049120 4.058212 11.039489
v 7.062531 4.058263 11.042344
v 8.078195 4.058149 11.048841
v 9.103099 4.057994 11.056838
v 10.134540 4.057935 11.063141
v 11.168669 4.057938 11.066314
v 12.203764 4.057936 11.066188
v 13.238900 4.057929 11.062616
v 14.271980 4.057990 11.055608
v 15.298577 4.058163 11.046746
v 16.315839 4.058306 11.039547
v 17.331268 4.058277 11.036394
v 18.349483 4.058151 11.036887
v 19.371804 4.058027 11.039343
v 20.397587 4.057969 11.042209
v 21.424399 4.057995 11.044751
v 22.448666 4.058131 11.047020
v 23.467124 4.058403 11.049683
v 24.478011 4.058735 11.053292
v 25.485794 4.058855 11.055560
v 26.498587 4.058094 11.052032
v 27.509117 4.055470 11.037007
v 28.477412 4.052318 11.011352
v 29.421492 4.049673 10.983046
v -22.353300 -31.105230 11.990555
v -23.282917 -31.102572 11.966034
v -23.282212 -30.279687 11.995923
v -21.404637 -31.108105 12.014650
v -20.428537 -31.110977 12.029689
v -19.436565 -31.112078 12.033111
v -18.445891 -31.111986 12.029781
v -17.449376 -31.111495 12.024187
v -16.441896 -31.111079 12.019273
v -15.426035 -31.110889 12.015326
v -14.405620 -31.110828 12.012206
v -13.384992 -31.110847 12.009786
v -12.367990 -31.110963 12.008273
v -11.356287 -31.111147 12.008838
v -10.348363 -31.111217 12.013220
v -9.337525 -31.110981 12.022010
v -8.311622 -31.110714 12.032498
v -7.274243 -31.110679 12.040760
v -6.232259 -31.110732 12.045587
v -5.187811 -31.110699 12.047466
v -4.141873 -31.110580 12.046050
v -3.097007 -31.110564 12.040050
v -2.062260 -31.110857 12.030028
v -1.045141 -31.111152 12.020255
v -0.032912 -31.111135 12.014039
v 0.980150 -31.111006 12.010922
v 1.995180 -31.110922 12.009389
v 3.011358 -31.110887 12.008411
v 4.026819 -31.110899 12.007661
v 5.039710 -31.110984 12.007416
v 6.048966 -31.111146 12.008808
v 7.055363 -31.111218 12.013689
v 8.065690 -31.110994 12.022812
v 9.092068 -31.110744 12.033451
v 10.130652 -31.110709 12.041704
v 11.174340 -31.110740 12.046603
v 12.221394 -31.110694 12.048712
v 13.272326 -31.110590 12.047122
v 14.322965 -31.110617 12.039849
v 15.361750 -31.110965 12.027692
v 16.380595 -31.111282 12.016009
v 17.393334 -31.111235 12.008995
v 18.407839 -31.111036 12.006570
v 19.426576 -31.110876 12.007064
v 20.448779 -31.110803 12.009032
v 21.471722 -31.110806 12.011801
v 22.491697 -31.110917 12.015086
v 23.505086 -31.111225 12.019049
v 24.510106 -31.111653 12.024094
v 25.512712 -31.111844 12.028002
v 26.522954 -31.111009 12.026065
v 27.528271 -31.108309 12.012595
v 28.484632 -31.105509 11.989818
v 29.422197 -31.102922 11.965516
v 29.421863 -30.283012 11.996407
v -23.280449 -29.439203 12.027096
v 29.420504 -29.443929 12.028417
v -23.278508 -28.555641 12.046888
v -21.232392 -28.994072 12.106568
v -20.314968 -29.019856 12.094864
v -19.381299 -29.023765 12.081189
v -18.429734 -29.023353 12.067659
v -17.453129 -29.022643 12.060358
v -16.446486 -29.022083 12.056899
v -15.428117 -29.021822 12.054140
v -14.405436 -29.021739 12.050795
v -13.382610 -29.021814 12.046042
v -12.363860 -29.021992 12.040289
v -11.354223 -29.022233 12.036125
v -10.354700 -29.022349 12.037963
v -9.354482 -29.022103 12.048920
v -8.322771 -29.021786 12.063936
v -7.279778 -29.021738 12.074896
v -6.236752 -29.021784 12.080983
v -5.193410 -29.021748 12.083752
v -4.145253 -29.021629 12.082815
v -3.091455 -29.021602 12.075370
v -2.045770 -29.021947 12.060691
v -1.037636 -29.022270 12.047942
v -0.031948 -29.022200 12.043445
v 0.979493 -29.022001 12.043894
v 1.994114 -29.021876 12.045330
v 3.010504 -29.021802 12.045445
v 4.026464 -29.021849 12.043346
v 5.039746 -29.022011 12.039620
v 6.047113 -29.022232 12.036681
v 7.045336 -29.022344 12.038993
v 8.045191 -29.022110 12.050049
v 9.076946 -29.021814 12.064966
v 10.120082 -29.021761 12.075857
v 11.164242 -29.021794 12.082113
v 12.210609 -29.021746 12.085125
v 13.263687 -29.021628 12.083816
v 14.322629 -29.021670 12.074625
v 15.370857 -29.022075 12.057292
v 16.377983 -29.022383 12.042465
v 17.381623 -29.022275 12.037417
v 18.393359 -29.022041 12.039376
v 19.412775 -29.021842 12.044061
v 20.437486 -29.021707 12.048515
v 21.463799 -29.021730 12.051575
v 22.487567 -29.021916 12.053640
v 23.503211 -29.022314 12.056173
v 24.501195 -29.022964 12.063295
v 25.475509 -29.023532 12.078388
v 26.428424 -29.019886 12.093970
v 27.369684 -28.994525 12.107477
v 29.418530 -28.560495 12.049047
v -23.276855 -27.572317 12.044799
v -21.228040 -27.649858 12.088328
v 27.367810 -27.639634 12.091431
v 29.416833 -27.566513 12.047280
v -23.277913 -26.480286 12.027896
v -21.228448 -26.485607 12.059398
v 27.368409 -26.467325 12.062435
v 29.417877 -26.466294 12.029570
v -23.278406 -25.403937 12.018685
v -21.228810 -25.410431 12.045851
v 27.368739 -25.388236 12.047660
v 29.418358 -25.386923 12.019020
v -23.278449 -24.349410 12.018164
v -21.228765 -24.357864 12.047297
v 27.368706 -24.334362 12.047582
v 29.418400 -24.332346 12.017166
v -23.278430 -23.305937 12.021822
v -21.228660 -23.313961 12.053625
v 27.368615 -23.291096 12.052395
v 29.418385 -23.291141 12.019723
v -23.278427 -22.268340 12.025891
v -21.228635 -22.274986 12.058752
v 27.368602 -22.255251 12.056202
v 29.418394 -22.257779 12.023004
v -23.278455 -21.235168 12.028328
v -21.228705 -21.238966 12.059923
v 27.368676 -21.225097 12.056617
v 29.418438 -21.230639 12.025126
v -23.278531 -20.207573 12.028925
v -21.228887 -20.208578 12.056926
v 27.368855 -20.201336 12.053735
v 29.418525 -20.209455 12.026027
v -23.278629 -19.187786 12.029389
v -21.229115 -19.188360 12.052887
v 27.369091 -19.186394 12.050449
v 29.418632 -19.194945 12.027321
v -23.278688 -18.173563 12.032563
v -21.229271 -18.177227 12.053043
v 27.369256 -18.179678 12.051621
v 29.418707 -18.184688 12.031618
v -23.278643 -17.156681 12.040101
v -21.229256 -17.164441 12.060502
v 27.369268 -17.170084 12.060098
v 29.418679 -17.170014 12.040359
v -23.278549 -16.125417 12.049832
v -21.229172 -16.131043 12.071749
v 27.369209 -16.139847 12.072481
v 29.418600 -16.139809 12.051271
v -23.278514 -15.082499 12.057538
v -21.229126 -15.084668 12.080303
v 27.369171 -15.094461 12.082418
v 29.418560 -15.095458 12.059997
v -23.278517 -14.035225 12.061254
v -21.229128 -14.036009 12.084036
v 27.369154 -14.044763 12.087460
v 29.418546 -14.045710 12.064424
v -23.278518 -12.987640 12.061033
v -21.229130 -12.988079 12.083706
v 27.369139 -12.993822 12.088176
v 29.418531 -12.994711 12.064754
v -23.278517 -11.940327 12.056733
v -21.229129 -11.939561 12.079170
v 27.369132 -11.940993 12.084367
v 29.418524 -11.943086 12.060971
v -23.278557 -10.897475 12.048102
v -21.229171 -10.893230 12.069434
v 27.369173 -10.890112 12.074985
v 29.418563 -10.895234 12.052692
v -23.278658 -9.867421 12.037177
v -21.229245 -9.861303 12.056693
v 27.369253 -9.853168 12.062141
v 29.418666 -9.859439 12.041720
v -23.278714 -8.853266 12.028418
v -21.229272 -8.851658 12.047625
v 27.369268 -8.839724 12.052954
v 29.418714 -8.840450 12.032721
v -23.278669 -7.843147 12.024316
v -21.229123 -7.845579 12.046080
v 27.369107 -7.829122 12.051620
v 29.418656 -7.825806 12.028522
v -23.278580 -6.828720 12.023805
v -21.228925 -6.832496 12.049892
v 27.368889 -6.810313 12.055486
v 29.418557 -6.806093 12.027911
v -23.278499 -5.806244 12.024471
v -21.228744 -5.809150 12.054511
v 27.368712 -5.781184 12.059606
v 29.418475 -5.778535 12.028226
v -23.278460 -4.776261 12.024520
v -21.228667 -4.778093 12.056639
v 27.368641 -4.745169 12.060853
v 29.418435 -4.744073 12.027704
v -23.278451 -3.739016 12.023778
v -21.228676 -3.740521 12.055926
v 27.368656 -3.703222 12.059024
v 29.418425 -3.703234 12.026230
v -23.278450 -2.693511 12.023710
v -21.228753 -2.695001 12.054327
v 27.368750 -2.654464 12.056054
v 29.418428 -2.655383 12.025250
v -23.278381 -1.635411 12.027232
v -21.228735 -1.638074 12.056727
v 27.368781 -1.597028 12.056908
v 29.418360 -1.597086 12.027681
v -23.277869 -0.556354 12.037820
v -21.228396 -0.557710 12.071860
v 27.368482 -0.518518 12.070331
v 29.417876 -0.520231 12.036885
v -23.276826 0.534934 12.053616
v -21.228056 0.607282 12.098516
v 27.367811 0.636990 12.095728
v 29.416922 0.563538 12.051323
v -23.278477 1.513647 12.052517
v -21.233010 1.941256 12.110410
v 27.368862 1.942238 12.110189
v 29.418636 1.526921 12.050640
v -23.280329 2.395508 12.028921
v -20.318834 1.966589 12.096505
v -19.386949 1.970340 12.082484
v -18.434849 1.969845 12.070111
v -17.457294 1.969074 12.065069
v -16.444597 1.968475 12.064297
v -15.415001 1.968167 12.063018
v -14.381226 1.968102 12.059156
v -13.349844 1.968225 12.052200
v -12.326623 1.968448 12.043545
v -11.316097 1.968714 12.036965
v -10.316500 1.968802 12.037184
v -9.315866 1.968513 12.046833
v -8.284323 1.968187 12.060567
v -7.242071 1.968148 12.070071
v -6.200801 1.968194 12.074040
v -5.161542 1.968198 12.073777
v -4.122409 1.968161 12.069533
v -3.084692 1.968218 12.060476
v -2.057831 1.968510 12.047926
v -1.059799 1.968733 12.039586
v -0.061227 1.968600 12.040175
v 0.949998 1.968346 12.045907
v 1.971445 1.968157 12.051315
v 2.996780 1.968098 12.053201
v 4.021299 1.968190 12.050924
v 5.041106 1.968397 12.045688
v 6.052176 1.968665 12.040709
v 7.051238 1.968799 12.041200
v 8.051169 1.968552 12.050743
v 9.082309 1.968224 12.063995
v 10.124273 1.968152 12.072755
v 11.165568 1.968191 12.076270
v 12.205817 1.968189 12.076077
v 13.248179 1.968142 12.071962
v 14.292087 1.968191 12.062205
v 15.325200 1.968539 12.047771
v 16.325799 1.968828 12.037231
v 17.326034 1.968733 12.035994
v 18.336685 1.968475 12.041179
v 19.358505 1.968270 12.048171
v 20.387692 1.968145 12.053556
v 21.419157 1.968196 12.056236
v 22.447101 1.968437 12.057017
v 23.464791 1.968844 12.058193
v 24.464304 1.969413 12.065110
v 25.449341 1.969935 12.081766
v 26.416901 1.966550 12.098124
v 29.420499 2.406379 12.028582
v -23.281987 3.232183 11.994955
v 29.421586 3.238840 11.995693
v -23.282729 4.049532 11.963620
v -22.350821 4.052071 11.988274
v -21.400607 4.054819 12.012498
v -20.424235 4.057628 12.028003
v -19.432477 4.058651 12.032542
v -18.441250 4.058500 12.030834
v -17.442467 4.057957 12.027245
v -16.429537 4.057470 12.024328
v -15.405801 4.057245 12.021584
v -14.377047 4.057203 12.018451
v -13.349375 4.057264 12.014922
v -12.327698 4.057421 12.011589
v -11.313736 4.057610 12.010184
v -10.305472 4.057651 12.012835
v -9.295366 4.057391 12.020222
v -8.270816 4.057117 12.029577
v -7.235640 4.057079 12.036676
v -6.196867 4.057142 12.039910
v -5.158258 4.057145 12.039669
v -4.121896 4.057093 12.036198
v -3.090374 4.057135 12.029402
v -2.069688 4.057384 12.020764
v -1.062247 4.057603 12.014025
v -0.056239 4.057517 12.011501
v 0.955423 4.057326 12.012048
v 1.973220 4.057212 12.013265
v 2.994567 4.057196 12.013616
v 4.015697 4.057249 12.012877
v 5.033173 4.057381 12.011716
v 6.045319 4.057587 12.011749
v 7.053062 4.057676 12.015198
v 8.063516 4.057440 12.022865
v 9.088856 4.057156 12.031889
v 10.124311 4.057094 12.038331
v 11.162877 4.057137 12.041210
v 12.202403 4.057133 12.041193
v 13.242290 4.057075 12.038061
v 14.279371 4.057121 12.031005
v 15.305834 4.057415 12.021315
v 16.317189 4.057686 12.013267
v 17.326427 4.057642 12.009665
v 18.340633 4.057453 12.009781
v 19.361400 4.057295 12.011648
v 20.387358 4.057239 12.013805
v 21.414993 4.057279 12.015885
v 22.439571 4.057444 12.018093
v 23.457263 4.057787 12.021154
v 24.466359 4.058177 12.025970
v 25.474638 4.058322 12.030353
v 26.493810 4.057587 12.028760
v 27.512092 4.055118 12.014545
v 28.480251 4.052529 11.990195
v 29.421803 4.050133 11.964757
v -22.364650 -31.105692 12.941545
v -23.284061 -31.103100 12.922839
v -23.283228 -30.279490 12.946767
v -21.422217 -31.108597 12.962381
v -20.437619 -31.111195 12.975813
v -19.435175 -31.112417 12.978198
v -18.439505 -31.112423 12.974470
v -17.441142 -31.111872 12.969086
v -16.433693 -31.111428 12.964566
v -15.418517 -31.111282 12.961050
v -14.398979 -31.111245 12.958473
v -13.379524 -31.111241 12.956745
v -12.364867 -31.111372 12.955848
v -11.357060 -31.111648 12.956580
v -10.353942 -31.111757 12.960406
v -9.347760 -31.111308 12.967935
v -8.321816 -31.110823 12.976868
v -7.280691 -31.110799 12.983688
v -6.234197 -31.110935 12.987479
v -5.185247 -31.110889 12.988986
v -4.134180 -31.110641 12.987948
v -3.084029 -31.110569 12.982911
v -2.047144 -31.111108 12.974143
v -1.033459 -31.111659 12.965651
v -0.024509 -31.111640 12.960368
v 0.986077 -31.111452 12.957710
v 1.999526 -31.111365 12.956317
v 3.014701 -31.111346 12.955475
v 4.028832 -31.111332 12.955041
v 5.039465 -31.111406 12.955124
v 6.045016 -31.111642 12.956500
v 7.046613 -31.111759 12.960757
v 8.052624 -31.111337 12.968659
v 9.080102 -31.110878 12.977786
v 10.123465 -31.110855 12.984557
v 11.171727 -31.110951 12.988344
v 12.223309 -31.110887 12.990108
v 13.280535 -31.110677 12.989049
v 14.338321 -31.110650 12.982933
v 15.380164 -31.111274 12.972233
v 16.395131 -31.111882 12.961992
v 17.403489 -31.111848 12.955944
v 18.414093 -31.111549 12.953778
v 19.430103 -31.111324 12.953983
v 20.450509 -31.111234 12.955512
v 21.471941 -31.111188 12.957928
v 22.490402 -31.111226 12.960911
v 23.502128 -31.111554 12.964505
v 24.505760 -31.112048 12.969216
v 25.509721 -31.112101 12.973294
v 26.527368 -31.111155 12.972329
v 27.539792 -31.108843 12.960790
v 28.491847 -31.106038 12.941638
v 29.422874 -31.103509 12.923283
v 29.422585 -30.282934 12.947905
v -23.281579 -29.433351 12.974044
v 29.421344 -29.437671 12.975638
v -23.278499 -28.540797 12.992319
v -21.232435 -28.989738 13.104356
v -20.313496 -29.016688 13.104429
v -19.375630 -29.020604 13.097355
v -18.427647 -29.020775 13.087967
v -17.458551 -29.019948 13.085104
v -16.447025 -29.019417 13.086521
v -15.423855 -29.020767 13.087746
v -14.396609 -29.021251 13.086542
v -13.369218 -29.020278 13.081884
v -12.347353 -29.019280 13.074209
v -11.343532 -29.019621 13.066852
v -10.364513 -29.019912 13.065659
v -9.391224 -29.018773 13.075796
v -8.350298 -29.018500 13.091180
v -7.294133 -29.018745 13.100665
v -6.244029 -29.019055 13.104911
v -5.196211 -29.018987 13.107018
v -4.139483 -29.018500 13.106859
v -3.066877 -29.018079 13.100299
v -2.000651 -29.018535 13.084378
v -1.018307 -29.019865 13.072171
v -0.030259 -29.019771 13.071518
v 0.977790 -29.019528 13.076267
v 1.993835 -29.020657 13.080974
v 3.013322 -29.021437 13.082676
v 4.032398 -29.020698 13.080247
v 5.047536 -29.019374 13.074356
v 6.051145 -29.019567 13.067990
v 7.029498 -29.019900 13.067064
v 8.003019 -29.018767 13.077251
v 9.044982 -29.018579 13.092403
v 10.101460 -29.018831 13.101623
v 11.152283 -29.019083 13.106019
v 12.203010 -29.018948 13.108675
v 13.266214 -29.018467 13.108691
v 14.347146 -29.018264 13.100552
v 15.414689 -29.018790 13.081816
v 16.393159 -29.020298 13.067532
v 17.374971 -29.020092 13.065949
v 18.378478 -29.019602 13.071743
v 19.398710 -29.020329 13.079226
v 20.427657 -29.021257 13.084507
v 21.459054 -29.020713 13.086190
v 22.488179 -29.019101 13.084840
v 23.509598 -29.019423 13.082404
v 24.498960 -29.020256 13.084460
v 25.464623 -29.020234 13.095001
v 26.426518 -29.016651 13.103639
v 27.369631 -28.990101 13.104908
v 29.418569 -28.544212 12.994201
v -23.277104 -27.520816 12.990648
v -21.228025 -27.574976 13.096552
v 27.367798 -27.560317 13.099068
v 29.417088 -27.510579 12.992508
v -23.278120 -26.439861 12.975506
v -21.229489 -26.448970 13.075931
v 27.369556 -26.423003 13.078243
v 29.418040 -26.421343 12.976444
v -23.278422 -25.383876 12.968041
v -21.230778 -25.411202 13.070970
v 27.370825 -25.379963 13.072045
v 29.418350 -25.363150 12.967762
v -23.278305 -24.341303 12.968164
v -21.232275 -24.372170 13.078338
v 27.372252 -24.339233 13.078089
v 29.418243 -24.321766 12.966809
v -23.278201 -23.303356 12.971381
v -21.233446 -23.327140 13.087604
v 27.373396 -23.294897 13.086264
v 29.418145 -23.287290 12.969262
v -23.278171 -22.267436 12.974837
v -21.233861 -22.281116 13.093345
v 27.373792 -22.252380 13.091132
v 29.418137 -22.256973 12.972261
v -23.278221 -21.233855 12.977224
v -21.233373 -21.235126 13.093515
v 27.373353 -21.213795 13.090879
v 29.418211 -21.231056 12.974536
v -23.278377 -20.205893 12.978304
v -21.232143 -20.196606 13.088023
v 27.372185 -20.183843 13.085750
v 29.418362 -20.211187 12.975967
v -23.278604 -19.188073 12.979262
v -21.230638 -19.179622 13.080689
v 27.370733 -19.172603 13.079149
v 29.418587 -19.199868 12.977688
v -23.278783 -18.178372 12.982496
v -21.229722 -18.185594 13.078446
v 27.369890 -18.183640 13.077607
v 29.418783 -18.194737 12.981900
v -23.278737 -17.166394 12.989697
v -21.229141 -17.193014 13.085706
v 27.369347 -17.194234 13.085264
v 29.418783 -17.184908 12.990072
v -23.278584 -16.134829 12.998852
v -21.228572 -16.156370 13.097828
v 27.368735 -16.163483 13.097741
v 29.418674 -16.153489 13.000110
v -23.278542 -15.088420 13.005829
v -21.228484 -15.097248 13.106164
v 27.368603 -15.106944 13.106841
v 29.418627 -15.104055 13.007781
v -23.278562 -14.037742 13.009012
v -21.228617 -14.040261 13.109180
v 27.368685 -14.049583 13.110713
v 29.418616 -14.049474 13.011350
v -23.278566 -12.986937 13.008882
v -21.228622 -12.986850 13.109016
v 27.368637 -12.993227 13.111344
v 29.418592 -12.994773 13.011554
v -23.278553 -11.935833 13.005305
v -21.228491 -11.929896 13.105585
v 27.368481 -11.931697 13.108597
v 29.418568 -11.939121 13.008431
v -23.278597 -10.888994 12.997637
v -21.228615 -10.870610 13.096532
v 27.368592 -10.867011 13.099946
v 29.418611 -10.886519 13.001141
v -23.278741 -9.858607 12.987597
v -21.229268 -9.836188 13.083436
v 27.369266 -9.825791 13.086643
v 29.418762 -9.849090 12.991019
v -23.278778 -8.849754 12.979465
v -21.229933 -8.846897 13.074938
v 27.369929 -8.833568 13.077948
v 29.418795 -8.834840 12.982573
v -23.278643 -7.844993 12.975435
v -21.230901 -7.859434 13.075713
v 27.370938 -7.841865 13.079165
v 29.418628 -7.825338 12.978450
v -23.278438 -6.834406 12.974381
v -21.232297 -6.854976 13.082445
v 27.372352 -6.829052 13.086212
v 29.418407 -6.808634 12.977354
v -23.278275 -5.813385 12.974281
v -21.233475 -5.827816 13.089049
v 27.373486 -5.794266 13.092446
v 29.418251 -5.781610 12.977017
v -23.278211 -4.784314 12.973775
v -21.233954 -4.789781 13.091270
v 27.373903 -4.750275 13.094088
v 29.418190 -4.747465 12.976158
v -23.278222 -3.749079 12.972783
v -21.233610 -3.746692 13.088687
v 27.373438 -3.701800 13.090954
v 29.418202 -3.708261 12.974776
v -23.278305 -2.708129 12.972253
v -21.232444 -2.700116 13.082932
v 27.372168 -2.650510 13.084509
v 29.418276 -2.664924 12.973754
v -23.278374 -1.659576 12.974434
v -21.230976 -1.653192 13.078609
v 27.370527 -1.601789 13.079218
v 29.418350 -1.616383 12.975253
v -23.278041 -0.597517 12.983144
v -21.229498 -0.604729 13.084946
v 27.369125 -0.553485 13.084262
v 29.418067 -0.555495 12.982854
v -23.277135 0.486563 12.997855
v -21.227792 0.528737 13.103975
v 27.367532 0.571227 13.101972
v 29.417247 0.522007 12.996252
v -23.278512 1.505615 12.996998
v -21.233487 1.937469 13.106442
v 27.368735 1.938520 13.107302
v 29.418707 1.520303 12.995801
v -23.281495 2.396407 12.975311
v -20.321161 1.963627 13.104453
v -19.388398 1.967296 13.097105
v -18.441249 1.967428 13.088805
v -17.473143 1.966295 13.088089
v -16.452935 1.965576 13.092161
v -15.412433 1.966909 13.094752
v -14.368930 1.967521 13.092985
v -13.328893 1.966500 13.086162
v -12.301748 1.965726 13.075777
v -11.299735 1.966075 13.066587
v -10.321610 1.966258 13.064575
v -9.347598 1.965170 13.074121
v -8.307215 1.964842 13.088964
v -7.251786 1.965130 13.097943
v -6.202036 1.965456 13.101077
v -5.156864 1.965464 13.100857
v -4.109885 1.965165 13.097504
v -3.060276 1.964852 13.089004
v -2.025094 1.965089 13.075364
v -1.052969 1.966140 13.067097
v -0.074387 1.965786 13.070279
v 0.935041 1.965500 13.079166
v 1.964084 1.966627 13.086724
v 2.998029 1.967579 13.089253
v 4.030298 1.966900 13.086134
v 5.055558 1.965655 13.078586
v 6.064021 1.965987 13.070354
v 7.042137 1.966393 13.068141
v 8.015674 1.965262 13.077604
v 9.057645 1.964952 13.091957
v 10.113705 1.965162 13.099922
v 11.162651 1.965439 13.102379
v 12.207874 1.965409 13.102248
v 13.258328 1.965054 13.099223
v 14.315967 1.964795 13.090189
v 15.358864 1.965208 13.074704
v 16.331827 1.966369 13.064494
v 17.310868 1.966232 13.065892
v 18.313093 1.965802 13.074098
v 19.338657 1.966362 13.083169
v 20.374997 1.967565 13.088779
v 21.413758 1.967254 13.089645
v 22.448449 1.965703 13.086612
v 23.471175 1.966145 13.082439
v 24.456752 1.967109 13.084127
v 25.426620 1.966769 13.096362
v 26.412995 1.963431 13.106756
v 29.421111 2.408807 12.975464
v -23.282911 3.236397 12.945398
v 29.422158 3.244138 12.946623
v -23.283715 4.050532 12.920244
v -22.360768 4.052897 12.939224
v -21.416431 4.055600 12.960229
v -20.432418 4.057943 12.974079
v -19.430353 4.059067 12.977455
v -18.433909 4.059005 12.975131
v -17.433338 4.058356 12.971465
v -16.419327 4.057783 12.968667
v -15.394440 4.057576 12.966194
v -14.364641 4.057561 12.963618
v -13.336721 4.057620 12.960940
v -12.316614 4.057818 12.958537
v -11.306512 4.058099 12.957674
v -10.303614 4.058160 12.960111
v -9.299017 4.057686 12.966504
v -8.275316 4.057194 12.974521
v -7.236807 4.057153 12.980477
v -6.193761 4.057309 12.983042
v -5.151065 4.057310 12.982821
v -4.110990 4.057168 12.980062
v -3.076840 4.057224 12.974409
v -2.057181 4.057693 12.966989
v -1.054894 4.058118 12.961077
v -0.053730 4.057960 12.958724
v 0.954986 4.057662 12.958911
v 1.971986 4.057550 12.959611
v 2.993676 4.057568 12.959717
v 4.014939 4.057616 12.959141
v 5.031109 4.057764 12.958372
v 6.040085 4.058077 12.958632
v 7.043203 4.058228 12.961779
v 8.049517 4.057785 12.968567
v 9.075616 4.057269 12.976411
v 10.114990 4.057197 12.981727
v 11.157125 4.057308 12.983911
v 12.199873 4.057295 12.983919
v 13.243518 4.057142 12.981530
v 14.284104 4.057188 12.975699
v 15.310227 4.057723 12.967461
v 16.316590 4.058230 12.960586
v 17.321368 4.058169 12.957422
v 18.332461 4.057875 12.957211
v 19.351642 4.057666 12.958309
v 20.376996 4.057625 12.959723
v 21.404414 4.057657 12.961321
v 22.428485 4.057807 12.963232
v 23.445177 4.058228 12.965949
v 24.453394 4.058695 12.970385
v 25.463603 4.058651 12.974869
v 26.491481 4.057756 12.974271
v 27.520292 4.055859 12.962105
v 28.484781 4.053434 12.941560
v 29.422255 4.051252 12.922052
v -22.382603 -31.105225 13.875735
v -23.284941 -31.102526 13.865987
v -23.284069 -30.279742 13.879550
v -21.447115 -31.109470 13.888831
v -20.450737 -31.112538 13.897318
v -19.436270 -31.113987 13.898100
v -18.434323 -31.114372 13.894992
v -17.433338 -31.113857 13.891102
v -16.425419 -31.113363 13.888000
v -15.411206 -31.113231 13.885674
v -14.392944 -31.113235 13.884092
v -13.375123 -31.113249 13.883171
v -12.362614 -31.113464 13.882818
v -11.357519 -31.113872 13.883479
v -10.356921 -31.113993 13.886036
v -9.353607 -31.113157 13.890910
v -8.327657 -31.112242 13.896642
v -7.283459 -31.112105 13.900769
v -6.234037 -31.112305 13.902880
v -5.182217 -31.112219 13.903770
v -4.128176 -31.111806 13.903320
v -3.074317 -31.111770 13.900272
v -2.036202 -31.112797 13.894538
v -1.025156 -31.113826 13.889011
v -0.017599 -31.113835 13.885632
v 0.991714 -31.113579 13.883870
v 2.004098 -31.113444 13.882884
v 3.018115 -31.113426 13.882315
v 4.030757 -31.113402 13.882140
v 5.039389 -31.113513 13.882361
v 6.042387 -31.113852 13.883386
v 7.041259 -31.113976 13.886212
v 8.044743 -31.113192 13.891378
v 9.073554 -31.112315 13.897280
v 10.121325 -31.112190 13.901348
v 11.172864 -31.112324 13.903398
v 12.226830 -31.112212 13.904498
v 13.288398 -31.111832 13.904143
v 14.351637 -31.111779 13.900412
v 15.395737 -31.112963 13.893359
v 16.408309 -31.114067 13.886614
v 17.414611 -31.114115 13.882690
v 18.423114 -31.113770 13.881200
v 19.436931 -31.113436 13.881183
v 20.455093 -31.113279 13.882069
v 21.474320 -31.113147 13.883653
v 22.490720 -31.113117 13.885676
v 23.500605 -31.113500 13.888131
v 24.503219 -31.113967 13.891456
v 25.508534 -31.113587 13.894653
v 26.533171 -31.112442 13.894785
v 27.554933 -31.109716 13.887895
v 28.502775 -31.105533 13.876385
v 29.423346 -31.102901 13.867133
v 29.423287 -30.283132 13.880847
v -23.283233 -29.424261 13.897437
v 29.422748 -29.427195 13.898796
v -23.278922 -28.519470 13.908901
v -21.236040 -28.968044 14.146557
v -20.309472 -29.000003 14.160380
v -19.351112 -29.002523 14.162068
v -18.421532 -29.008735 14.159340
v -17.470356 -29.006608 14.160954
v -16.453508 -29.007003 14.162082
v -15.423132 -29.022012 14.162765
v -14.385832 -29.026675 14.162795
v -13.348036 -29.017647 14.162404
v -12.318609 -29.006788 14.161027
v -11.324269 -29.006658 14.159595
v -10.379271 -29.008602 14.157912
v -9.449747 -29.001247 14.161280
v -8.392615 -29.003345 14.161475
v -7.316478 -29.005412 14.161747
v -6.254859 -29.007098 14.161711
v -5.198922 -29.006824 14.161850
v -4.128874 -29.004506 14.162197
v -3.028950 -29.001886 14.162338
v -1.925297 -29.000448 14.162424
v -0.987437 -29.008933 14.158434
v -0.031169 -29.007723 14.160013
v 0.970699 -29.008320 14.161204
v 1.989738 -29.020384 14.162320
v 3.017384 -29.027752 14.162612
v 4.044730 -29.020930 14.162394
v 5.064784 -29.007135 14.161325
v 6.064142 -29.006378 14.159978
v 7.009896 -29.008412 14.158168
v 7.940367 -29.001198 14.161523
v 9.001349 -29.003641 14.161685
v 10.077922 -29.005768 14.161883
v 11.139419 -29.007190 14.161808
v 12.198046 -29.006511 14.162070
v 13.277512 -29.004138 14.162630
v 14.393340 -29.002819 14.162734
v 15.494568 -29.002271 14.162523
v 16.425075 -29.011528 14.158309
v 17.370256 -29.010272 14.159492
v 18.356237 -29.009200 14.160537
v 19.378546 -29.017662 14.162000
v 20.416979 -29.027032 14.162595
v 21.458898 -29.022400 14.162673
v 22.496585 -29.005843 14.162109
v 23.528835 -29.005195 14.160820
v 24.493040 -29.007365 14.158716
v 25.434120 -29.001775 14.161690
v 26.427943 -28.999866 14.160056
v 27.372561 -28.968604 14.146355
v 29.418915 -28.520386 13.910106
v -23.277983 -27.461375 13.907413
v -21.230470 -27.454704 14.166082
v 27.370522 -27.435264 14.166223
v 29.417878 -27.447369 13.908409
v -23.279469 -26.394426 13.896805
v -21.239314 -26.410171 14.163454
v 27.380056 -26.375831 14.163524
v 29.419302 -26.373392 13.897099
v -23.279591 -25.360358 13.892000
v -21.249789 -25.425992 14.164168
v 27.390762 -25.385485 14.164109
v 29.419457 -25.338850 13.891486
v -23.279200 -24.329978 13.891946
v -21.265500 -24.399125 14.165811
v 27.406100 -24.357104 14.165676
v 29.419117 -24.311672 13.890790
v -23.278960 -23.296680 13.893576
v -21.277780 -23.346009 14.166887
v 27.417946 -23.305528 14.166723
v 29.418893 -23.284132 13.892047
v -23.278899 -22.262039 13.895529
v -21.281886 -22.285419 14.167337
v 27.421762 -22.248750 14.167129
v 29.418863 -22.257007 13.893837
v -23.278970 -21.228238 13.897333
v -21.276548 -21.221297 14.167197
v 27.416777 -21.194321 14.166977
v 29.418933 -21.232417 13.895641
v -23.279272 -20.200327 13.898699
v -21.263342 -20.168010 14.166231
v 27.403731 -20.152098 14.166189
v 29.419172 -20.213919 13.897268
v -23.279759 -19.185488 13.899993
v -21.246770 -19.159014 14.165106
v 27.387308 -19.147394 14.165190
v 29.419625 -19.206453 13.899089
v -23.280186 -18.181387 13.902576
v -21.235999 -18.196417 14.164707
v 27.377325 -18.189500 14.164828
v 29.420056 -18.207222 13.902332
v -23.280065 -17.175288 13.907772
v -21.231259 -17.239776 14.165952
v 27.372811 -17.234244 14.165960
v 29.420047 -17.202254 13.908130
v -23.279825 -16.144301 13.914255
v -21.227220 -16.196171 14.167096
v 27.368322 -16.201511 14.167090
v 29.419923 -16.170087 13.915125
v -23.279746 -15.094346 13.918998
v -21.227247 -15.115839 14.167277
v 27.367724 -15.126253 14.167287
v 29.419877 -15.114162 13.920232
v -23.279779 -14.039734 13.920999
v -21.228249 -14.046037 14.167017
v 27.368428 -14.057584 14.167045
v 29.419855 -14.053880 13.922352
v -23.279791 -12.985861 13.920938
v -21.228261 -12.983842 14.167024
v 27.368219 -12.992826 14.167078
v 29.419815 -12.995527 13.922445
v -23.279765 -11.930361 13.918723
v -21.227333 -11.914452 14.167296
v 27.367136 -11.918493 14.167415
v 29.419768 -11.935238 13.920545
v -23.279808 -10.879495 13.913564
v -21.227774 -10.833525 14.167098
v 27.367441 -10.830891 14.167310
v 29.419816 -10.877660 13.915703
v -23.279998 -9.849717 13.906587
v -21.232476 -9.793530 14.165933
v 27.372282 -9.780417 14.166124
v 29.420020 -9.838629 13.908638
v -23.280091 -8.846540 13.900878
v -21.237477 -8.839794 14.164705
v 27.377511 -8.824865 14.164740
v 29.420110 -8.829459 13.902622
v -23.279759 -7.847559 13.897790
v -21.248915 -7.883735 14.164821
v 27.389315 -7.866015 14.165006
v 29.419719 -7.825554 13.899460
v -23.279350 -6.841165 13.896432
v -21.264467 -6.895801 14.165800
v 27.405037 -6.864421 14.166087
v 29.419275 -6.812263 13.898082
v -23.279035 -5.821088 13.895688
v -21.277235 -5.858754 14.166901
v 27.417412 -5.817643 14.167086
v 29.418994 -5.785433 13.897200
v -23.278945 -4.791964 13.894974
v -21.282498 -4.805913 14.167229
v 27.422065 -4.757873 14.167350
v 29.418923 -4.751046 13.896334
v -23.278981 -3.757773 13.894380
v -21.279037 -3.749622 14.166944
v 27.417537 -3.695277 14.167071
v 29.418961 -3.712925 13.895635
v -23.279191 -2.720633 13.894261
v -21.267381 -2.696652 14.166053
v 27.404807 -2.634697 14.166185
v 29.419158 -2.673599 13.895367
v -23.279474 -1.682327 13.895643
v -21.252043 -1.659341 14.164588
v 27.387633 -1.592443 14.164741
v 29.419504 -1.635591 13.896447
v -23.279342 -0.640493 13.901271
v -21.239163 -0.658770 14.164044
v 27.375422 -0.590330 14.163982
v 29.419500 -0.593805 13.901397
v -23.277902 0.431824 13.911903
v -21.229405 0.401705 14.166758
v 27.369059 0.466150 14.165810
v 29.418236 0.473500 13.911049
v -23.278793 1.493953 13.911923
v -21.237706 1.917785 14.146916
v 27.371415 1.919337 14.146936
v 29.419172 1.510720 13.911372
v -23.282962 2.396919 13.898141
v -20.321666 1.947930 14.160369
v -19.372766 1.950070 14.161831
v -18.445902 1.956015 14.159151
v -17.499987 1.952785 14.161008
v -16.469556 1.952072 14.162438
v -15.411612 1.966870 14.163292
v -14.350978 1.972635 14.163268
v -13.294174 1.962429 14.162666
v -12.257777 1.952830 14.160763
v -11.269902 1.952367 14.159147
v -10.327190 1.954172 14.157489
v -9.397262 1.947354 14.160731
v -8.342203 1.949494 14.161027
v -7.268253 1.952012 14.161430
v -6.205997 1.953845 14.161449
v -5.150814 1.953904 14.161428
v -4.091847 1.952110 14.161435
v -3.025551 1.949151 14.161180
v -1.975292 1.947000 14.160830
v -1.045489 1.953578 14.157707
v -0.100680 1.951580 14.159757
v 0.907261 1.952315 14.161427
v 1.950198 1.964412 14.162823
v 2.999810 1.973227 14.163076
v 4.046659 1.966516 14.162784
v 5.082178 1.952871 14.161517
v 6.087821 1.952644 14.159927
v 7.030954 1.955098 14.158043
v 7.961178 1.948006 14.161450
v 9.022809 1.949941 14.161625
v 10.099704 1.952031 14.161747
v 11.160545 1.953629 14.161569
v 12.214602 1.953446 14.161540
v 13.277955 1.951432 14.161585
v 14.355999 1.949053 14.161265
v 15.415421 1.947543 14.160961
v 16.343200 1.954826 14.157511
v 17.286904 1.953536 14.159128
v 18.273362 1.953539 14.160550
v 19.307973 1.960785 14.162420
v 20.358536 1.972596 14.162975
v 21.411659 1.969531 14.162968
v 22.457333 1.952915 14.162234
v 23.489436 1.953099 14.160829
v 24.442837 1.956296 14.158898
v 25.382127 1.949625 14.162159
v 26.402566 1.947818 14.160773
v 29.422462 2.411480 13.898498
v -23.283634 3.243580 13.878317
v 29.422701 3.252928 13.879489
v -23.284403 4.050307 13.863843
v -22.376963 4.052577 13.874040
v -21.438644 4.056791 13.887308
v -20.442869 4.059465 13.896066
v -19.428924 4.060688 13.897500
v -18.425820 4.060944 13.895278
v -17.422294 4.060292 13.892462
v -16.407005 4.059593 13.890457
v -15.381718 4.059375 13.888808
v -14.351962 4.059417 13.887254
v -13.324680 4.059546 13.885776
v -12.306194 4.059899 13.884499
v -11.298830 4.060368 13.884179
v -10.299043 4.060442 13.885878
v -9.298325 4.059565 13.890022
v -8.275680 4.058659 13.895190
v -7.234874 4.058463 13.898868
v -6.188978 4.058687 13.900304
v -5.143977 4.058686 13.900151
v -4.101769 4.058492 13.898604
v -3.065669 4.058715 13.895154
v -2.047231 4.059580 13.890363
v -1.048557 4.060369 13.886472
v -0.050507 4.060142 13.884804
v 0.955832 4.059640 13.884720
v 1.971603 4.059451 13.884963
v 2.992567 4.059475 13.884906
v 4.013000 4.059531 13.884583
v 5.027577 4.059758 13.884248
v 6.034067 4.060236 13.884594
v 7.034579 4.060430 13.886764
v 8.038216 4.059625 13.891277
v 9.065269 4.058685 13.896392
v 10.107688 4.058499 13.899579
v 11.151699 4.058671 13.900706
v 12.195600 4.058640 13.900738
v 13.241284 4.058408 13.899488
v 14.284260 4.058609 13.895951
v 15.309863 4.059610 13.890661
v 16.313114 4.060552 13.886237
v 17.315912 4.060484 13.884112
v 18.325438 4.060019 13.883752
v 19.343251 4.059656 13.884170
v 20.367350 4.059559 13.884823
v 21.393629 4.059551 13.885742
v 22.416636 4.059709 13.886996
v 23.432731 4.060225 13.888832
v 24.441071 4.060657 13.891927
v 25.453447 4.060172 13.895386
v 26.489514 4.059066 13.895765
v 27.530473 4.057003 13.888514
v 28.492530 4.053225 13.876052
v 29.422458 4.051224 13.865666
v -22.406285 -31.104606 14.796049
v -23.288035 -31.103041 14.794367
v -22.379413 -30.308944 14.798083
v -23.285604 -30.283122 14.795287
v -21.472893 -31.109188 14.797559
v -21.433890 -30.356417 14.800867
v -20.460984 -31.112576 14.797815
v -20.426934 -30.394077 14.801574
v -19.436761 -31.114636 14.797268
v -19.420783 -30.415358 14.800975
v -18.429065 -31.115604 14.796802
v -18.431227 -30.426656 14.800436
v -17.424859 -31.115233 14.796561
v -17.438885 -30.428938 14.799995
v -16.416572 -31.114635 14.796525
v -16.432235 -30.428580 14.799709
v -15.404188 -31.114396 14.796497
v -15.413629 -30.430144 14.799453
v -14.387862 -31.114396 14.796419
v -14.387677 -30.431201 14.799308
v -13.372158 -31.114504 14.796258
v -13.362661 -30.430236 14.799282
v -12.362028 -31.114941 14.795980
v -12.347827 -30.429674 14.799268
v -11.358808 -31.115575 14.795729
v -11.349776 -30.429893 14.799270
v -10.358368 -31.115673 14.795777
v -10.363803 -30.426261 14.799549
v -9.355792 -31.114235 14.796526
v -9.379455 -30.415217 14.800140
v -8.329751 -31.112603 14.797581
v -8.354189 -30.405954 14.800854
v -7.283934 -31.112198 14.798095
v -7.298913 -30.405331 14.801200
v -6.232647 -31.112484 14.798162
v -6.240885 -30.407460 14.801273
v -5.178438 -31.112336 14.798262
v -5.183530 -30.406153 14.801364
v -4.122801 -31.111688 14.798421
v -4.119638 -30.401364 14.801474
v -3.067382 -31.111803 14.798088
v -3.049712 -30.400278 14.801255
v -2.028783 -31.113695 14.796954
v -2.004960 -30.410631 14.800490
v -1.018919 -31.115420 14.796059
v -1.013676 -30.424169 14.799779
v -0.010822 -31.115501 14.795974
v -0.018461 -30.429749 14.799438
v 0.997888 -31.115101 14.796087
v 0.986474 -30.431567 14.799332
v 2.009137 -31.114813 14.796194
v 2.000453 -30.433185 14.799219
v 3.021572 -31.114732 14.796223
v 3.020147 -30.433935 14.799145
v 4.032301 -31.114752 14.796145
v 4.038679 -30.432429 14.799174
v 5.038792 -31.115030 14.795948
v 5.049006 -30.430735 14.799226
v 6.040113 -31.115563 14.795739
v 6.045715 -30.430330 14.799262
v 7.038507 -31.115685 14.795804
v 7.030249 -30.426845 14.799548
v 8.041617 -31.114296 14.796590
v 8.015201 -30.416182 14.800166
v 9.071989 -31.112702 14.797652
v 9.044579 -30.407073 14.800902
v 10.123036 -31.112324 14.798132
v 10.103452 -30.406264 14.801237
v 11.176963 -31.112504 14.798200
v 11.163100 -30.407781 14.801307
v 12.232377 -31.112309 14.798347
v 12.222978 -30.406063 14.801440
v 13.297040 -31.111696 14.798554
v 13.295010 -30.401320 14.801582
v 14.363756 -31.111761 14.798175
v 14.376310 -30.401786 14.801278
v 15.409526 -31.113973 14.796847
v 15.428344 -30.415428 14.800331
v 16.421692 -31.115876 14.795741
v 16.419762 -30.430238 14.799456
v 17.428062 -31.116001 14.795586
v 17.410765 -30.435442 14.799056
v 18.435414 -31.115507 14.795751
v 18.412195 -30.435662 14.798998
v 19.447081 -31.114935 14.795987
v 19.425908 -30.434544 14.799014
v 20.462347 -31.114576 14.796199
v 20.449310 -30.432922 14.799097
v 21.478456 -31.114333 14.796339
v 21.475869 -30.429444 14.799302
v 22.491760 -31.114321 14.796364
v 22.497184 -30.425828 14.799564
v 23.499310 -31.114788 14.796336
v 23.506068 -30.425306 14.799785
v 24.501428 -31.115140 14.796505
v 24.500467 -30.422941 14.800160
v 25.507274 -31.114074 14.797005
v 25.493513 -30.412046 14.800705
v 26.535789 -31.112393 14.797555
v 26.514092 -30.392988 14.801382
v 27.567993 -31.109426 14.797433
v 27.542596 -30.358097 14.800825
v 28.516269 -31.104966 14.796131
v 28.501853 -30.312039 14.798212
v 29.425079 -31.103523 14.794418
v 29.424264 -30.286908 14.795481
v -22.356315 -29.483780 14.800997
v -23.284646 -29.410596 14.796877
v -21.374546 -29.588528 14.808420
v -20.372170 -29.647581 14.809064
v -19.385154 -29.679627 14.808499
v -18.425710 -29.700980 14.807716
v -17.453792 -29.710166 14.807199
v -16.447472 -29.716715 14.806971
v -15.420758 -29.728595 14.806566
v -14.385640 -29.733467 14.806345
v -13.351819 -29.726692 14.806474
v -12.330635 -29.717387 14.806600
v -11.339908 -29.711609 14.806613
v -10.376439 -29.701740 14.806995
v -9.420010 -29.682075 14.807608
v -8.387754 -29.671262 14.808087
v -7.315275 -29.677325 14.808254
v -6.250485 -29.683591 14.808218
v -5.189978 -29.681615 14.808302
v -4.117313 -29.671572 14.808507
v -3.024152 -29.662755 14.808463
v -1.959216 -29.674795 14.807919
v -0.998054 -29.699180 14.807165
v -0.023239 -29.712326 14.806737
v 0.976010 -29.721148 14.806629
v 1.994175 -29.732237 14.806382
v 3.020049 -29.737575 14.806191
v 4.045199 -29.730785 14.806352
v 5.060463 -29.719374 14.806562
v 6.051511 -29.712584 14.806601
v 7.014052 -29.702849 14.806980
v 7.971115 -29.683805 14.807600
v 9.007874 -29.673232 14.808112
v 10.083313 -29.678726 14.808281
v 11.148805 -29.683983 14.808246
v 12.211788 -29.680927 14.808376
v 13.293418 -29.671132 14.808616
v 14.403381 -29.667757 14.808472
v 15.473343 -29.686003 14.807747
v 16.432966 -29.712530 14.806845
v 17.400965 -29.724377 14.806361
v 18.391035 -29.729325 14.806279
v 19.406529 -29.734734 14.806190
v 20.437034 -29.736770 14.806141
v 21.472604 -29.727790 14.806433
v 22.502829 -29.712730 14.806883
v 23.516516 -29.705392 14.807072
v 24.495726 -29.696617 14.807521
v 25.460541 -29.676707 14.808308
v 26.473267 -29.647140 14.808950
v 27.494566 -29.591259 14.808414
v 28.488924 -29.486354 14.801121
v 29.423901 -29.411469 14.797044
v -22.321734 -28.607910 14.805373
v -23.278936 -28.491944 14.799494
v -21.294431 -28.764426 14.819343
v -20.294555 -28.822898 14.820414
v -19.292732 -28.847488 14.821546
v -18.380777 -28.874397 14.818745
v -17.447688 -28.893716 14.821284
v -16.444942 -28.914977 14.821302
v -15.415541 -28.966090 14.821472
v -14.381505 -28.984184 14.821435
v -13.348203 -28.953842 14.821415
v -12.323684 -28.912956 14.820998
v -11.347576 -28.894770 14.820929
v -10.421021 -28.877342 14.818560
v -9.512757 -28.853486 14.821223
v -8.436177 -28.853994 14.819469
v -7.330926 -28.873668 14.819011
v -6.260605 -28.884915 14.818885
v -5.197597 -28.883072 14.818891
v -4.116765 -28.868401 14.819034
v -2.982959 -28.846007 14.819530
v -1.849462 -28.848861 14.821346
v -0.932893 -28.878113 14.818569
v 0.002070 -28.898884 14.821174
v 0.985595 -28.919662 14.821127
v 2.000402 -28.963870 14.821324
v 3.021564 -28.988903 14.821373
v 4.043235 -28.963529 14.821383
v 5.060139 -28.916473 14.821165
v 6.043554 -28.896186 14.821193
v 6.970918 -28.877798 14.818624
v 7.880095 -28.854318 14.821253
v 8.961860 -28.856148 14.819520
v 10.068772 -28.875482 14.819034
v 11.138848 -28.885277 14.818887
v 12.204234 -28.881893 14.818917
v 13.300343 -28.868957 14.819108
v 14.460764 -28.855702 14.819645
v 15.592189 -28.866052 14.821460
v 16.503113 -28.897445 14.818713
v 17.428293 -28.914444 14.820878
v 18.391161 -28.929238 14.820758
v 19.399426 -28.962269 14.821156
v 20.425695 -28.988367 14.821282
v 21.460417 -28.967098 14.821389
v 22.496395 -28.911067 14.821335
v 23.518809 -28.889304 14.821340
v 24.460506 -28.870230 14.818449
v 25.379054 -28.846041 14.821413
v 26.410468 -28.824088 14.820312
v 27.426091 -28.766551 14.819360
v 28.456352 -28.608937 14.805516
v 29.418868 -28.489285 14.799656
v -22.298913 -27.420738 14.805255
v -23.278169 -27.400953 14.798441
v -21.285281 -27.384126 14.819733
v -20.242036 -27.183414 14.822881
v -20.236584 -27.258271 14.183321
v -19.049853 -27.050579 14.187888
v -18.182608 -27.189819 14.175443
v -17.297824 -27.608880 14.183516
v -16.342930 -27.888312 14.833956
v -16.349858 -28.005227 14.180204
v -15.370286 -28.113936 14.834504
v -15.378120 -28.187510 14.179612
v -14.378834 -28.165540 14.834562
v -14.381442 -28.228427 14.179456
v -13.387962 -28.068576 14.834101
v -13.383893 -28.149232 14.179369
v -12.418251 -27.797638 14.833837
v -12.406667 -27.909556 14.180214
v -11.474157 -27.474262 14.183603
v -10.620374 -27.051129 14.175038
v -9.779576 -26.908281 14.187965
v -8.477383 -27.141574 14.821347
v -8.456028 -27.191075 14.184700
v -7.305673 -27.428600 14.817658
v -7.300055 -27.439930 14.181772
v -6.256384 -27.555333 14.817424
v -6.252887 -27.559354 14.181256
v -5.219050 -27.572564 14.817424
v -5.221389 -27.576256 14.181241
v -4.154850 -27.483150 14.817630
v -4.161540 -27.494451 14.181692
v -2.942271 -27.244806 14.821190
v -2.963914 -27.297506 14.184478
v -1.520638 -27.040537 14.187862
v -0.657689 -27.181695 14.174532
v 0.195855 -27.584580 14.183591
v 1.108362 -27.853968 14.833867
v 1.089369 -27.960080 14.180032
v 2.053176 -28.091610 14.833396
v 2.039016 -28.165930 14.179275
v 3.025958 -28.172942 14.834223
v 3.022193 -28.234304 14.179472
v 4.004343 -28.097429 14.833702
v 4.009079 -28.176409 14.179369
v 4.970166 -27.876918 14.833833
v 4.976765 -27.980290 14.179939
v 5.932378 -27.568572 14.183646
v 6.822060 -27.140748 14.174991
v 7.676892 -26.996765 14.187774
v 8.957348 -27.205679 14.821314
v 8.979549 -27.255469 14.184506
v 10.113438 -27.471401 14.817626
v 10.117835 -27.482482 14.181714
v 11.157570 -27.584364 14.817412
v 11.160585 -27.587678 14.181220
v 12.200587 -27.593021 14.817425
v 12.196995 -27.594490 14.181227
v 13.297691 -27.498631 14.817569
v 13.284365 -27.503464 14.181641
v 14.569270 -27.244853 14.821299
v 14.539516 -27.282886 14.184570
v 15.974798 -26.985394 14.188217
v 16.788153 -27.110775 14.175112
v 17.583418 -27.489243 14.183260
v 18.513037 -27.796612 14.832676
v 18.447507 -27.882638 14.179856
v 19.443904 -28.070025 14.833093
v 19.406074 -28.137509 14.179022
v 20.419586 -28.169602 14.833941
v 20.405530 -28.230332 14.179300
v 21.415146 -28.121383 14.834061
v 21.411767 -28.195017 14.179470
v 22.406392 -27.914991 14.833738
v 22.399681 -28.024730 14.179907
v 23.389382 -27.625437 14.183562
v 24.341026 -27.168383 14.174572
v 25.205502 -27.026672 14.187673
v 26.383718 -27.162345 14.822817
v 26.379712 -27.232727 14.183350
v 27.424104 -27.364468 14.819768
v 28.434270 -27.402718 14.805408
v 29.417972 -27.384065 14.798587
v -22.318059 -26.372587 14.803575
v -23.281366 -26.351642 14.795089
v -21.325294 -26.369399 14.819187
v -20.335224 -26.279481 14.818473
v -20.313103 -26.325449 14.181421
v -19.187741 -26.174188 14.176871
v -18.134236 -26.148187 14.151246
v -17.084127 -26.859737 14.194452
v -16.205456 -27.259339 14.937883
v -16.218863 -27.262959 14.191607
v -15.307898 -27.483278 14.959647
v -15.314844 -27.480495 14.193507
v -14.393169 -27.539885 14.966605
v -14.384774 -27.534184 14.193982
v -13.478580 -27.436160 14.959555
v -13.452534 -27.432080 14.193110
v -12.584489 -27.167222 14.940224
v -12.540012 -27.170828 14.191590
v -11.681093 -26.714842 14.194894
v -10.668694 -25.971696 14.151012
v -9.646552 -26.030001 14.176241
v -8.366160 -26.238666 14.817341
v -8.355290 -26.268764 14.183628
v -7.238756 -26.407259 14.817816
v -7.240389 -26.412378 14.183581
v -6.232742 -26.485164 14.817571
v -6.232146 -26.485323 14.183457
v -5.238326 -26.507023 14.817576
v -5.239350 -26.507042 14.183464
v -4.213347 -26.473723 14.817808
v -4.212960 -26.481103 14.183579
v -3.038660 -26.352214 14.817569
v -3.048950 -26.386440 14.183671
v -1.648234 -26.188488 14.176442
v -0.565647 -26.161390 14.150084
v 0.405282 -26.821640 14.196159
v 1.258865 -27.220474 14.937829
v 1.233480 -27.206762 14.191021
v 2.127299 -27.455567 14.954593
v 2.113859 -27.446526 14.192247
v 3.019496 -27.542394 14.961560
v 3.026046 -27.547430 14.193702
v 3.921206 -27.466432 14.956207
v 3.946215 -27.464273 14.192566
v 4.813523 -27.236804 14.938972
v 4.851058 -27.235077 14.191386
v 5.732555 -26.817938 14.196309
v 6.811719 -26.040321 14.151106
v 7.832241 -26.111767 14.176543
v 9.084125 -26.301027 14.817369
v 9.095879 -26.326667 14.183528
v 10.195796 -26.453675 14.817750
v 10.193132 -26.456996 14.183544
v 11.196529 -26.520575 14.817554
v 11.196591 -26.520018 14.183452
v 12.197459 -26.533625 14.817597
v 12.195628 -26.530631 14.183485
v 13.255962 -26.492853 14.817789
v 13.249067 -26.491194 14.183571
v 14.487087 -26.352726 14.817684
v 14.467746 -26.371949 14.183662
v 15.867293 -26.119026 14.176626
v 16.859643 -26.035638 14.151497
v 17.739946 -26.678260 14.194311
v 18.631797 -27.159511 14.933098
v 18.556781 -27.123567 14.190153
v 19.497441 -27.430542 14.953455
v 19.456823 -27.414816 14.192200
v 20.403869 -27.540660 14.962708
v 20.393789 -27.542942 14.193552
v 21.325939 -27.496531 14.959298
v 21.339040 -27.490225 14.193361
v 22.238923 -27.282410 14.942057
v 22.262208 -27.282140 14.191653
v 23.181249 -26.885353 14.196679
v 24.331068 -26.102638 14.151523
v 25.354219 -26.137823 14.176805
v 26.482171 -26.249204 14.818291
v 26.460753 -26.285655 14.181388
v 27.464980 -26.337356 14.819182
v 28.454513 -26.345104 14.803653
v 29.421161 -26.329944 14.795138
v -22.333624 -25.377162 14.802812
v -23.282550 -25.334363 14.794522
v -21.374918 -25.409064 14.818976
v -20.471146 -25.379791 14.822448
v -20.425241 -25.400185 14.182270
v -19.577651 -25.302074 14.185739
v -18.893913 -25.143617 14.197418
v -9.979348 -24.973842 14.197410
v -9.243477 -25.166623 14.185814
v -8.214049 -25.337341 14.820950
v -8.217596 -25.353109 14.184463
v -7.176049 -25.454359 14.817584
v -7.180391 -25.463390 14.183572
v -6.208610 -25.508320 14.817499
v -6.209463 -25.512505 14.183460
v -5.247136 -25.532856 14.817501
v -5.246634 -25.536831 14.183458
v -4.261832 -25.527667 14.817529
v -4.257770 -25.537721 14.183523
v -3.181202 -25.460260 14.820690
v -3.174219 -25.482735 14.184287
v -2.065335 -25.342690 14.185848
v -1.319113 -25.177020 14.197328
v 7.564265 -24.991453 14.194861
v 8.282030 -25.211928 14.185481
v 9.259011 -25.397106 14.820846
v 9.256350 -25.402428 14.184398
v 10.277464 -25.502035 14.817564
v 10.272576 -25.506843 14.183566
v 11.238087 -25.547323 14.817495
v 11.236634 -25.550135 14.183460
v 12.204450 -25.563303 14.817533
v 12.204563 -25.563948 14.183490
v 13.216375 -25.547070 14.817600
v 13.214986 -25.547893 14.183609
v 14.345080 -25.455360 14.821002
v 14.338251 -25.460081 14.184397
v 15.447597 -25.260169 14.186246
v 16.170981 -25.027098 14.198803
v 25.069626 -25.077724 14.196858
v 25.742396 -25.246608 14.185830
v 26.618010 -25.342597 14.822518
v 26.576563 -25.352452 14.182351
v 27.515404 -25.372963 14.818986
v 28.472026 -25.348195 14.802788
v 29.422316 -25.314662 14.794451
v -22.352004 -24.356339 14.802689
v -23.282865 -24.313729 14.794995
v -21.438231 -24.389788 14.819117
v -20.675410 -24.382707 14.820923
v -20.593322 -24.394128 14.181482
v -19.987635 -24.317787 14.831813
v -19.933272 -24.334205 14.183229
v -19.345815 -24.233804 14.193097
v -19.385014 -24.185446 14.950129
v -9.578458 -24.091805 14.192059
v -8.885107 -24.221637 14.182845
v -9.556535 -24.059932 14.940545
v -8.030888 -24.336551 14.819767
v -8.937501 -24.191465 14.832205
v -8.027507 -24.350725 14.183208
v -7.106228 -24.425142 14.817545
v -7.108781 -24.432684 14.183382
v -6.182313 -24.472521 14.817480
v -6.183395 -24.476401 14.183406
v -5.253834 -24.495252 14.817473
v -5.252565 -24.499259 14.183398
v -4.318262 -24.491028 14.817503
v -4.314845 -24.499145 14.183338
v -3.373058 -24.439619 14.819619
v -3.372864 -24.455534 14.183098
v -2.446453 -24.325029 14.831843
v -2.491875 -24.353022 14.182675
v -1.793605 -24.233687 14.191092
v -1.822674 -24.193689 14.939683
v 7.977627 -24.121862 14.191917
v 8.652233 -24.265991 14.183026
v 7.982269 -24.112199 14.942162
v 9.473977 -24.397368 14.819735
v 8.600532 -24.259860 14.832372
v 9.478058 -24.399315 14.183207
v 10.375939 -24.481012 14.817538
v 10.373196 -24.483551 14.183385
v 11.289930 -24.522270 14.817479
v 11.288347 -24.523918 14.183403
v 12.220329 -24.538101 14.817494
v 12.220686 -24.538412 14.183423
v 13.169723 -24.525225 14.817623
v 13.171529 -24.526381 14.183463
v 14.162514 -24.453431 14.819989
v 14.148216 -24.458289 14.183263
v 15.112860 -24.305480 14.833227
v 15.043077 -24.314795 14.182863
v 15.748335 -24.154302 14.192579
v 15.731847 -24.143327 14.945921
v 25.522760 -24.162381 14.194057
v 26.094548 -24.275907 14.183584
v 25.544617 -24.132979 14.952283
v 26.821141 -24.342959 14.821091
v 26.140369 -24.276727 14.832775
v 26.742760 -24.344565 14.181541
v 27.578562 -24.354768 14.819104
v 28.491074 -24.330389 14.802612
v 29.422745 -24.299739 14.794857
v -22.367491 -23.315535 14.802615
v -23.283423 -23.285380 14.795397
v -21.487800 -23.337408 14.819154
v -20.820715 -23.335435 14.820819
v -20.715296 -23.344327 14.181584
v -20.245281 -23.309289 14.831745
v -20.156236 -23.321933 14.182776
v -19.614600 -23.285253 14.194940
v -19.644239 -23.264794 14.968519
v -9.340243 -23.164973 14.192938
v -8.674433 -23.223467 14.182128
v -9.331659 -23.148332 14.957379
v -7.888724 -23.275481 14.819462
v -8.704875 -23.205853 14.831982
v -7.887645 -23.284348 14.182908
v -7.037803 -23.325107 14.817484
v -7.039113 -23.329799 14.183295
v -6.160904 -23.355562 14.817474
v -6.161506 -23.357722 14.183399
v -5.273047 -23.370880 14.817469
v -5.272261 -23.373316 14.183395
v -4.390904 -23.369600 14.817470
v -4.388903 -23.375039 14.183277
v -3.532745 -23.346410 14.819506
v -3.532054 -23.355550 14.182874
v -2.711088 -23.301450 14.832559
v -2.738769 -23.316323 14.182150
v -2.071132 -23.273681 14.193441
v -2.083116 -23.257980 14.961142
v 8.215302 -23.214651 14.193873
v 8.870481 -23.289560 14.182246
v 8.222883 -23.219265 14.963573
v 9.638047 -23.358046 14.819477
v 8.849413 -23.292106 14.832726
v 9.636084 -23.357329 14.182847
v 10.467707 -23.402926 14.817445
v 10.465318 -23.402785 14.183254
v 11.333183 -23.426726 14.817466
v 11.331936 -23.426434 14.183391
v 12.220739 -23.434929 14.817500
v 12.220327 -23.434181 14.183427
v 13.115728 -23.426187 14.817555
v 13.114771 -23.425966 14.183363
v 14.001190 -23.386598 14.819713
v 13.994133 -23.389215 14.183021
v 14.850293 -23.315288 14.833101
v 14.806415 -23.318943 14.182313
v 15.482609 -23.239445 14.193696
v 15.484539 -23.234979 14.959636
v 25.777923 -23.215962 14.196163
v 26.308071 -23.267798 14.182962
v 25.793364 -23.209035 14.977107
v 26.963596 -23.299650 14.820997
v 26.393408 -23.271976 14.833176
v 26.859830 -23.299166 14.181563
v 27.627700 -23.306185 14.819133
v 28.506729 -23.295129 14.802517
v 29.423317 -23.280019 14.795239
v -22.373130 -22.266806 14.802676
v -23.283655 -22.253479 14.795678
v -21.504631 -22.275772 14.819140
v -20.868768 -22.280733 14.820860
v -20.756053 -22.287864 14.181628
v -20.331361 -22.287128 14.832244
v -20.230875 -22.298822 14.182815
v -19.710141 -22.320555 14.195716
v -19.730755 -22.323203 14.972662
v -9.270715 -22.213532 14.193671
v -8.618975 -22.201545 14.182063
v -9.267308 -22.220360 14.963145
v -7.853612 -22.192797 14.819426
v -8.646005 -22.198710 14.832242
v -7.854152 -22.193789 14.182818
v -7.024014 -22.189222 14.817443
v -7.025562 -22.190094 14.183260
v -6.160911 -22.190965 14.817474
v -6.161547 -22.191410 14.183401
v -5.284406 -22.199539 14.817475
v -5.284016 -22.200351 14.183402
v -4.416947 -22.215444 14.817448
v -4.415528 -22.217430 14.183261
v -3.582046 -22.238572 14.819553
v -3.580881 -22.240983 14.182805
v -2.786345 -22.266005 14.833268
v -2.809673 -22.269847 14.182097
v -2.150000 -22.303010 14.194220
v -2.159482 -22.305868 14.969909
v 8.292393 -22.285558 14.194335
v 8.938782 -22.298407 14.182034
v 8.295148 -22.311776 14.969556
v 9.692200 -22.309907 14.819380
v 8.925307 -22.315184 14.832661
v 9.686555 -22.301470 14.182691
v 10.499389 -22.299485 14.817381
v 10.495975 -22.294316 14.183193
v 11.347502 -22.289404 14.817457
v 11.346051 -22.287174 14.183384
v 12.219339 -22.285878 14.817498
v 12.218796 -22.284258 14.183425
v 13.094845 -22.289633 14.817511
v 13.094151 -22.286866 14.183325
v 13.950316 -22.296366 14.819610
v 13.945981 -22.292508 14.182922
v 14.773516 -22.300868 14.832878
v 14.737060 -22.293843 14.182114
v 15.413491 -22.291249 14.193289
v 15.409902 -22.304934 14.964467
v 25.856232 -22.246613 14.197240
v 26.372089 -22.244881 14.182921
v 25.864822 -22.263585 14.985297
v 27.007807 -22.249977 14.821059
v 26.467193 -22.251703 14.833643
v 26.896081 -22.245856 14.181586
v 27.644135 -22.250621 14.819122
v 28.512516 -22.253678 14.802563
v 29.423596 -22.257573 14.795501
v -22.366262 -21.216430 14.802902
v -23.283257 -21.221600 14.795864
v -21.483081 -21.210391 14.819156
v -20.810455 -21.222076 14.820735
v -20.707923 -21.225063 14.181632
v -20.230890 -21.263319 14.831197
v -20.151503 -21.267926 14.182845
v -19.629452 -21.344935 14.194836
v -19.643069 -21.379901 14.962914
v -9.378934 -21.259925 14.192848
v -8.724419 -21.178152 14.182145
v -9.372343 -21.292101 14.955958
v -7.940131 -21.114564 14.819357
v -8.750472 -21.190047 14.831635
v -7.942748 -21.106711 14.182856
v -7.082648 -21.062708 14.817447
v -7.085109 -21.059277 14.183257
v -6.188281 -21.039722 14.817465
v -6.189268 -21.038522 14.183388
v -5.276948 -21.043914 14.817476
v -5.276624 -21.043368 14.183401
v -4.372643 -21.077450 14.817474
v -4.371338 -21.076105 14.183280
v -3.505311 -21.144692 14.819557
v -3.504676 -21.140412 14.182881
v -2.685797 -21.239290 14.832830
v -2.714836 -21.233188 14.182227
v -2.053115 -21.337531 14.193749
v -2.067334 -21.359285 14.963983
v 8.207684 -21.352196 14.194222
v 8.857886 -21.306978 14.182292
v 8.216726 -21.404180 14.962461
v 9.626154 -21.267599 14.819374
v 8.851130 -21.340858 14.832476
v 9.617822 -21.250139 14.182774
v 10.452262 -21.204520 14.817398
v 10.447671 -21.194490 14.183208
v 11.323232 -21.160482 14.817446
v 11.321370 -21.156019 14.183369
v 12.222291 -21.143343 14.817483
v 12.222169 -21.140707 14.183408
v 13.132185 -21.157806 14.817521
v 13.132727 -21.152427 14.183335
v 14.019872 -21.209103 14.819577
v 14.017222 -21.198799 14.183008
v 14.860832 -21.285743 14.832416
v 14.824131 -21.268735 14.182312
v 15.498694 -21.340717 14.192875
v 15.494963 -21.374382 14.956089
v 25.750569 -21.279108 14.196384
v 26.286860 -21.224723 14.183055
v 25.764309 -21.320830 14.977950
v 26.951734 -21.202559 14.820997
v 26.376460 -21.234212 14.833383
v 26.847615 -21.195482 14.181593
v 27.623414 -21.196870 14.819133
v 28.505843 -21.213556 14.802777
v 29.423195 -21.236270 14.795666
v -22.351561 -20.176884 14.803197
v -23.282837 -20.195477 14.795834
v -21.429674 -20.159153 14.819083
v -20.656598 -20.180599 14.820699
v -20.577979 -20.177315 14.181504
v -19.963432 -20.265975 14.830800
v -19.917284 -20.259731 14.183204
v -19.343651 -20.395371 14.193073
v -19.384418 -20.460935 14.941894
v -9.661354 -20.324293 14.191913
v -8.985195 -20.189018 14.182943
v -9.644190 -20.388473 14.937059
v -8.129020 -20.091063 14.819571
v -9.018327 -20.215833 14.832140
v -8.133918 -20.075060 14.183086
v -7.188844 -20.021633 14.817476
v -7.192589 -20.014760 14.183326
v -6.232740 -19.993972 14.817470
v -6.234121 -19.991461 14.183389
v -5.259442 -19.996051 14.817479
v -5.258856 -19.994448 14.183402
v -4.278077 -20.028916 14.817506
v -4.276114 -20.025406 14.183338
v -3.324096 -20.108363 14.819818
v -3.324154 -20.099918 14.183143
v -2.421387 -20.249366 14.833466
v -2.466088 -20.236835 14.183129
v -1.792999 -20.397270 14.193081
v -1.807276 -20.442330 14.945040
v 7.949553 -20.434712 14.192562
v 8.623841 -20.333930 14.183116
v 7.966067 -20.509011 14.941593
v 9.446890 -20.252607 14.819605
v 8.599735 -20.377346 14.831784
v 9.441128 -20.231748 14.183125
v 10.343105 -20.166715 14.817481
v 10.337334 -20.154270 14.183313
v 11.268173 -20.110314 14.817457
v 11.265822 -20.104104 14.183375
v 12.217935 -20.085526 14.817480
v 12.218094 -20.082355 14.183399
v 13.208741 -20.097796 14.817546
v 13.211897 -20.090917 14.183403
v 14.202769 -20.163325 14.819662
v 14.199945 -20.148207 14.183229
v 15.124433 -20.296201 14.831953
v 15.074475 -20.270809 14.182990
v 15.759897 -20.410299 14.191205
v 15.750590 -20.464572 14.934196
v 25.467620 -20.337497 14.194398
v 26.050589 -20.224460 14.183743
v 25.489808 -20.402108 14.952826
v 26.795117 -20.166529 14.821028
v 26.099732 -20.236759 14.832482
v 26.717197 -20.158703 14.181631
v 27.570340 -20.155661 14.819121
v 28.491264 -20.185091 14.803096
v 29.422707 -20.220698 14.795674
v -22.339428 -19.168001 14.803496
v -23.282933 -19.183544 14.795642
v -21.363689 -19.162085 14.819055
v -20.449167 -19.219338 14.821820
v -20.403543 -19.204506 14.182143
v -19.561137 -19.325129 14.185373
v -18.891880 -19.513594 14.197922
v -10.119084 -19.459594 14.196410
v -9.378269 -19.289332 14.185385
v -8.359350 -19.175766 14.820534
v -8.368772 -19.156834 14.184105
v -7.291360 -19.092649 14.817496
v -7.295440 -19.084845 14.183473
v -6.269202 -19.059162 14.817487
v -6.269388 -19.056763 14.183419
v -5.244018 -19.061069 14.817492
v -5.243821 -19.059569 14.183418
v -4.196181 -19.097890 14.817515
v -4.194257 -19.093729 14.183472
v -3.102507 -19.187683 14.820718
v -3.097552 -19.176979 14.184191
v -2.075759 -19.329646 14.185637
v -1.351509 -19.529167 14.197161
v 7.517339 -19.573400 14.195970
v 8.264192 -19.422405 14.185391
v 9.219027 -19.324103 14.820740
v 9.214663 -19.304865 14.184205
v 10.221747 -19.228677 14.817581
v 10.213787 -19.215761 14.183522
v 11.202636 -19.167633 14.817469
v 11.200729 -19.161617 14.183398
v 12.211053 -19.144037 14.817501
v 12.211697 -19.141381 14.183427
v 13.275056 -19.161016 14.817528
v 13.276946 -19.153608 14.183512
v 14.412584 -19.231706 14.820335
v 14.417554 -19.212739 14.184125
v 15.487248 -19.334830 14.185396
v 16.214534 -19.511688 14.195517
v 24.989488 -19.435336 14.196681
v 25.681216 -19.273304 14.185624
v 26.582085 -19.191365 14.822207
v 26.540956 -19.180431 14.182354
v 27.505735 -19.159775 14.819146
v 28.479346 -19.182832 14.803429
v 29.422789 -19.216718 14.795563
v -22.334454 -18.186814 14.803979
v -23.282892 -18.182451 14.795704
v -21.316696 -18.213310 14.819414
v -20.275014 -18.331650 14.818106
v -20.259314 -18.294826 14.181462
v -19.153426 -18.444965 14.176514
v -18.128726 -18.461540 14.151549
v -10.865395 -18.466445 14.151050
v -9.805473 -18.452183 14.176721
v -8.554842 -18.327362 14.817509
v -8.548307 -18.293190 14.183537
v -7.383806 -18.194995 14.817720
v -7.385790 -18.187436 14.183534
v -6.302330 -18.144893 14.817544
v -6.301496 -18.143068 14.183447
v -5.227671 -18.146965 14.817563
v -5.228177 -18.146007 14.183450
v -4.121631 -18.199184 14.817757
v -4.121623 -18.195322 14.183552
v -2.916442 -18.333455 14.817611
v -2.926217 -18.307526 14.183634
v -1.649845 -18.482907 14.176738
v -0.624440 -18.516671 14.150822
v 6.788676 -18.553091 14.151268
v 7.846686 -18.562306 14.176684
v 9.016104 -18.457947 14.817219
v 9.025162 -18.424103 14.183604
v 10.110004 -18.316071 14.817829
v 10.103604 -18.303934 14.183610
v 11.146061 -18.242025 14.817555
v 11.145390 -18.237472 14.183434
v 12.210894 -18.221651 14.817557
v 12.210959 -18.219925 14.183458
v 13.339095 -18.254602 14.817733
v 13.338196 -18.248283 14.183559
v 14.591733 -18.369333 14.817570
v 14.582010 -18.337403 14.183582
v 15.921344 -18.485105 14.176836
v 16.985614 -18.489717 14.149884
v 24.226050 -18.426154 14.152050
v 25.272876 -18.409501 14.177178
v 26.420666 -18.308478 14.818455
v 26.407434 -18.275945 14.181704
v 27.463907 -18.213359 14.819490
v 28.475069 -18.205584 14.803950
v 29.422794 -18.220426 14.795698
v -22.324480 -17.205883 14.804798
v -23.281569 -17.179468 14.796567
v -21.279096 -17.267766 14.819731
v -20.147881 -17.459071 14.822214
v -20.144092 -17.401650 14.184559
v -18.993912 -17.582956 14.188009
v -18.143480 -17.454441 14.176966
v -17.137852 -17.806028 14.200162
v -17.290522 -17.062812 14.186597
v -16.279870 -17.404841 14.195683
v -16.271693 -17.377712 14.966486
v -16.383673 -16.715445 14.183255
v -15.375396 -17.162226 14.195849
v -15.368837 -17.144812 14.979251
v -15.416586 -16.500593 14.182246
v -14.448214 -17.089030 14.195750
v -14.454231 -17.076034 14.981425
v -14.420363 -16.433349 14.182087
v -13.526545 -17.171749 14.195653
v -13.548804 -17.169979 14.972731
v -13.435649 -16.516632 14.182431
v -12.641928 -17.425790 14.194270
v -12.670251 -17.420041 14.953490
v -12.507960 -16.740190 14.183223
v -11.808800 -17.821299 14.197974
v -11.632396 -17.086067 14.185910
v -10.804352 -17.485784 14.176862
v -9.954486 -17.620604 14.187882
v -8.696980 -17.487620 14.820980
v -8.685404 -17.437213 14.185962
v -7.471468 -17.301345 14.817728
v -7.469945 -17.294224 14.183745
v -6.332715 -17.235007 14.817538
v -6.331522 -17.233401 14.183461
v -5.208481 -17.238223 14.817550
v -5.209305 -17.237282 14.183460
v -4.049048 -17.308314 14.817757
v -4.051745 -17.304209 14.183753
v -2.787315 -17.492421 14.821222
v -2.801029 -17.450581 14.186173
v -1.511437 -17.644096 14.188161
v -0.680773 -17.512102 14.176507
v 0.265479 -17.890965 14.195820
v 0.117849 -17.124704 14.185476
v 1.080695 -17.469101 14.193335
v 1.129089 -17.430044 14.943018
v 0.976179 -16.772645 14.183107
v 1.974626 -17.207209 14.194185
v 2.007506 -17.177520 14.964131
v 1.904601 -16.541086 14.182244
v 2.908850 -17.080584 14.195093
v 2.924368 -17.074218 14.972553
v 2.909425 -16.435953 14.182183
v 3.854108 -17.147291 14.194169
v 3.855143 -17.139311 14.968794
v 3.931471 -16.498023 14.182279
v 4.780297 -17.375058 14.193665
v 4.773256 -17.369514 14.951893
v 4.931367 -16.720080 14.183165
v 5.698854 -17.796495 14.197545
v 5.893662 -17.096626 14.185992
v 6.802121 -17.551362 14.176706
v 7.673449 -17.707373 14.187392
v 8.857159 -17.602660 14.820895
v 8.869717 -17.550535 14.186137
v 10.001758 -17.405042 14.817845
v 9.999079 -17.393770 14.183841
v 11.097430 -17.319807 14.817544
v 11.098033 -17.316523 14.183453
v 12.218545 -17.304319 14.817553
v 12.218093 -17.302960 14.183472
v 13.404452 -17.356210 14.817718
v 13.400433 -17.350650 14.183735
v 14.717493 -17.523428 14.820954
v 14.703612 -17.476193 14.185941
v 16.061359 -17.652504 14.188254
v 16.898668 -17.510446 14.176726
v 17.840964 -17.885018 14.196195
v 17.686283 -17.121645 14.185642
v 18.625632 -17.482098 14.193075
v 18.656406 -17.445904 14.947234
v 18.523500 -16.774552 14.182973
v 19.475863 -17.213343 14.194616
v 19.497165 -17.188451 14.965392
v 19.426191 -16.542556 14.182258
v 20.371577 -17.087094 14.194529
v 20.377802 -17.080560 14.972026
v 20.380464 -16.432145 14.182127
v 21.287270 -17.114116 14.194384
v 21.277753 -17.112836 14.966615
v 21.369869 -16.466091 14.182391
v 22.195473 -17.321274 14.193055
v 22.179176 -17.315207 14.948265
v 22.347985 -16.658207 14.183167
v 23.095062 -17.699294 14.197334
v 23.296789 -16.997327 14.185784
v 24.226095 -17.424057 14.176727
v 25.102290 -17.553356 14.187901
v 26.298269 -17.438044 14.822108
v 26.294597 -17.382783 14.184597
v 27.428128 -17.267899 14.819796
v 28.466888 -17.224712 14.804768
v 29.421698 -17.216788 14.796578
v -22.310487 -16.175275 14.805800
v -23.280835 -16.149699 14.797782
v -21.251436 -16.226855 14.819971
v -20.113295 -16.311284 14.819562
v -20.125918 -16.277349 14.182757
v -19.102840 -16.311778 14.821153
v -19.140374 -16.289655 14.186053
v -18.255675 -16.210096 14.817893
v -18.273242 -16.194979 14.183562
v -17.399260 -16.052359 14.821591
v -17.398640 -16.054152 14.184252
v -16.375914 -16.753341 14.835676
v -16.470538 -15.862254 14.820145
v -16.473267 -15.861446 14.183067
v -15.403970 -16.521939 14.834561
v -15.455942 -15.712225 14.819790
v -15.463386 -15.715115 14.182839
v -14.414005 -16.451700 14.834463
v -14.401462 -15.662447 14.819698
v -14.404335 -15.665555 14.182732
v -13.436257 -16.541326 14.834576
v -13.360170 -15.729874 14.819773
v -13.358113 -15.731033 14.182871
v -12.511661 -16.795889 14.834649
v -12.394850 -15.891145 14.820035
v -12.392359 -15.886678 14.183175
v -11.486633 -16.096158 14.821067
v -11.483372 -16.096678 14.184243
v -10.644133 -16.276146 14.817776
v -10.622790 -16.263163 14.183620
v -9.804302 -16.411551 14.821040
v -9.765546 -16.395253 14.186030
v -8.737944 -16.445999 14.818746
v -8.715670 -16.423015 14.184320
v -7.531565 -16.367903 14.817756
v -7.528027 -16.360112 14.183668
v -6.354608 -16.309631 14.817581
v -6.353821 -16.307409 14.183486
v -5.190275 -16.315001 14.817584
v -5.190704 -16.313246 14.183483
v -3.999109 -16.382354 14.817763
v -4.003412 -16.376558 14.183654
v -2.765087 -16.468250 14.818814
v -2.788850 -16.447208 14.184392
v -1.685254 -16.428064 14.821233
v -1.731474 -16.415656 14.186225
v -0.851714 -16.289618 14.817503
v -0.884312 -16.280763 14.183688
v -0.019982 -16.111539 14.820841
v -0.037748 -16.115824 14.184314
v 1.010891 -16.814821 14.833062
v 0.878621 -15.909409 14.819844
v 0.861135 -15.910653 14.183194
v 1.937456 -16.558683 14.832927
v 1.844957 -15.747461 14.819539
v 1.829078 -15.751858 14.182848
v 2.931801 -16.449797 14.833646
v 2.906131 -15.675881 14.819553
v 2.896464 -15.680588 14.182751
v 3.947598 -16.519350 14.833122
v 3.993628 -15.734675 14.819559
v 3.988191 -15.736757 14.182841
v 4.952104 -16.762920 14.833569
v 5.054136 -15.913163 14.819818
v 5.046545 -15.910276 14.183048
v 6.018371 -16.150647 14.821258
v 6.014853 -16.151268 14.184181
v 6.890076 -16.343456 14.817471
v 6.909443 -16.331233 14.183508
v 7.747898 -16.476822 14.820792
v 7.789079 -16.460262 14.186013
v 8.784733 -16.507804 14.818761
v 8.806152 -16.482937 14.184431
v 9.922441 -16.444081 14.817830
v 9.923471 -16.433046 14.183728
v 11.063490 -16.382825 14.817590
v 11.064471 -16.379564 14.183489
v 12.228846 -16.374526 14.817592
v 12.228647 -16.372461 14.183495
v 13.450697 -16.425257 14.817745
v 13.445215 -16.419277 14.183655
v 14.742924 -16.497485 14.818723
v 14.718721 -16.475464 14.184293
v 15.882404 -16.444200 14.821188
v 15.841518 -16.428069 14.186133
v 16.717361 -16.294624 14.817756
v 16.690645 -16.281624 14.183696
v 17.545223 -16.110875 14.820863
v 17.534273 -16.110833 14.184294
v 18.541863 -16.824492 14.833490
v 18.435464 -15.909655 14.819900
v 18.424596 -15.906474 14.183206
v 19.445304 -16.572364 14.832964
v 19.375087 -15.747773 14.819628
v 19.364535 -15.747781 14.182924
v 20.391910 -16.453000 14.833631
v 20.393604 -15.664676 14.819608
v 20.387699 -15.666176 14.182806
v 21.370953 -16.492569 14.833390
v 21.448419 -15.698861 14.819643
v 21.447885 -15.698847 14.182908
v 22.352812 -16.703903 14.833506
v 22.488201 -15.849019 14.819873
v 22.485343 -15.844321 14.183147
v 23.445086 -16.057777 14.821110
v 23.444092 -16.055519 14.184233
v 24.329893 -16.227775 14.817408
v 24.349974 -16.212144 14.183561
v 25.197067 -16.330477 14.821102
v 25.236558 -16.307702 14.186182
v 26.253896 -16.323856 14.819589
v 26.263971 -16.287606 14.182854
v 27.398494 -16.236670 14.820000
v 28.455370 -16.196254 14.805773
v 29.420982 -16.184228 14.797800
v -22.302140 -15.109652 14.806308
v -23.280586 -15.098226 14.798426
v -21.247785 -15.128732 14.819864
v -20.180232 -15.141530 14.818596
v -20.181814 -15.131966 14.182032
v -19.247449 -15.117321 14.817946
v -19.250304 -15.113951 14.183892
v -18.351938 -15.063982 14.817756
v -18.355930 -15.065746 14.183600
v -17.451655 -15.002089 14.817496
v -17.456041 -15.006352 14.183503
v -16.519798 -14.931004 14.817535
v -16.523909 -14.933642 14.183354
v -15.493400 -14.858232 14.817488
v -15.498740 -14.860404 14.183273
v -14.394914 -14.831360 14.817440
v -14.397700 -14.833089 14.183235
v -13.311495 -14.870012 14.817478
v -13.311558 -14.871163 14.183273
v -12.327485 -14.950182 14.817542
v -12.325836 -14.951599 14.183376
v -11.400511 -15.035428 14.817516
v -11.397728 -15.038396 14.183503
v -10.504092 -15.117129 14.817717
v -10.500373 -15.119214 14.183546
v -9.608930 -15.200268 14.817729
v -9.604015 -15.200187 14.183752
v -8.669595 -15.258096 14.817753
v -8.661812 -15.256051 14.183667
v -7.544938 -15.274230 14.817673
v -7.542251 -15.271806 14.183570
v -6.361708 -15.272387 14.817598
v -6.361273 -15.270956 14.183495
v -5.175264 -15.286144 14.817597
v -5.175472 -15.284658 14.183496
v -3.988272 -15.311564 14.817675
v -3.991249 -15.309408 14.183565
v -2.857204 -15.303528 14.817788
v -2.867010 -15.302667 14.183679
v -1.917145 -15.239449 14.817776
v -1.925014 -15.240839 14.183784
v -1.026196 -15.149079 14.817802
v -1.034305 -15.153188 14.183584
v -0.135293 -15.061587 14.817560
v -0.144439 -15.066936 14.183514
v 0.787040 -14.971391 14.817526
v 0.778205 -14.974943 14.183357
v 1.776538 -14.889470 14.817462
v 1.769265 -14.891989 14.183263
v 2.882687 -14.856261 14.817432
v 2.877341 -14.858367 14.183241
v 4.019521 -14.900367 14.817467
v 4.016357 -14.901797 14.183270
v 5.104459 -15.003480 14.817489
v 5.101815 -15.004775 14.183310
v 6.054876 -15.105266 14.817483
v 6.055771 -15.108479 14.183453
v 6.969015 -15.188879 14.817741
v 6.971901 -15.190645 14.183537
v 7.875312 -15.263735 14.817785
v 7.880208 -15.262735 14.183771
v 8.814086 -15.311137 14.817789
v 8.820920 -15.307535 14.183687
v 9.891563 -15.323485 14.817694
v 9.893892 -15.320606 14.183587
v 11.048043 -15.320139 14.817604
v 11.048744 -15.318613 14.183503
v 12.239479 -15.328070 14.817604
v 12.239377 -15.326454 14.183502
v 13.465447 -15.345515 14.817678
v 13.462312 -15.343546 14.183574
v 14.672434 -15.330744 14.817762
v 14.661109 -15.330824 14.183673
v 15.653254 -15.258697 14.817741
v 15.646807 -15.260689 14.183775
v 16.551477 -15.159102 14.817762
v 16.544611 -15.163305 14.183588
v 17.445928 -15.064666 14.817562
v 17.438614 -15.069705 14.183544
v 18.367626 -14.971341 14.817561
v 18.360883 -14.973850 14.183403
v 19.329266 -14.885257 14.817507
v 19.323881 -14.886673 14.183306
v 20.397094 -14.837693 14.817463
v 20.393680 -14.838821 14.183271
v 21.505670 -14.859370 14.817494
v 21.504505 -14.860085 14.183299
v 22.573638 -14.941058 14.817530
v 22.573165 -14.941868 14.183356
v 23.521327 -15.027985 14.817547
v 23.521956 -15.030564 14.183511
v 24.438776 -15.096117 14.817810
v 24.440719 -15.095667 14.183619
v 25.349719 -15.147847 14.817985
v 25.351729 -15.142241 14.183921
v 26.297966 -15.164710 14.818619
v 26.297888 -15.152445 14.182105
v 27.390905 -15.143705 14.819876
v 28.447568 -15.128154 14.806318
v 29.420803 -15.122926 14.798484
v -22.299822 -14.044416 14.806383
v -23.280669 -14.040805 14.798521
v -21.252919 -14.049022 14.819685
v -20.225669 -14.048723 14.818462
v -20.222732 -14.046006 14.181763
v -19.296685 -14.040007 14.817746
v -19.294914 -14.038223 14.183594
v -18.387468 -14.024787 14.817577
v -18.387962 -14.024667 14.183506
v -17.474140 -14.008181 14.817473
v -17.476575 -14.009478 14.183422
v -16.539073 -13.991044 14.817477
v -16.542067 -13.992218 14.183399
v -15.509628 -13.972569 14.817474
v -15.512175 -13.973231 14.183399
v -14.391544 -13.966185 14.817480
v -14.393052 -13.966592 14.183409
v -13.290258 -13.978520 14.817476
v -13.290820 -13.978867 14.183402
v -12.300892 -14.000369 14.817479
v -12.300065 -14.001053 14.183401
v -11.365479 -14.020968 14.817471
v -11.364333 -14.021889 14.183406
v -10.449073 -14.042760 14.817520
v -10.448122 -14.043326 14.183423
v -9.536228 -14.067049 14.817513
v -9.535175 -14.067120 14.183435
v -8.607000 -14.088619 14.817567
v -8.605243 -14.088400 14.183470
v -7.527695 -14.105218 14.817594
v -7.526357 -14.104857 14.183492
v -6.351912 -14.119307 14.817588
v -6.351595 -14.119072 14.183486
v -5.161763 -14.136553 14.817589
v -5.162000 -14.136298 14.183488
v -3.996951 -14.150593 14.817599
v -3.998386 -14.149980 14.183499
v -2.943931 -14.144874 14.817577
v -2.946846 -14.144129 14.183479
v -2.018742 -14.119607 14.817529
v -2.021280 -14.119058 14.183444
v -1.111478 -14.086906 14.817545
v -1.114211 -14.086858 14.183431
v -0.201122 -14.054379 14.817475
v -0.204472 -14.055042 14.183406
v 0.730130 -14.021692 14.817479
v 0.726475 -14.023123 14.183400
v 1.733805 -13.996301 14.817470
v 1.730533 -13.997116 14.183394
v 2.863744 -13.996106 14.817477
v 2.861054 -13.996631 14.183405
v 4.021093 -14.024562 14.817480
v 4.019246 -14.025005 14.183406
v 5.105091 -14.066536 14.817467
v 5.104762 -14.067521 14.183393
v 6.052687 -14.098205 14.817447
v 6.053361 -14.099805 14.183389
v 6.980205 -14.121910 14.817533
v 6.980877 -14.122924 14.183425
v 7.901465 -14.142226 14.817533
v 7.902212 -14.142300 14.183445
v 8.834232 -14.155866 14.817577
v 8.835919 -14.155655 14.183478
v 9.887754 -14.164746 14.817597
v 9.889351 -14.164460 14.183497
v 11.046832 -14.171536 14.817590
v 11.047198 -14.171255 14.183489
v 12.248305 -14.179075 14.817590
v 12.248070 -14.178779 14.183489
v 13.465677 -14.182856 14.817599
v 13.464424 -14.182232 14.183497
v 14.616947 -14.171156 14.817562
v 14.614138 -14.170598 14.183467
v 15.560971 -14.142294 14.817502
v 15.558784 -14.142259 14.183429
v 16.481394 -14.103929 14.817521
v 16.479056 -14.104341 14.183428
v 17.400973 -14.065944 14.817478
v 17.398179 -14.066739 14.183415
v 18.335895 -14.028788 14.817493
v 18.333110 -14.029744 14.183414
v 19.309806 -13.996845 14.817490
v 19.307725 -13.997495 14.183415
v 20.403160 -13.977828 14.817497
v 20.401538 -13.978227 14.183425
v 21.538082 -13.983304 14.817494
v 21.537092 -13.983576 14.183420
v 22.613460 -14.009183 14.817483
v 22.613740 -14.009906 14.183408
v 23.558319 -14.036052 14.817477
v 23.558912 -14.037164 14.183417
v 24.483075 -14.055893 14.817602
v 24.482651 -14.055437 14.183510
v 25.402865 -14.069296 14.817760
v 25.400587 -14.066618 14.183601
v 26.339246 -14.071716 14.818448
v 26.335473 -14.067394 14.181828
v 27.393557 -14.064438 14.819694
v 28.443816 -14.059114 14.806429
v 29.420798 -14.057859 14.798609
v -22.300126 -12.983484 14.806376
v -23.280689 -12.984971 14.798516
v -21.253148 -12.980535 14.819690
v -20.226717 -12.979878 14.818477
v -20.223693 -12.982757 14.181773
v -19.296646 -12.986830 14.817763
v -19.294883 -12.989025 14.183607
v -18.385673 -13.003115 14.817601
v -18.386262 -13.003387 14.183520
v -17.470574 -13.024072 14.817492
v -17.473034 -13.022665 14.183430
v -16.534395 -13.049748 14.817478
v -16.537294 -13.048442 14.183399
v -15.503005 -13.077616 14.817475
v -15.504847 -13.076847 14.183400
v -14.387564 -13.090116 14.817482
v -14.388226 -13.089671 14.183411
v -13.290893 -13.078055 14.817477
v -13.290562 -13.077570 14.183403
v -12.304830 -13.050727 14.817473
v -12.302926 -13.049831 14.183396
v -11.369271 -13.018832 14.817458
v -11.367012 -13.017890 14.183395
v -10.451944 -12.986691 14.817508
v -10.449936 -12.986097 14.183413
v -9.537126 -12.954814 14.817501
v -9.535281 -12.954769 14.183424
v -8.604815 -12.931616 14.817560
v -8.602488 -12.932138 14.183463
v -7.514999 -12.925084 14.817594
v -7.513770 -12.925719 14.183491
v -6.334095 -12.934749 14.817588
v -6.333770 -12.935063 14.183487
v -5.144377 -12.950189 14.817589
v -5.144626 -12.950496 14.183488
v -3.990797 -12.966484 14.817604
v -3.992413 -12.966795 14.183503
v -2.965425 -12.982536 14.817592
v -2.967755 -12.982961 14.183494
v -2.045110 -12.999326 14.817556
v -2.046916 -13.000102 14.183468
v -1.139707 -13.018017 14.817564
v -1.142079 -13.018401 14.183451
v -0.229382 -13.035914 14.817496
v -0.232706 -13.035486 14.183416
v 0.701862 -13.055864 14.817467
v 0.698083 -13.054830 14.183386
v 1.717255 -13.085490 14.817459
v 1.714720 -13.084524 14.183384
v 2.851905 -13.118071 14.817474
v 2.851200 -13.117557 14.183402
v 4.003778 -13.131208 14.817484
v 4.004403 -13.130893 14.183410
v 5.074861 -13.121809 14.817477
v 5.076734 -13.121156 14.183404
v 6.020152 -13.101707 14.817449
v 6.022266 -13.100807 14.183390
v 6.947101 -13.075795 14.817519
v 6.948617 -13.075292 14.183413
v 7.869167 -13.045772 14.817510
v 7.870449 -13.045931 14.183425
v 8.805223 -13.020440 14.817561
v 8.807405 -13.021015 14.183462
v 9.878315 -13.008652 14.817594
v 9.879767 -13.009170 14.183493
v 11.049125 -13.008750 14.817589
v 11.049468 -13.009000 14.183488
v 12.255910 -13.009054 14.817590
v 12.255641 -13.009322 14.183489
v 13.475151 -13.007733 14.817599
v 13.473784 -13.008130 14.183498
v 14.622548 -13.014374 14.817566
v 14.620346 -13.014615 14.183465
v 15.562623 -13.031481 14.817517
v 15.561443 -13.031529 14.183428
v 16.482059 -13.051572 14.817545
v 16.480806 -13.051284 14.183432
v 17.402506 -13.067839 14.817489
v 17.400600 -13.067212 14.183416
v 18.338639 -13.081494 14.817502
v 18.336483 -13.081071 14.183425
v 19.316125 -13.097825 14.817501
v 19.314344 -13.097748 14.183427
v 20.413348 -13.104911 14.817503
v 20.411937 -13.104884 14.183431
v 21.550648 -13.092920 14.817494
v 21.549854 -13.092759 14.183419
v 22.626043 -13.068075 14.817486
v 22.626444 -13.067444 14.183407
v 23.569328 -13.048893 14.817478
v 23.569938 -13.048099 14.183425
v 24.491932 -13.030397 14.817581
v 24.491412 -13.030493 14.183512
v 25.409356 -13.012002 14.817750
v 25.406942 -13.013114 14.183605
v 26.343627 -12.999349 14.818444
v 26.339891 -13.000468 14.181822
v 27.392369 -12.993272 14.819695
v 28.442204 -12.994331 14.806455
v 29.420728 -12.996872 14.798637
v -22.302741 -11.917662 14.806279
v -23.280616 -11.926228 14.798402
v -21.249228 -11.900645 14.819875
v -20.185052 -11.885778 14.818624
v -20.186156 -11.897481 14.182045
v -19.247162 -11.908070 14.817970
v -19.251251 -11.913634 14.183917
v -18.346147 -11.962428 14.817803
v -18.351890 -11.962402 14.183631
v -17.439222 -12.031105 14.817544
v -17.445523 -12.027686 14.183521
v -16.503417 -12.113339 14.817521
v -16.509211 -12.110592 14.183363
v -15.473538 -12.194395 14.817481
v -15.478187 -12.192426 14.183282
v -14.383530 -12.225462 14.817447
v -14.384902 -12.224076 14.183252
v -13.312785 -12.187311 14.817491
v -13.311480 -12.186248 14.183286
v -12.338143 -12.105180 14.817534
v -12.334425 -12.103048 14.183365
v -11.411987 -12.013577 14.817516
v -11.406892 -12.008529 14.183503
v -10.513964 -11.924162 14.817731
v -10.508218 -11.919480 14.183566
v -9.613457 -11.832199 14.817745
v -9.606977 -11.829677 14.183766
v -8.664372 -11.767418 14.817762
v -8.654020 -11.767256 14.183675
v -7.510885 -11.750416 14.817683
v -7.507720 -11.752344 14.183580
v -6.314214 -11.761825 14.817600
v -6.314000 -11.763348 14.183498
v -5.127662 -11.765596 14.817592
v -5.128132 -11.766921 14.183491
v -3.967863 -11.763069 14.817679
v -3.969959 -11.766036 14.183570
v -2.916039 -11.783069 14.817769
v -2.923382 -11.787677 14.183661
v -1.999623 -11.836611 14.817755
v -2.007170 -11.839319 14.183744
v -1.113629 -11.909851 14.817777
v -1.122646 -11.908653 14.183563
v -0.219686 -11.986301 14.817531
v -0.229968 -11.982355 14.183474
v 0.706236 -12.071107 14.817469
v 0.696735 -12.066341 14.183319
v 1.730792 -12.177796 14.817433
v 1.725399 -12.174859 14.183249
v 2.846929 -12.245882 14.817450
v 2.846047 -12.244444 14.183260
v 3.968764 -12.241920 14.817511
v 3.971359 -12.241400 14.183308
v 5.018512 -12.177843 14.817556
v 5.021710 -12.176662 14.183373
v 5.956990 -12.099213 14.817532
v 5.960611 -12.095155 14.183496
v 6.867940 -12.020185 14.817770
v 6.871828 -12.016013 14.183573
v 7.776812 -11.937593 14.817780
v 7.781404 -11.935316 14.183782
v 8.731771 -11.880271 14.817777
v 8.741503 -11.880780 14.183671
v 9.866473 -11.870246 14.817684
v 9.869372 -11.872536 14.183575
v 11.053551 -11.880040 14.817602
v 11.053904 -11.881614 14.183501
v 12.258641 -11.871477 14.817598
v 12.258299 -11.872929 14.183497
v 13.490337 -11.844261 14.817668
v 13.487664 -11.846715 14.183559
v 14.689676 -11.841016 14.817759
v 14.680840 -11.842851 14.183650
v 15.654904 -11.895049 14.817763
v 15.651091 -11.895077 14.183767
v 16.553123 -11.976165 14.817800
v 16.549054 -11.974264 14.183603
v 17.451379 -12.053242 14.817581
v 17.446637 -12.050697 14.183539
v 18.377850 -12.129774 14.817584
v 18.373138 -12.129062 14.183417
v 19.348594 -12.203789 14.817530
v 19.344161 -12.203636 14.183334
v 20.426711 -12.239628 14.817492
v 20.424114 -12.239339 14.183297
v 21.542414 -12.209199 14.817509
v 21.542088 -12.208764 14.183309
v 22.611260 -12.125480 14.817528
v 22.611656 -12.124283 14.183357
v 23.554866 -12.043993 14.817479
v 23.556400 -12.041537 14.183472
v 24.466434 -11.977189 14.817740
v 24.468689 -11.977137 14.183580
v 25.370527 -11.922733 14.817936
v 25.372434 -11.927290 14.183887
v 26.309310 -11.898260 14.818587
v 26.309406 -11.907962 14.182069
v 27.387620 -11.908268 14.819883
v 28.443492 -11.923605 14.806402
v 29.420610 -11.933121 14.798577
v -22.311319 -10.851119 14.805723
v -23.280807 -10.873383 14.797711
v -21.255881 -10.801444 14.819983
v -20.126911 -10.716628 14.819589
v -20.139582 -10.751000 14.182771
v -19.099970 -10.715061 14.821142
v -19.145626 -10.735754 14.186126
v -18.242492 -10.819299 14.817460
v -18.270390 -10.832247 14.183613
v -17.369177 -10.989051 14.820703
v -17.380733 -10.984298 14.184196
v -16.435145 -11.192854 14.819719
v -16.445103 -11.192205 14.183153
v -15.420471 -11.344630 14.819559
v -15.429606 -11.343097 14.182896
v -14.380538 -11.394180 14.819657
v -14.383454 -11.392542 14.182791
v -13.358105 -11.325499 14.819765
v -13.356179 -11.326422 14.182897
v -12.405656 -11.168717 14.820102
v -12.402725 -11.173298 14.183148
v -11.501920 -10.964959 14.821301
v -11.497860 -10.964559 14.184299
v -10.659009 -10.781715 14.817978
v -10.637983 -10.795933 14.183692
v -9.814349 -10.637437 14.821127
v -9.776991 -10.655155 14.186113
v -8.727807 -10.590266 14.818744
v -8.704046 -10.612926 14.184329
v -7.489832 -10.648491 14.817758
v -7.484134 -10.654980 14.183672
v -6.294309 -10.684478 14.817586
v -6.293974 -10.686184 14.183491
v -5.129638 -10.658585 14.817560
v -5.130082 -10.660770 14.183460
v -3.969897 -10.584011 14.817757
v -3.970067 -10.593743 14.183650
v -2.822824 -10.519193 14.818732
v -2.846428 -10.541215 14.184325
v -1.843788 -10.552457 14.820873
v -1.895571 -10.562890 14.185909
v -1.007240 -10.683840 14.817312
v -1.045240 -10.689262 14.183605
v -0.158908 -10.871325 14.819856
v -0.185171 -10.861176 14.184080
v 0.759822 -11.100249 14.819355
v 0.738675 -11.094101 14.183153
v 1.779489 -11.304657 14.819384
v 1.768698 -11.301187 14.182861
v 2.848440 -11.404705 14.819627
v 2.845912 -11.404309 14.182836
v 3.915821 -11.378961 14.819803
v 3.919771 -11.381438 14.182951
v 4.931696 -11.244556 14.820212
v 4.932774 -11.250886 14.183216
v 5.857025 -11.056928 14.821541
v 5.855843 -11.057263 14.184346
v 6.721252 -10.886259 14.817818
v 6.737126 -10.900141 14.183693
v 7.578848 -10.758356 14.821130
v 7.612386 -10.774978 14.186232
v 8.672922 -10.732929 14.818768
v 8.695799 -10.755019 14.184391
v 9.885337 -10.819324 14.817780
v 9.889810 -10.826609 14.183675
v 11.066828 -10.874692 14.817592
v 11.067373 -10.877035 14.183493
v 12.248758 -10.860752 14.817583
v 12.248190 -10.862880 14.183485
v 13.476154 -10.774155 14.817745
v 13.472404 -10.780845 14.183637
v 14.763400 -10.654262 14.818740
v 14.741093 -10.676254 14.184340
v 15.886866 -10.675148 14.821238
v 15.850625 -10.690192 14.186287
v 16.724912 -10.807161 14.817741
v 16.701628 -10.820317 14.183811
v 17.561350 -10.982021 14.820792
v 17.552785 -10.983547 14.184335
v 18.460943 -11.177965 14.819971
v 18.452577 -11.184262 14.183280
v 19.409698 -11.333453 14.819773
v 19.400768 -11.335789 14.182989
v 20.441957 -11.402800 14.819705
v 20.437570 -11.404135 14.182871
v 21.507494 -11.355886 14.819664
v 21.508043 -11.357125 14.182913
v 22.550901 -11.197422 14.819859
v 22.549646 -11.200514 14.183084
v 23.503630 -10.986133 14.821115
v 23.504360 -10.982158 14.184096
v 24.380956 -10.815077 14.817678
v 24.401070 -10.828727 14.183488
v 25.241108 -10.712341 14.821174
v 25.280119 -10.733925 14.186065
v 26.261403 -10.716684 14.819570
v 26.272583 -10.750709 14.182758
v 27.394086 -10.800595 14.820001
v 28.451395 -10.849542 14.805883
v 29.420790 -10.872760 14.797947
v -22.325559 -9.822852 14.804680
v -23.281569 -9.844832 14.796450
v -21.285686 -9.766180 14.819760
v -20.165360 -9.584167 14.822216
v -20.165736 -9.633494 14.184533
v -19.007803 -9.457672 14.188003
v -18.152245 -9.593518 14.176945
v -17.265923 -10.007267 14.185314
v -16.315260 -10.322646 14.832698
v -16.336365 -10.358054 14.183046
v -15.349614 -10.537579 14.832761
v -15.368609 -10.563207 14.182234
v -14.379447 -10.603713 14.834091
v -14.387304 -10.624682 14.182175
v -13.426186 -10.505853 14.834195
v -13.426377 -10.537701 14.182319
v -12.509346 -10.263544 14.835228
v -12.508455 -10.319202 14.183118
v -11.642991 -9.977703 14.186299
v -10.815461 -9.577919 14.177048
v -9.958872 -9.433034 14.187923
v -8.687549 -9.548899 14.820895
v -8.675678 -9.601742 14.185933
v -7.433864 -9.715266 14.817721
v -7.429868 -9.721156 14.183740
v -6.276328 -9.754998 14.817542
v -6.275590 -9.755738 14.183463
v -5.156040 -9.718918 14.817512
v -5.156036 -9.720023 14.183425
v -4.034158 -9.601692 14.817748
v -4.032526 -9.603503 14.183768
v -2.860889 -9.357057 14.821218
v -2.879078 -9.385615 14.186256
v -1.723599 -9.167863 14.187961
v -0.910639 -9.322946 14.176882
v -0.085384 -9.766352 14.184756
v 0.880160 -10.183157 14.830383
v 0.845523 -10.216958 14.182826
v 1.855287 -10.482468 14.832021
v 1.837035 -10.505320 14.182184
v 2.853655 -10.602653 14.833679
v 2.848448 -10.630823 14.182204
v 3.847716 -10.555765 14.834170
v 3.853148 -10.590306 14.182335
v 4.808328 -10.348821 14.835369
v 4.811373 -10.405754 14.183292
v 5.707793 -10.092206 14.186427
v 6.572768 -9.706749 14.176810
v 7.450650 -9.581504 14.187617
v 8.722382 -9.716002 14.820867
v 8.732368 -9.769989 14.185963
v 9.947743 -9.895488 14.817766
v 9.950516 -9.902258 14.183757
v 11.090532 -9.954493 14.817557
v 11.091620 -9.956087 14.183469
v 12.230217 -9.941134 14.817554
v 12.229204 -9.942615 14.183465
v 13.421914 -9.853571 14.817727
v 13.419055 -9.858917 14.183716
v 14.733308 -9.639919 14.820913
v 14.721632 -9.687195 14.185967
v 16.083667 -9.451119 14.188227
v 16.922967 -9.571844 14.176843
v 17.724749 -9.959008 14.185484
v 18.588888 -10.251908 14.833556
v 18.572900 -10.309591 14.183080
v 19.499627 -10.504060 14.833913
v 19.482699 -10.537064 14.182435
v 20.458177 -10.601148 14.833849
v 20.448676 -10.631829 14.182203
v 21.450829 -10.545593 14.833369
v 21.448577 -10.575042 14.182211
v 22.436802 -10.320031 14.833596
v 22.431767 -10.366686 14.182999
v 23.377677 -10.009160 14.185920
v 24.293881 -9.573967 14.176854
v 25.156980 -9.440509 14.188022
v 26.310166 -9.564481 14.822229
v 26.306937 -9.619482 14.184475
v 27.425674 -9.751077 14.819750
v 28.465639 -9.810041 14.804806
v 29.421565 -9.832361 14.796657
v -22.335830 -8.844513 14.803821
v -23.282973 -8.844218 14.795535
v -21.323799 -8.823504 14.819444
v -20.288210 -8.715954 14.818672
v -20.279218 -8.742779 14.181575
v -19.167732 -8.590894 14.176868
v -18.177431 -8.537021 14.151196
v -17.100329 -9.278157 14.194985
v -16.192265 -9.694811 14.940583
v -16.224411 -9.678182 14.192099
v -15.297978 -9.912056 14.964645
v -15.316824 -9.900447 14.193736
v -14.401110 -9.972512 14.974994
v -14.402722 -9.969670 14.195139
v -13.517527 -9.874048 14.972768
v -13.501385 -9.875187 14.194949
v -12.662251 -9.630642 14.959683
v -12.633286 -9.628828 14.194208
v -11.816358 -9.240498 14.199168
v -10.876998 -8.600837 14.150799
v -9.804421 -8.600065 14.176504
v -8.547762 -8.710058 14.817189
v -8.540714 -8.744526 14.183457
v -7.353447 -8.820524 14.817722
v -7.352905 -8.826218 14.183528
v -6.256954 -8.841029 14.817549
v -6.256602 -8.841848 14.183449
v -5.194137 -8.801693 14.817537
v -5.193650 -8.802592 14.183423
v -4.131401 -8.700860 14.817782
v -4.128972 -8.701062 14.183575
v -3.006236 -8.509691 14.817585
v -3.023068 -8.521684 14.183642
v -1.860200 -8.291917 14.176468
v -0.919330 -8.193456 14.150794
v 0.060937 -9.014887 14.193089
v 1.026281 -9.563696 14.925126
v 0.969926 -9.530109 14.189970
v 1.930127 -9.849950 14.955745
v 1.905449 -9.836721 14.192515
v 2.850660 -9.967988 14.970765
v 2.845287 -9.975923 14.194528
v 3.765625 -9.922603 14.972313
v 3.778941 -9.923532 14.194533
v 4.656792 -9.717998 14.961614
v 4.679596 -9.722628 14.194526
v 5.523509 -9.362897 14.200163
v 6.535416 -8.734849 14.151241
v 7.626156 -8.754712 14.176404
v 8.871222 -8.879803 14.817132
v 8.875042 -8.916877 14.183492
v 10.038156 -9.007919 14.817768
v 10.037025 -9.015197 14.183537
v 11.122621 -9.050288 14.817567
v 11.123509 -9.051956 14.183452
v 12.211010 -9.038043 14.817565
v 12.210051 -9.039467 14.183455
v 13.348841 -8.970346 14.817758
v 13.348593 -8.976100 14.183548
v 14.608554 -8.809489 14.817501
v 14.600921 -8.843794 14.183639
v 15.953781 -8.636984 14.176602
v 17.003838 -8.596501 14.150958
v 17.903709 -9.203020 14.195340
v 18.724977 -9.626598 14.945305
v 18.699806 -9.604629 14.192505
v 19.572137 -9.877519 14.965364
v 19.554103 -9.867288 14.194474
v 20.459040 -9.974620 14.972559
v 20.455899 -9.977451 14.194721
v 21.367328 -9.921156 14.968212
v 21.378099 -9.911966 14.193890
v 22.272295 -9.708658 14.952979
v 22.290647 -9.694094 14.193629
v 23.180077 -9.295885 14.198736
v 24.303368 -8.552651 14.151963
v 25.320273 -8.583643 14.176969
v 26.437514 -8.698067 14.818531
v 26.423575 -8.729326 14.181494
v 27.465624 -8.806226 14.819387
v 28.475813 -8.826963 14.803891
v 29.422973 -8.824957 14.795672
v -22.341964 -7.869293 14.803265
v -23.283288 -7.847725 14.795344
v -21.369129 -7.880773 14.819076
v -20.447691 -7.840353 14.822853
v -20.413683 -7.841788 14.182372
v -19.567317 -7.735721 14.186063
v -18.898251 -7.570132 14.198704
v -10.098924 -7.579726 14.194020
v -9.367572 -7.752393 14.184996
v -8.351418 -7.858863 14.820217
v -8.359370 -7.875511 14.184082
v -7.269813 -7.921008 14.817499
v -7.271872 -7.926085 14.183480
v -6.239864 -7.923544 14.817492
v -6.240357 -7.924750 14.183422
v -5.232405 -7.883762 14.817470
v -5.231808 -7.884587 14.183404
v -4.226686 -7.803565 14.817563
v -4.224690 -7.802592 14.183526
v -3.191357 -7.668204 14.821447
v -3.196777 -7.662200 14.184402
v -2.243456 -7.466052 14.186042
v -1.517485 -7.251247 14.198605
v 7.341767 -7.756181 14.195315
v 8.076114 -7.924986 14.185300
v 9.079245 -8.032691 14.820508
v 9.066995 -8.053848 14.184148
v 10.138551 -8.114063 14.817490
v 10.134720 -8.121457 14.183445
v 11.160363 -8.141178 14.817485
v 11.160175 -8.143355 14.183414
v 12.196397 -8.130757 14.817502
v 12.196000 -8.132499 14.183426
v 13.277356 -8.082562 14.817529
v 13.279204 -8.089068 14.183490
v 14.438663 -7.975067 14.820374
v 14.443529 -7.996321 14.184218
v 15.540308 -7.829566 14.185352
v 16.295912 -7.658646 14.195628
v 25.029497 -7.567074 14.197608
v 25.713269 -7.725708 14.185845
v 26.599227 -7.820496 14.822475
v 26.557919 -7.826774 14.182293
v 27.512883 -7.860607 14.819045
v 28.481396 -7.847004 14.803356
v 29.423146 -7.823602 14.795528
v -22.354449 -6.875230 14.802955
v -23.283305 -6.844598 14.795493
v -21.432084 -6.907406 14.819058
v -20.652500 -6.906419 14.821234
v -20.579738 -6.900723 14.181492
v -19.946344 -6.847146 14.834025
v -19.912306 -6.838183 14.183521
v -19.336540 -6.726761 14.195860
v -19.360855 -6.703319 14.961927
v -9.648294 -6.709983 14.190358
v -8.973455 -6.843567 14.182769
v -9.633510 -6.677911 14.924655
v -8.122616 -6.942248 14.819332
v -9.014498 -6.828875 14.830244
v -8.124656 -6.952686 14.183103
v -7.178944 -6.991144 14.817479
v -7.181607 -6.994666 14.183336
v -6.222950 -6.987408 14.817477
v -6.224051 -6.988304 14.183395
v -5.269771 -6.948252 14.817486
v -5.269878 -6.948492 14.183410
v -4.323384 -6.879692 14.817575
v -4.324112 -6.878448 14.183393
v -3.390466 -6.775891 14.820281
v -3.401472 -6.770783 14.183224
v -2.490883 -6.632011 14.835802
v -2.557553 -6.624025 14.183145
v -1.872649 -6.469415 14.194647
v -1.872833 -6.477918 14.962632
v 7.855449 -6.859791 14.191319
v 8.505048 -7.002280 14.182896
v 7.881222 -6.808482 14.928350
v 9.334487 -7.114357 14.819367
v 8.475393 -6.976218 14.830708
v 9.327282 -7.129128 14.183034
v 10.257550 -7.186444 14.817439
v 10.253336 -7.192085 14.183279
v 11.207527 -7.209923 14.817468
v 11.205981 -7.212130 14.183388
v 12.187445 -7.201881 14.817481
v 12.187622 -7.203777 14.183401
v 13.201942 -7.162303 14.817512
v 13.204972 -7.168217 14.183365
v 14.237474 -7.073048 14.819643
v 14.236100 -7.091919 14.183174
v 15.185568 -6.924299 14.831804
v 15.137733 -6.959525 14.182825
v 15.842275 -6.812245 14.191552
v 15.806552 -6.765733 14.933941
v 25.475188 -6.691709 14.193839
v 26.061587 -6.802630 14.183448
v 25.509521 -6.657105 14.948092
v 26.803845 -6.865455 14.820952
v 26.110168 -6.803027 14.832219
v 26.725837 -6.865447 14.181524
v 27.575235 -6.870550 14.819071
v 28.494267 -6.842147 14.803072
v 29.423097 -6.812820 14.795699
v -22.368534 -5.847833 14.802725
v -23.283601 -5.826223 14.795632
v -21.484971 -5.871411 14.819130
v -20.809505 -5.882285 14.821031
v -20.707520 -5.874367 14.181539
v -20.225781 -5.868738 14.833463
v -20.142823 -5.853063 14.182819
v -19.603802 -5.799047 14.196528
v -19.624106 -5.795096 14.980917
v -9.374951 -5.796765 14.192486
v -8.723212 -5.881251 14.182222
v -9.368925 -5.792750 14.947115
v -7.942443 -5.953944 14.819227
v -8.750290 -5.883874 14.830823
v -7.944171 -5.953805 14.182872
v -7.086354 -5.993595 14.817437
v -7.088407 -5.991957 14.183257
v -6.196311 -5.996788 14.817469
v -6.197410 -5.995356 14.183394
v -5.296214 -5.971889 14.817488
v -5.296963 -5.970137 14.183413
v -4.404007 -5.921768 14.817533
v -4.405355 -5.918984 14.183320
v -3.538062 -5.841187 14.819954
v -3.544127 -5.837814 14.182951
v -2.709998 -5.739684 14.835009
v -2.751819 -5.735679 14.182301
v -2.083980 -5.639567 14.195565
v -2.086313 -5.646001 14.979756
v 8.166611 -5.889766 14.192340
v 8.800337 -5.983417 14.182175
v 8.179310 -5.878811 14.949686
v 9.557153 -6.067285 14.819175
v 8.788029 -5.974481 14.830921
v 9.550375 -6.072530 14.182789
v 10.386530 -6.134004 14.817406
v 10.383193 -6.135700 14.183225
v 11.269693 -6.168124 14.817460
v 11.268430 -6.168905 14.183384
v 12.187871 -6.173757 14.817476
v 12.187996 -6.174476 14.183400
v 13.120756 -6.146992 14.817485
v 13.121495 -6.148898 14.183297
v 14.035497 -6.076416 14.819479
v 14.033522 -6.083978 14.182923
v 14.897022 -5.971823 14.832055
v 14.858112 -5.986936 14.182145
v 15.534063 -5.888695 14.192965
v 15.526011 -5.870953 14.954548
v 25.756475 -5.756675 14.195266
v 26.290482 -5.805492 14.182868
v 25.774212 -5.745165 14.968910
v 26.953030 -5.828698 14.820879
v 26.370744 -5.810345 14.832054
v 26.850991 -5.826941 14.181640
v 27.625611 -5.824328 14.819150
v 28.507941 -5.806011 14.802836
v 29.423460 -5.787370 14.795790
v -22.375115 -4.804664 14.802595
v -23.283921 -4.798279 14.795584
v -21.506821 -4.816509 14.819152
v -20.870441 -4.835296 14.821109
v -20.758506 -4.825784 14.181608
v -20.328313 -4.855651 14.833700
v -20.230993 -4.839287 14.182822
v -19.704782 -4.844908 14.197258
v -19.721972 -4.861989 14.987813
v -9.274998 -4.857141 14.192777
v -8.620490 -4.884877 14.182075
v -9.273427 -4.883518 14.955817
v -7.855078 -4.914064 14.819288
v -8.643215 -4.905102 14.831486
v -7.856743 -4.904144 14.182811
v -7.029096 -4.916945 14.817426
v -7.031120 -4.910614 14.183251
v -6.171724 -4.911051 14.817478
v -6.172850 -4.907881 14.183405
v -5.302621 -4.899292 14.817488
v -5.303247 -4.896266 14.183416
v -4.440273 -4.881355 14.817486
v -4.440992 -4.875485 14.183280
v -3.602302 -4.853389 14.819876
v -3.605266 -4.846397 14.182816
v -2.798078 -4.813977 14.835308
v -2.826840 -4.803990 14.182092
v -2.161647 -4.769719 14.195854
v -2.161809 -4.787626 14.986402
v 8.299537 -4.914530 14.193301
v 8.929254 -4.938194 14.182186
v 8.296438 -4.928172 14.958202
v 9.665537 -4.969847 14.819269
v 8.914331 -4.942889 14.831619
v 9.660411 -4.966663 14.182776
v 10.462925 -4.993989 14.817407
v 10.460021 -4.992034 14.183232
v 11.309199 -5.011270 14.817466
v 11.308117 -5.010451 14.183392
v 12.185748 -5.019482 14.817481
v 12.185730 -5.018461 14.183407
v 13.070567 -5.015455 14.817479
v 13.070591 -5.013180 14.183294
v 13.937737 -4.996342 14.819527
v 13.934126 -4.993992 14.182867
v 14.771622 -4.967425 14.832607
v 14.735973 -4.964314 14.181966
v 15.417365 -4.935249 14.193112
v 15.409038 -4.944221 14.963550
v 25.855953 -4.793751 14.196222
v 26.372585 -4.783215 14.182897
v 25.869306 -4.807503 14.976693
v 27.006132 -4.775161 14.821004
v 26.462618 -4.791314 14.832734
v 26.897206 -4.770624 14.181699
v 27.644120 -4.762829 14.819168
v 28.513331 -4.756909 14.802716
v 29.423719 -4.754217 14.795721
v -22.369515 -3.757517 14.802637
v -23.283629 -3.766090 14.795446
v -21.491595 -3.757887 14.819195
v -20.830314 -3.784329 14.821148
v -20.726230 -3.775756 14.181668
v -20.262522 -3.836413 14.833594
v -20.174193 -3.825440 14.182995
v -19.633113 -3.892828 14.196404
v -19.653053 -3.926390 14.981405
v -9.334724 -3.912080 14.192153
v -8.666318 -3.878604 14.182162
v -9.333345 -3.970358 14.950211
v -7.876881 -3.861164 14.819303
v -8.694005 -3.917390 14.831010
v -7.878213 -3.841040 14.182913
v -7.029694 -3.823111 14.817463
v -7.032408 -3.812268 14.183282
v -6.161901 -3.802658 14.817472
v -6.163273 -3.797826 14.183397
v -5.285950 -3.799354 14.817481
v -5.286025 -3.794749 14.183405
v -4.415465 -3.811704 14.817531
v -4.415301 -3.802913 14.183322
v -3.560735 -3.835508 14.819888
v -3.565110 -3.823718 14.182942
v -2.730332 -3.868888 14.834740
v -2.768315 -3.850843 14.182225
v -2.094760 -3.883235 14.195288
v -2.093096 -3.915251 14.981306
v 8.239891 -3.937366 14.192658
v 8.884650 -3.887576 14.182339
v 8.240755 -3.974475 14.952224
v 9.640001 -3.861466 14.819298
v 8.867685 -3.904036 14.831379
v 9.636043 -3.850910 14.182879
v 10.455406 -3.837879 14.817442
v 10.452626 -3.832233 14.183264
v 11.310486 -3.832527 14.817467
v 11.309419 -3.830078 14.183391
v 12.190933 -3.841474 14.817480
v 12.191130 -3.838314 14.183405
v 13.080251 -3.863025 14.817522
v 13.080373 -3.856138 14.183332
v 13.962173 -3.898995 14.819597
v 13.956009 -3.887236 14.183002
v 14.821020 -3.951810 14.832397
v 14.774242 -3.930440 14.182130
v 15.456302 -3.975373 14.192808
v 15.460702 -4.011239 14.958896
v 25.775697 -3.831309 14.195108
v 26.304991 -3.760150 14.183021
v 25.786529 -3.866050 14.970006
v 26.956318 -3.718723 14.821011
v 26.378600 -3.767923 14.832233
v 26.857416 -3.712820 14.181750
v 27.624575 -3.698516 14.819227
v 28.505919 -3.704928 14.802795
v 29.423267 -3.718396 14.795606
v -22.353276 -2.713074 14.802842
v -23.282944 -2.733084 14.795230
v -21.442335 -2.703588 14.819211
v -20.691264 -2.740501 14.821356
v -20.615378 -2.735801 14.181742
v -20.014624 -2.836486 14.833492
v -19.975967 -2.831933 14.183756
v -19.405390 -2.967243 14.195274
v -19.420189 -3.009883 14.960635
v -9.567659 -2.983835 14.190482
v -8.862291 -2.886434 14.182773
v -9.550464 -3.072791 14.931191
v -7.993018 -2.820344 14.819517
v -8.900112 -2.945059 14.830820
v -7.995700 -2.790235 14.183216
v -7.074248 -2.752114 14.817509
v -7.078818 -2.737262 14.183359
v -6.164579 -2.724832 14.817470
v -6.166239 -2.718499 14.183395
v -5.255167 -2.726801 14.817482
v -5.254239 -2.720778 14.183407
v -4.345907 -2.755400 14.817597
v -4.344060 -2.745360 14.183418
v -3.427054 -2.817695 14.820122
v -3.434139 -2.803919 14.183277
v -2.513330 -2.925853 14.834235
v -2.572106 -2.901365 14.182976
v -1.869076 -3.007447 14.193369
v -1.869662 -3.046502 14.960857
v 7.986452 -2.982857 14.190658
v 8.668695 -2.854704 14.182947
v 8.005498 -3.042844 14.931559
v 9.491854 -2.766359 14.819489
v 8.634629 -2.878736 14.830837
v 9.490305 -2.751600 14.183185
v 10.380834 -2.709974 14.817510
v 10.377208 -2.701829 14.183357
v 11.282590 -2.695637 14.817473
v 11.281058 -2.691599 14.183398
v 12.199178 -2.707585 14.817483
v 12.199818 -2.702515 14.183407
v 13.131958 -2.744427 14.817574
v 13.133888 -2.733424 14.183414
v 14.087934 -2.821006 14.819807
v 14.081398 -2.799359 14.183321
v 15.043520 -2.954398 14.832094
v 14.977018 -2.912286 14.182731
v 15.687154 -3.030626 14.190623
v 15.682288 -3.094654 14.940989
v 25.527661 -2.896002 14.194374
v 26.092116 -2.753439 14.183796
v 25.543935 -2.944212 14.948958
v 26.809563 -2.663522 14.821148
v 26.132022 -2.753894 14.832592
v 26.737337 -2.660872 14.181740
v 27.570676 -2.636414 14.819234
v 28.488375 -2.656052 14.803031
v 29.422484 -2.683707 14.795401
v -22.332479 -1.681146 14.803104
v -23.282305 -1.703113 14.794941
v -21.376432 -1.672087 14.819077
v -20.491893 -1.731846 14.822724
v -20.453447 -1.727481 14.182497
v -19.646697 -1.881348 14.186123
v -19.006384 -2.098851 14.199039
v -9.970753 -2.119545 14.194649
v -9.202524 -1.961751 14.185023
v -8.147465 -1.838248 14.820350
v -8.156097 -1.805568 14.184343
v -7.119145 -1.737447 14.817589
v -7.125170 -1.721059 14.183552
v -6.169654 -1.702630 14.817488
v -6.170852 -1.696273 14.183441
v -5.224211 -1.704775 14.817483
v -5.222511 -1.698767 14.183446
v -4.276733 -1.741324 14.817611
v -4.271932 -1.731448 14.183590
v -3.257827 -1.831253 14.821229
v -3.259664 -1.823927 14.184483
v -2.237835 -1.986803 14.186034
v -1.484974 -2.173865 14.198040
v 7.567972 -2.071735 14.195233
v 8.300913 -1.874969 14.185347
v 9.284476 -1.727928 14.820554
v 9.278184 -1.710992 14.184415
v 10.296202 -1.650905 14.817591
v 10.291798 -1.641932 14.183564
v 11.247896 -1.635906 14.817491
v 11.246128 -1.631687 14.183447
v 12.198937 -1.652259 14.817494
v 12.198695 -1.647022 14.183447
v 13.172882 -1.700646 14.817592
v 13.177340 -1.687404 14.183567
v 14.242824 -1.812830 14.820582
v 14.246078 -1.788087 14.184430
v 15.332701 -1.967521 14.185513
v 16.082563 -2.146939 14.196169
v 25.082615 -2.004310 14.197621
v 25.729441 -1.784646 14.185789
v 26.591039 -1.641776 14.822265
v 26.559322 -1.637343 14.182423
v 27.499510 -1.598809 14.819143
v 28.469667 -1.622955 14.803307
v 29.422046 -1.654658 14.795098
v -22.314173 -0.673438 14.803984
v -23.281132 -0.677974 14.795623
v -21.319275 -0.695358 14.819238
v -20.343637 -0.812377 14.818222
v -20.322641 -0.782621 14.181427
v -19.250249 -0.969177 14.176443
v -18.291340 -1.055574 14.152036
v -10.649090 -1.109666 14.151388
v -9.584681 -1.100445 14.176335
v -8.285169 -0.932810 14.817265
v -8.278893 -0.891464 14.183675
v -7.168158 -0.776306 14.817844
v -7.172251 -0.765089 14.183612
v -6.176118 -0.711228 14.817557
v -6.176602 -0.708896 14.183450
v -5.198023 -0.711878 14.817545
v -5.197355 -0.709723 14.183445
v -4.212765 -0.776454 14.817825
v -4.208153 -0.770343 14.183627
v -3.107706 -0.920917 14.817707
v -3.123490 -0.904602 14.183753
v -1.844404 -1.115567 14.176754
v -0.838783 -1.185512 14.151372
v 6.822869 -1.024953 14.150317
v 7.861339 -0.974538 14.176216
v 9.119056 -0.814149 14.817078
v 9.129421 -0.782587 14.183602
v 10.227359 -0.680618 14.817830
v 10.225404 -0.674645 14.183592
v 11.220814 -0.637550 14.817570
v 11.220526 -0.636933 14.183458
v 12.205744 -0.655358 14.817556
v 12.204682 -0.654117 14.183451
v 13.218967 -0.734458 14.817812
v 13.221280 -0.726379 14.183598
v 14.375103 -0.906078 14.817636
v 14.364688 -0.871772 14.183770
v 15.716022 -1.109731 14.176756
v 16.762055 -1.150851 14.150664
v 24.300590 -0.931167 14.151937
v 25.292282 -0.855793 14.176321
v 26.435764 -0.719570 14.817909
v 26.426240 -0.686514 14.181346
v 27.448632 -0.618800 14.819305
v 28.454880 -0.613361 14.804093
v 29.421287 -0.628876 14.795678
v -22.294585 0.384724 14.805684
v -23.277972 0.377284 14.798992
v -21.278132 0.333401 14.819851
v -20.242772 0.108808 14.822983
v -20.240224 0.172319 14.183592
v -19.110167 -0.060361 14.187704
v -18.273664 0.074594 14.175255
v -17.237463 -0.276159 14.196401
v -17.404500 0.483270 14.183764
v -16.277701 0.184068 14.191209
v -16.235010 0.197722 14.940127
v -16.391484 0.922751 14.180041
v -15.319787 0.422592 14.193437
v -15.297464 0.427402 14.962165
v -15.371249 1.128700 14.179581
v -14.356357 0.486275 14.194553
v -14.348979 0.483003 14.970483
v -14.343606 1.177061 14.179687
v -13.402965 0.380235 14.194424
v -13.409462 0.371081 14.964290
v -13.324090 1.089168 14.179680
v -12.492455 0.073896 14.192687
v -12.500772 0.084528 14.945982
v -12.338545 0.817463 14.180423
v -11.620258 -0.391343 14.196085
v -11.400873 0.357948 14.184122
v -10.560689 -0.081541 14.175426
v -9.714583 -0.231126 14.187982
v -8.397569 -0.020782 14.821323
v -8.381086 0.040304 14.184794
v -7.235814 0.274627 14.817731
v -7.233115 0.290919 14.181936
v -6.195493 0.400901 14.817457
v -6.194301 0.406429 14.181407
v -5.167411 0.403582 14.817449
v -5.169487 0.409261 14.181392
v -4.134471 0.284834 14.817764
v -4.135759 0.299719 14.181939
v -2.985383 0.004704 14.821140
v -3.008659 0.054843 14.184761
v -1.698502 -0.213063 14.187171
v -0.856431 -0.059829 14.174620
v 0.202961 -0.367276 14.194493
v 0.007681 0.384118 14.183456
v 1.129453 0.119804 14.190186
v 1.167250 0.136871 14.925594
v 0.996155 0.861653 14.179989
v 2.059212 0.390525 14.192549
v 2.080477 0.396829 14.948528
v 1.993474 1.104953 14.179489
v 3.010831 0.482595 14.193837
v 3.014473 0.484878 14.961123
v 3.007203 1.178184 14.179627
v 3.961585 0.409439 14.193683
v 3.947121 0.406292 14.958941
v 4.019195 1.120526 14.179642
v 4.883750 0.162409 14.191890
v 4.860206 0.159456 14.941916
v 5.008832 0.906448 14.180216
v 5.798872 -0.289280 14.195450
v 5.986498 0.470107 14.183715
v 6.850068 0.052631 14.174975
v 7.705552 -0.090467 14.187881
v 8.993149 0.101556 14.821417
v 9.014325 0.158429 14.184768
v 10.148284 0.361332 14.817710
v 10.153094 0.374185 14.181843
v 11.188815 0.459344 14.817450
v 11.190710 0.463709 14.181331
v 12.220746 0.441588 14.817435
v 12.217607 0.446506 14.181339
v 13.276598 0.306008 14.817670
v 13.272100 0.319336 14.181851
v 14.473932 0.003129 14.821418
v 14.453542 0.053287 14.184794
v 15.828874 -0.239382 14.188248
v 16.654936 -0.095390 14.174886
v 17.666938 -0.427945 14.196750
v 17.465328 0.337343 14.184171
v 18.503812 0.025510 14.191882
v 18.533362 0.059478 14.937300
v 18.361140 0.776899 14.180264
v 19.417407 0.341081 14.193146
v 19.434209 0.353256 14.954610
v 19.344700 1.066898 14.179286
v 20.366532 0.476220 14.194198
v 20.364678 0.480154 14.965298
v 20.358059 1.172389 14.179505
v 21.324140 0.440277 14.194076
v 21.304301 0.439619 14.962684
v 21.377508 1.145842 14.179676
v 22.255254 0.220421 14.191705
v 22.230008 0.230137 14.943687
v 22.377936 0.973225 14.179954
v 23.223439 -0.192463 14.195660
v 23.392062 0.571768 14.183529
v 24.283108 0.176100 14.175221
v 25.140398 0.042005 14.187584
v 26.331927 0.198491 14.822598
v 26.336420 0.261773 14.183280
v 27.410676 0.406713 14.819710
v 28.438426 0.440827 14.805600
v 29.418516 0.423957 14.798717
v -22.318786 1.581272 14.805680
v -23.278740 1.476394 14.799878
v -21.293387 1.726193 14.819441
v -20.301056 1.781417 14.820454
v -19.312810 1.804022 14.821536
v -18.402602 1.828206 14.818682
v -17.471653 1.842518 14.821243
v -16.365263 0.820354 14.833675
v -16.450761 1.859226 14.821241
v -15.346173 1.058221 14.834613
v -15.392351 1.909310 14.821520
v -14.319278 1.120430 14.835682
v -14.331134 1.929378 14.821578
v -13.300799 1.006503 14.835240
v -13.274813 1.893959 14.821549
v -12.309664 0.706139 14.834692
v -12.239434 1.851649 14.820902
v -11.270585 1.833672 14.820895
v -10.350531 1.816464 14.818563
v -9.444883 1.793811 14.821003
v -8.375855 1.796825 14.819361
v -7.277239 1.820438 14.818988
v -6.207645 1.834030 14.818893
v -5.146113 1.834348 14.818886
v -4.081430 1.820857 14.818991
v -2.988540 1.797120 14.819350
v -1.914958 1.794495 14.820719
v -1.006871 1.816630 14.818230
v -0.080440 1.834255 14.820791
v 1.011285 0.764736 14.831945
v 0.913827 1.854627 14.820839
v 2.005930 1.031295 14.832937
v 1.955029 1.902048 14.821289
v 3.014694 1.126385 14.834310
v 3.002385 1.933074 14.821374
v 4.022400 1.048036 14.834151
v 4.047508 1.908671 14.821416
v 5.012848 0.802151 14.833811
v 5.082098 1.859790 14.821114
v 6.072269 1.840752 14.821079
v 6.994491 1.824475 14.818533
v 7.901940 1.801117 14.821240
v 8.984305 1.801720 14.819533
v 10.090753 1.821270 14.819043
v 11.159619 1.832615 14.818894
v 12.220165 1.831606 14.818888
v 13.292419 1.817852 14.818993
v 14.399087 1.795888 14.819389
v 15.478454 1.796529 14.821020
v 16.384271 1.821324 14.818442
v 17.305941 1.839238 14.820868
v 18.374298 0.679425 14.833493
v 18.273403 1.856014 14.820741
v 19.349692 0.992115 14.833544
v 19.304647 1.892910 14.821310
v 20.354581 1.116500 14.834383
v 20.350916 1.931020 14.821382
v 21.370809 1.083086 14.834588
v 21.402023 1.918528 14.821434
v 22.373458 0.877556 14.833589
v 22.447439 1.863831 14.821293
v 23.467654 1.845506 14.821333
v 24.400648 1.830744 14.818631
v 25.315846 1.805241 14.821546
v 26.368886 1.784227 14.820437
v 27.417828 1.732619 14.819558
v 28.459050 1.594403 14.805736
v 29.419249 1.495264 14.799626
v -22.352703 2.456516 14.801012
v -23.284269 2.394529 14.796943
v -21.372244 2.550749 14.808301
v -20.376568 2.604716 14.808930
v -19.394228 2.634444 14.808413
v -18.433206 2.653068 14.807694
v -17.460443 2.658192 14.807257
v -16.442878 2.660400 14.807152
v -15.396288 2.670235 14.806825
v -14.340657 2.674982 14.806597
v -13.289851 2.667660 14.806698
v -12.261547 2.658916 14.806722
v -11.275181 2.653693 14.806643
v -10.314535 2.643815 14.806995
v -9.359455 2.624855 14.807559
v -8.333187 2.615869 14.807990
v -7.265024 2.623882 14.808140
v -6.201104 2.631155 14.808068
v -5.143629 2.631413 14.808051
v -4.083588 2.624376 14.808117
v -3.021342 2.616018 14.808008
v -1.996111 2.624691 14.807619
v -1.040598 2.642694 14.807106
v -0.078206 2.652057 14.806785
v 0.920661 2.658124 14.806815
v 1.952392 2.669334 14.806640
v 2.996355 2.677406 14.806430
v 4.038455 2.672682 14.806548
v 5.065966 2.662744 14.806709
v 6.062942 2.657764 14.806684
v 7.025294 2.649173 14.807036
v 7.982365 2.629809 14.807640
v 9.018389 2.618410 14.808102
v 10.091504 2.623963 14.808205
v 11.153551 2.630230 14.808102
v 12.209784 2.629458 14.808114
v 13.274258 2.621814 14.808212
v 14.346516 2.614501 14.808066
v 15.377326 2.625121 14.807580
v 16.332690 2.645970 14.806998
v 17.295714 2.657003 14.806621
v 18.285536 2.662450 14.806655
v 19.311926 2.670407 14.806584
v 20.355294 2.678298 14.806403
v 21.403302 2.674943 14.806543
v 22.442208 2.663907 14.806873
v 23.457255 2.660284 14.806971
v 24.434186 2.653850 14.807389
v 25.401141 2.632886 14.808232
v 26.431903 2.603964 14.808962
v 27.478580 2.555891 14.808465
v 28.486070 2.468217 14.801149
v 29.423586 2.411385 14.796995
v -22.373432 3.273321 14.797941
v -23.284904 3.256634 14.795127
v -21.426475 3.313998 14.800687
v -20.423986 3.347285 14.801411
v -19.419200 3.366295 14.800880
v -18.427373 3.375612 14.800417
v -17.433615 3.375522 14.800078
v -16.418138 3.372627 14.799935
v -15.384462 3.372910 14.799765
v -14.342939 3.373933 14.799621
v -13.305116 3.373568 14.799542
v -12.283904 3.374136 14.799426
v -11.286185 3.374979 14.799338
v -10.301841 3.371085 14.799558
v -9.319881 3.360180 14.800079
v -8.299503 3.351755 14.800740
v -7.247832 3.351416 14.801064
v -6.192298 3.353947 14.801090
v -5.140754 3.354028 14.801072
v -4.088962 3.351745 14.801034
v -3.042635 3.351944 14.800746
v -2.025638 3.359844 14.800136
v -1.044578 3.369998 14.799646
v -0.060482 3.373002 14.799445
v 0.940925 3.372266 14.799501
v 1.962244 3.373380 14.799496
v 2.993697 3.375139 14.799433
v 4.023926 3.374918 14.799417
v 5.042623 3.374675 14.799401
v 6.043812 3.375710 14.799358
v 7.029515 3.372901 14.799598
v 8.014506 3.362099 14.800174
v 9.042104 3.352505 14.800852
v 10.096525 3.351489 14.801120
v 11.149856 3.353526 14.801113
v 12.200000 3.353041 14.801127
v 13.255248 3.350297 14.801133
v 14.309770 3.350956 14.800825
v 15.333756 3.360415 14.800132
v 16.317322 3.372256 14.799577
v 17.304990 3.376672 14.799326
v 18.306184 3.376180 14.799358
v 19.326101 3.375621 14.799394
v 20.358712 3.376243 14.799392
v 21.394786 3.375548 14.799470
v 22.423737 3.374647 14.799612
v 23.437935 3.376191 14.799726
v 24.435118 3.374826 14.800064
v 25.433362 3.363515 14.800673
v 26.468820 3.344976 14.801416
v 27.516282 3.316612 14.800867
v 28.494544 3.280977 14.798140
v 29.423489 3.267778 14.795299
v -22.398420 4.052508 14.795833
v -23.287319 4.052104 14.794160
v -21.460619 4.056887 14.797295
v -20.449001 4.059713 14.797587
v -19.425241 4.061418 14.797179
v -18.415841 4.062208 14.796799
v -17.408613 4.061608 14.796678
v -16.392348 4.060701 14.796825
v -15.367969 4.060318 14.796902
v -14.339474 4.060344 14.796818
v -13.313729 4.060630 14.796554
v -12.297235 4.061321 14.796106
v -11.291617 4.062080 14.795747
v -10.292580 4.062088 14.795757
v -9.293812 4.060639 14.796429
v -8.272334 4.059071 14.797432
v -7.231094 4.058558 14.797956
v -6.183477 4.058880 14.797992
v -5.137009 4.058874 14.797975
v -4.093866 4.058593 14.797915
v -3.057348 4.059120 14.797423
v -2.040210 4.060568 14.796483
v -1.043200 4.061933 14.795857
v -0.046148 4.061685 14.795909
v 0.958321 4.060909 14.796254
v 1.972087 4.060507 14.796542
v 2.991219 4.060487 14.796604
v 4.009762 4.060652 14.796466
v 5.022075 4.061137 14.796166
v 6.026758 4.061897 14.795847
v 7.026945 4.062120 14.795832
v 8.029881 4.060710 14.796572
v 9.058084 4.059042 14.797585
v 10.101948 4.058578 14.798018
v 11.146531 4.058835 14.798004
v 12.190732 4.058785 14.798017
v 13.237416 4.058439 14.798025
v 14.281085 4.058948 14.797533
v 15.306043 4.060674 14.796492
v 16.308175 4.062214 14.795783
v 17.311394 4.062219 14.795763
v 18.320405 4.061514 14.796042
v 19.336677 4.060865 14.796368
v 20.358762 4.060635 14.796543
v 21.382857 4.060649 14.796568
v 22.403785 4.060988 14.796457
v 23.419310 4.061696 14.796297
v 24.428821 4.062076 14.796425
v 25.443128 4.060861 14.797062
v 26.484216 4.059081 14.797683
v 27.536479 4.056997 14.797514
v 28.503435 4.053266 14.796077
v 29.423878 4.053223 14.794232
v -18.127299 -26.060309 16.092922
v -16.349748 -27.872915 15.891695
v -16.146894 -27.293208 15.880448
v -15.368330 -28.111221 15.892655
v -15.295523 -27.490464 15.891683
v -14.358885 -28.178791 15.897254
v -14.387367 -27.539940 15.900848
v -13.347957 -28.072484 15.894837
v -13.481209 -27.439970 15.894921
v -12.379311 -27.794525 15.896399
v -12.636474 -27.198820 15.887536
v -10.716967 -25.953370 16.088154
v -0.553855 -26.104194 16.096813
v 1.125325 -27.842677 15.887695
v 1.330098 -27.258405 15.877750
v 2.051858 -28.084077 15.883584
v 2.139962 -27.466510 15.883836
v 3.030329 -28.174719 15.887909
v 3.018011 -27.541855 15.891541
v 4.023037 -28.102952 15.886935
v 3.905732 -27.469103 15.886888
v 4.991213 -27.865664 15.890207
v 4.745203 -27.265193 15.880900
v 6.712873 -26.032877 16.089867
v 16.944507 -26.030219 16.100456
v 18.529179 -27.786655 15.905913
v 18.716124 -27.208843 15.887797
v 19.435100 -28.052330 15.896376
v 19.519193 -27.436180 15.889079
v 20.407612 -28.170095 15.897028
v 20.405602 -27.539700 15.896554
v 21.423702 -28.130347 15.893185
v 21.314749 -27.504618 15.891692
v 22.439718 -27.907416 15.891288
v 22.184724 -27.310908 15.882908
v 24.234511 -26.074613 16.089714
v -19.991155 -24.331488 15.898536
v -19.430246 -24.117064 15.894019
v -9.519759 -23.980002 15.876466
v -8.940681 -24.176792 15.881702
v -2.427118 -24.343586 15.892888
v -1.858301 -24.132491 15.882156
v 8.013114 -24.064745 15.888615
v 8.592723 -24.281785 15.899755
v 15.113339 -24.302537 15.878595
v 15.697484 -24.078802 15.877702
v 25.569762 -24.078237 15.899564
v 26.145293 -24.304833 15.905916
v -20.265945 -23.323286 15.885409
v -19.657074 -23.252225 15.895320
v -9.317480 -23.129571 15.884386
v -8.702336 -23.203320 15.879960
v -2.705969 -23.318678 15.894812
v -2.084996 -23.248138 15.894371
v 8.229298 -23.219456 15.897425
v 8.853199 -23.306391 15.897174
v 14.851233 -23.315062 15.881591
v 15.478276 -23.222353 15.886993
v 25.800073 -23.203305 15.912322
v 26.416381 -23.288884 15.904809
v -20.357782 -22.292863 15.878777
v -19.735605 -22.330798 15.895642
v -9.262935 -22.217854 15.891154
v -8.626838 -22.187479 15.883021
v -2.799744 -22.266747 15.900379
v -2.161931 -22.305242 15.905387
v 8.300658 -22.322280 15.903211
v 8.941515 -22.311959 15.896917
v 14.763784 -22.288254 15.886009
v 15.405519 -22.304064 15.893681
v 25.868780 -22.267025 15.920959
v 26.502132 -22.246106 15.907602
v -20.266687 -21.267124 15.867706
v -19.652909 -21.413074 15.883451
v -9.361279 -21.308859 15.884311
v -8.732296 -21.170867 15.878976
v -2.698730 -21.221591 15.897755
v -2.073218 -21.369754 15.900048
v 8.221154 -21.427333 15.895537
v 8.869524 -21.319643 15.890588
v 14.853386 -21.259482 15.880508
v 15.490760 -21.386463 15.884907
v 25.774625 -21.333430 15.913603
v 26.413063 -21.204534 15.903995
v -20.007380 -20.289804 15.866659
v -19.431898 -20.560832 15.872295
v -9.601896 -20.468260 15.877898
v -9.003595 -20.214817 15.882284
v -2.423129 -20.229245 15.898652
v -1.837543 -20.505144 15.892077
v 8.009076 -20.585203 15.888583
v 8.626457 -20.349220 15.890948
v 15.120671 -20.277358 15.879488
v 15.722899 -20.532432 15.874598
v 25.524763 -20.459567 15.903416
v 26.126623 -20.185800 15.906234
v -18.251597 -18.626221 16.095493
v -10.823724 -18.595646 16.098865
v -0.624076 -18.598051 16.094548
v 6.776199 -18.651245 16.091442
v 16.944947 -18.625552 16.091454
v 24.178664 -18.505153 16.089303
v -16.233118 -17.344335 15.930357
v -16.417457 -16.775507 15.941025
v -15.369342 -17.137029 15.927757
v -15.428185 -16.520775 15.930340
v -14.456852 -17.068886 15.926864
v -14.411667 -16.442747 15.923954
v -13.555518 -17.164850 15.914574
v -13.412364 -16.540075 15.913793
v -12.725730 -17.388639 15.904199
v -12.490421 -16.786302 15.912202
v 1.215017 -17.379697 15.890792
v 1.040467 -16.804554 15.898914
v 2.037715 -17.163573 15.898821
v 1.955016 -16.554088 15.897060
v 2.944787 -17.073464 15.908168
v 2.958659 -16.445516 15.901921
v 3.869130 -17.132416 15.903476
v 3.993667 -16.514679 15.898736
v 4.747445 -17.348904 15.894482
v 5.012069 -16.767133 15.897378
v 18.719420 -17.405772 15.894134
v 18.535758 -16.828838 15.905402
v 19.506011 -17.179056 15.900541
v 19.427104 -16.565956 15.900065
v 20.374264 -17.074878 15.907135
v 20.377221 -16.446137 15.901908
v 21.266930 -17.107455 15.899645
v 21.374876 -16.485376 15.895438
v 22.125347 -17.287243 15.888600
v 22.368886 -16.697175 15.890569
v -18.075655 -8.530881 16.096952
v -16.300654 -10.319974 15.894741
v -16.111708 -9.734769 15.886643
v -15.333874 -10.546166 15.899993
v -15.270529 -9.923322 15.900784
v -14.341764 -10.609544 15.911264
v -14.380646 -9.971708 15.914865
v -13.367132 -10.510183 15.915704
v -13.502952 -9.871585 15.916061
v -12.451592 -10.259450 15.925110
v -12.693642 -9.648739 15.916790
v -10.826269 -8.441701 16.092100
v -0.727246 -8.328033 16.084889
v 0.884021 -10.181970 15.887057
v 1.119771 -9.610776 15.871736
v 1.862767 -10.478191 15.893514
v 1.963260 -9.861443 15.889651
v 2.874870 -10.611551 15.907562
v 2.870024 -9.972143 15.908636
v 3.892121 -10.563691 15.917405
v 3.776898 -9.927357 15.914660
v 4.868109 -10.347072 15.930234
v 4.622683 -9.733500 15.919114
v 6.587912 -8.590865 16.099719
v 16.987965 -8.483429 16.095659
v 18.592160 -10.242123 15.904947
v 18.784528 -9.665095 15.893790
v 19.495563 -10.500756 15.900584
v 19.583706 -9.881291 15.900969
v 20.460145 -10.604637 15.903074
v 20.461434 -9.974297 15.908976
v 21.470720 -10.549366 15.899746
v 21.362655 -9.923858 15.904355
v 22.474428 -10.329339 15.900929
v 22.222566 -9.733130 15.898601
v 24.235016 -8.508403 16.103396
v -19.958637 -6.872409 15.913555
v -19.393229 -6.643793 15.910567
v -9.587349 -6.589771 15.854639
v -9.000888 -6.801186 15.855550
v -2.489982 -6.623786 15.924247
v -1.903244 -6.439520 15.917147
v 7.937256 -6.719209 15.857220
v 8.506862 -6.945717 15.853822
v 15.167100 -6.883983 15.884376
v 15.750525 -6.671749 15.876450
v 25.549524 -6.586399 15.888596
v 26.119261 -6.804819 15.890244
v -20.246333 -5.902058 15.907862
v -19.633528 -5.793563 15.917740
v -9.357118 -5.774397 15.866067
v -8.735318 -5.879636 15.858041
v -2.717303 -5.726053 15.929881
v -2.094427 -5.643668 15.928229
v 8.189284 -5.855910 15.867920
v 8.808272 -5.962900 15.857203
v 14.892791 -5.954420 15.885965
v 15.515991 -5.840327 15.885785
v 25.780627 -5.733835 15.895281
v 26.397763 -5.830176 15.882502
v -20.358903 -4.872905 15.906774
v -19.728421 -4.871039 15.924065
v -9.266803 -4.890316 15.877304
v -8.620033 -4.900234 15.866317
v -2.804419 -4.779111 15.940298
v -2.165426 -4.781657 15.939356
v 8.297932 -4.923940 15.878276
v 8.936608 -4.926500 15.865175
v 14.763321 -4.941629 15.895609
v 15.405146 -4.932696 15.897469
v 25.871527 -4.815268 15.901501
v 26.502643 -4.804589 15.881816
v -20.298943 -3.830396 15.898769
v -19.664085 -3.940585 15.915881
v -9.327018 -4.000808 15.874512
v -8.674596 -3.907301 15.867479
v -2.739145 -3.801984 15.944854
v -2.095859 -3.906288 15.939504
v 8.246588 -3.987411 15.871726
v 8.884905 -3.879528 15.861749
v 14.815276 -3.911284 15.899680
v 15.456114 -4.015141 15.896309
v 25.795758 -3.887944 15.892653
v 26.424905 -3.767381 15.873105
v -20.056483 -2.810782 15.896000
v -19.444177 -3.066194 15.904068
v -9.515304 -3.168269 15.871495
v -8.883373 -2.957831 15.874751
v -2.508926 -2.828449 15.952781
v -1.886980 -3.075731 15.941521
v 8.040846 -3.108425 15.860862
v 8.641924 -2.857576 15.860210
v 15.042003 -2.916332 15.909192
v 15.650281 -3.155969 15.895243
v 25.571430 -3.011508 15.878282
v 26.167478 -2.744272 15.867512
v -18.191200 -1.052050 16.096456
v -10.616961 -1.260563 16.086464
v -0.716278 -1.131147 16.098590
v 6.821542 -1.123761 16.074569
v 16.781047 -1.234203 16.094965
v 24.264779 -0.999947 16.082568
v -16.162924 0.230198 15.890451
v -16.386865 0.808102 15.908014
v -15.275587 0.437708 15.900387
v -15.344910 1.056883 15.907817
v -14.331536 0.480934 15.908797
v -14.288755 1.116808 15.909818
v -13.396754 0.363219 15.900884
v -13.243851 0.990740 15.903055
v -12.532660 0.097673 15.889959
v -12.250910 0.682674 15.898734
v 1.255316 0.182955 15.847426
v 1.046186 0.767593 15.842042
v 2.117019 0.407560 15.867168
v 2.032550 1.033341 15.859045
v 3.038549 0.491884 15.886733
v 3.056312 1.127827 15.879607
v 3.964249 0.405213 15.889744
v 4.087579 1.044228 15.889112
v 4.836056 0.177214 15.886816
v 5.097815 0.784805 15.897806
v 18.619133 0.108714 15.869353
v 18.407458 0.686317 15.870725
v 19.459483 0.364408 15.881442
v 19.355957 0.987237 15.877583
v 20.375259 0.489548 15.897166
v 20.372252 1.123217 15.893390
v 21.308947 0.446413 15.898684
v 21.414384 1.082602 15.902442
v 22.198474 0.256421 15.895688
v 22.445306 0.856716 15.912356
v -18.123809 -26.082349 16.997044
v -16.356298 -27.866678 16.978648
v -16.145375 -27.287304 16.993328
v -15.375076 -28.108330 16.994216
v -15.296568 -27.482663 17.005016
v -14.343981 -28.176430 17.000165
v -14.374438 -27.540284 17.010546
v -13.311889 -28.067065 16.996597
v -13.453080 -27.431274 17.007347
v -12.342533 -27.785122 16.984578
v -12.611878 -27.186865 16.999254
v -10.703605 -25.933140 16.989850
v -0.542509 -26.106869 16.993371
v 1.114683 -27.833256 16.978423
v 1.325151 -27.256186 16.987906
v 2.031758 -28.082214 16.991740
v 2.126828 -27.455736 16.998451
v 3.026012 -28.175654 16.997407
v 3.012538 -27.537159 17.003944
v 4.037097 -28.097087 16.992870
v 3.909046 -27.470160 16.999757
v 5.001248 -27.856550 16.980301
v 4.738250 -27.261839 16.991229
v 6.709958 -26.063952 16.992363
v 16.910665 -25.995928 16.993259
v 18.486550 -27.763752 17.000927
v 18.686769 -27.192208 17.007234
v 19.388216 -28.035402 17.008799
v 19.487171 -27.420585 17.013610
v 20.386013 -28.165289 17.007642
v 20.386053 -27.539315 17.014431
v 21.425948 -28.128679 16.997595
v 21.310286 -27.499241 17.005755
v 22.448062 -27.898067 16.979463
v 22.176652 -27.310470 16.992641
v 24.229141 -26.112202 16.990410
v -19.981527 -24.351324 16.994823
v -19.422128 -24.122419 17.005526
v -9.520126 -23.975712 16.989336
v -8.942445 -24.185776 16.982313
v -2.406157 -24.367938 16.992692
v -1.847395 -24.143981 17.001978
v 8.002420 -24.082095 17.005820
v 8.572401 -24.305521 16.992278
v 15.122975 -24.305514 16.973365
v 15.698278 -24.078063 16.981329
v 25.563100 -24.097004 17.010682
v 26.130038 -24.333147 16.998931
v -20.265358 -23.341530 16.995591
v -19.647477 -23.266400 17.004621
v -9.332033 -23.131699 17.000977
v -8.698395 -23.217567 16.994649
v -2.697279 -23.342383 17.004319
v -2.077800 -23.265916 17.012935
v 8.219824 -23.233779 17.012326
v 8.840966 -23.321855 17.000417
v 14.856199 -23.326046 16.989995
v 15.485297 -23.226319 16.996640
v 25.792838 -23.221268 17.019211
v 26.413756 -23.308972 17.007116
v -20.356303 -22.299911 16.989797
v -19.727409 -22.341263 16.999263
v -9.272782 -22.211498 17.006302
v -8.623095 -22.182095 16.997874
v -2.798539 -22.267296 17.009061
v -2.163040 -22.300659 17.018089
v 8.294873 -22.319308 17.012682
v 8.938714 -22.305863 17.000946
v 14.769182 -22.277664 16.995507
v 15.409527 -22.293234 17.004451
v 25.865432 -22.263065 17.022424
v 26.505062 -22.241713 17.008722
v -20.266250 -21.268150 16.979072
v -19.653912 -21.424300 16.987257
v -9.368248 -21.295362 17.000278
v -8.730941 -21.148850 16.991395
v -2.701427 -21.196843 17.005990
v -2.072750 -21.346920 17.014238
v 8.219628 -21.411107 17.005544
v 8.865104 -21.292922 16.994862
v 14.860994 -21.229476 16.989541
v 15.494594 -21.362683 16.999168
v 25.766433 -21.310292 17.017608
v 26.412286 -21.176016 17.004397
v -20.016538 -20.311176 16.966146
v -19.443804 -20.591737 16.975190
v -9.605821 -20.467049 16.989469
v -9.011356 -20.204149 16.977955
v -2.415244 -20.192799 16.994473
v -1.829818 -20.484076 17.005339
v 8.002989 -20.579153 16.995409
v 8.627926 -20.322649 16.982646
v 15.122508 -20.253010 16.975310
v 15.729994 -20.519192 16.987947
v 25.518752 -20.438876 17.009156
v 26.118679 -20.148915 16.993919
v -18.306285 -18.649150 16.999331
v -10.803364 -18.598308 16.995977
v -0.629297 -18.587749 16.993758
v 6.794012 -18.641310 16.990515
v 16.931646 -18.634801 16.990461
v 24.179947 -18.465602 16.991561
v -16.269805 -17.365972 17.035456
v -16.467406 -16.797572 17.018497
v -15.394828 -17.148512 17.039932
v -15.453629 -16.528197 17.024454
v -14.453684 -17.072323 17.037467
v -14.406352 -16.441852 17.022036
v -13.527944 -17.172943 17.027090
v -13.376966 -16.544019 17.013595
v -12.697287 -17.404129 17.013005
v -12.451719 -16.807464 16.999628
v 1.213180 -17.390793 16.999884
v 1.030801 -16.812452 16.990349
v 2.032067 -17.170493 17.012726
v 1.944660 -16.557103 17.005021
v 2.957053 -17.077888 17.020016
v 2.975481 -16.444367 17.009617
v 3.902173 -17.143585 17.015445
v 4.036072 -16.518984 17.004577
v 4.779994 -17.360109 17.003931
v 5.057173 -16.788319 16.990721
v 18.687537 -17.429433 17.004299
v 18.490257 -16.854093 16.997813
v 19.469377 -17.193907 17.014681
v 19.379121 -16.581713 17.009602
v 20.355143 -17.081950 17.019172
v 20.354739 -16.453076 17.011617
v 21.265728 -17.111679 17.012661
v 21.378666 -16.483271 17.002849
v 22.121920 -17.290517 16.999807
v 22.374986 -16.701524 16.985535
v -18.068611 -8.554674 16.997119
v -16.293215 -10.314893 16.980815
v -16.097935 -9.737543 16.998518
v -15.323477 -10.546812 17.001506
v -15.255890 -9.920625 17.013959
v -14.305773 -10.608446 17.014408
v -14.344155 -9.968407 17.026303
v -13.294660 -10.499064 17.017552
v -13.440336 -9.861771 17.030001
v -12.369839 -10.229533 17.010970
v -12.624224 -9.622746 17.025674
v -10.763355 -8.413735 16.988619
v -0.718671 -8.374112 16.987480
v 0.875218 -10.177914 16.993384
v 1.143986 -9.617496 17.001581
v 1.859354 -10.484653 17.009191
v 1.981644 -9.858637 17.016974
v 2.898359 -10.613417 17.019348
v 2.901651 -9.971148 17.029742
v 3.945870 -10.553925 17.023936
v 3.830342 -9.914978 17.034173
v 4.948029 -10.324062 17.021115
v 4.685295 -9.716676 17.031642
v 6.640814 -8.560374 16.995654
v 16.967684 -8.470074 16.993535
v 18.556961 -10.224740 16.992980
v 18.754773 -9.653058 17.003331
v 19.461507 -10.490658 17.004833
v 19.556424 -9.870492 17.013128
v 20.451983 -10.605664 17.007428
v 20.453125 -9.971384 17.018203
v 21.485169 -10.550618 17.000679
v 21.372535 -9.924540 17.013799
v 22.495899 -10.324675 16.986963
v 22.232066 -9.727713 17.003463
v 24.254067 -8.527569 16.999820
v -19.940962 -6.924682 17.006242
v -19.374241 -6.670895 17.017153
v -9.576971 -6.572619 16.966895
v -8.999760 -6.790190 16.958594
v -2.471397 -6.645505 16.999747
v -1.887866 -6.478551 17.020629
v 7.944500 -6.688448 16.962474
v 8.517759 -6.913552 16.951462
v 15.167932 -6.881189 16.988270
v 15.750808 -6.654384 16.997816
v 25.546324 -6.593099 16.994363
v 26.108733 -6.823679 16.984064
v -20.238972 -5.945263 17.011829
v -19.619333 -5.821745 17.024610
v -9.364501 -5.768441 16.979303
v -8.741747 -5.880362 16.974441
v -2.704229 -5.736829 17.023056
v -2.081070 -5.663620 17.041162
v 8.188557 -5.844601 16.974188
v 8.808828 -5.955237 16.968258
v 14.894487 -5.951256 17.003319
v 15.516128 -5.830730 17.011282
v 25.775289 -5.750962 16.996422
v 26.387665 -5.854569 16.987523
v -20.370713 -4.892277 17.008036
v -19.720617 -4.877868 17.025660
v -9.268014 -4.880720 16.988133
v -8.626850 -4.892166 16.982171
v -2.797271 -4.753678 17.037601
v -2.158546 -4.764831 17.055221
v 8.294060 -4.908198 16.979891
v 8.934961 -4.906763 16.975042
v 14.767745 -4.915629 17.011459
v 15.408060 -4.909263 17.020199
v 25.862124 -4.824082 16.994539
v 26.500469 -4.818956 16.983311
v -20.313626 -3.824141 16.994260
v -19.657789 -3.924851 17.014645
v -9.322957 -3.985662 16.987720
v -8.675188 -3.886925 16.980514
v -2.727636 -3.732740 17.044428
v -2.085026 -3.851637 17.058766
v 8.237954 -3.967445 16.973886
v 8.877053 -3.849711 16.968737
v 14.823920 -3.860871 17.013444
v 15.466058 -3.974269 17.021368
v 25.792460 -3.889737 16.984200
v 26.435508 -3.771682 16.970731
v -20.065933 -2.801644 16.971247
v -19.438761 -3.049471 16.998021
v -9.511542 -3.165698 16.982346
v -8.884158 -2.947437 16.971789
v -2.482000 -2.721954 17.044532
v -1.860480 -3.003538 17.055291
v 8.034405 -3.105692 16.962506
v 8.639780 -2.848959 16.953574
v 15.060443 -2.854626 17.009514
v 15.665311 -3.116825 17.016993
v 25.576431 -3.024708 16.968334
v 26.179957 -2.758044 16.950523
v -18.177282 -1.035189 16.997570
v -10.599598 -1.239465 16.986482
v -0.658249 -1.046203 16.996493
v 6.851475 -1.130269 16.977626
v 16.807884 -1.182091 16.993809
v 24.310699 -1.003996 16.987094
v -16.154904 0.226454 17.016901
v -16.407374 0.794136 17.010997
v -15.272042 0.430170 17.025005
v -15.353924 1.056399 17.016502
v -14.310058 0.481457 17.027348
v -14.269877 1.122495 17.016907
v -13.354475 0.356596 17.018903
v -13.193719 0.983583 17.009177
v -12.496505 0.085098 17.004474
v -12.200738 0.664371 16.992917
v 1.303894 0.198596 16.952657
v 1.100874 0.779642 16.938982
v 2.147266 0.413573 16.975163
v 2.058860 1.030176 16.966887
v 3.076854 0.487870 16.995043
v 3.096643 1.125323 16.987918
v 4.018333 0.397683 17.003681
v 4.152130 1.035905 16.997656
v 4.886933 0.159174 17.002013
v 5.169962 0.756598 16.994857
v 18.640075 0.114139 16.974522
v 18.433462 0.689941 16.962589
v 19.466250 0.363046 16.992412
v 19.359952 0.977282 16.984510
v 20.391631 0.484624 17.009761
v 20.391380 1.121553 17.002026
v 21.342841 0.439428 17.018803
v 21.459120 1.073997 17.011601
v 22.231104 0.238452 17.020014
v 22.506235 0.831625 17.013108
v -18.149122 -26.125136 17.995264
v -16.364030 -27.856374 17.917791
v -16.202224 -27.231524 18.054745
v -15.375916 -28.104476 17.926951
v -15.312081 -27.448173 18.053684
v -14.340042 -28.174575 17.930190
v -14.358819 -27.505102 18.053318
v -13.300946 -28.064538 17.929037
v -13.403196 -27.393189 18.053772
v -12.319179 -27.778271 17.922448
v -12.520553 -27.133554 18.055900
v -10.661383 -25.943828 17.994409
v -0.562919 -26.136411 17.994314
v 1.090921 -27.821010 17.919540
v 1.254303 -27.195844 18.055207
v 2.014000 -28.076723 17.928169
v 2.090983 -27.421082 18.054073
v 3.020324 -28.177543 17.931115
v 3.009920 -27.503302 18.053362
v 4.040893 -28.100486 17.928984
v 3.936126 -27.432028 18.053717
v 5.017156 -27.852183 17.921409
v 4.800014 -27.213604 18.053992
v 6.731431 -26.105550 17.995292
v 16.857613 -26.001607 17.993391
v 18.434533 -27.740228 17.933035
v 18.592700 -27.097603 18.057461
v 19.349263 -28.027408 17.938207
v 19.434225 -27.371800 18.055320
v 20.371206 -28.170449 17.936635
v 20.371312 -27.509402 18.054188
v 21.422592 -28.126727 17.930233
v 21.329211 -27.465969 18.053322
v 22.451408 -27.902686 17.919688
v 22.228352 -27.262313 18.053875
v 24.246648 -26.155561 17.995184
v -19.977072 -24.366364 17.929349
v -19.359442 -24.180084 18.056035
v -9.581427 -24.037506 18.055458
v -8.954390 -24.215324 17.924501
v -2.399648 -24.396040 17.929011
v -1.779109 -24.213515 18.056640
v 7.940366 -24.151188 18.055842
v 8.560444 -24.330459 17.925855
v 15.140815 -24.329060 17.918661
v 15.768998 -24.141551 18.054860
v 25.494190 -24.163283 18.055818
v 26.121092 -24.355918 17.931260
v -20.266020 -23.341835 17.928755
v -19.609725 -23.285820 18.053955
v -9.361329 -23.156115 18.053770
v -8.705755 -23.229794 17.930293
v -2.697223 -23.352999 17.934128
v -2.037418 -23.296853 18.054648
v 8.191175 -23.258818 18.054377
v 8.841851 -23.330361 17.929852
v 14.863736 -23.339117 17.927562
v 15.523026 -23.253008 18.053882
v 25.758633 -23.252368 18.054343
v 26.410636 -23.319444 17.934242
v -20.362829 -22.294118 17.926071
v -19.707311 -22.335991 18.053188
v -9.291180 -22.202027 18.053354
v -8.626243 -22.184744 17.931252
v -2.798176 -22.264807 17.936552
v -2.127877 -22.288573 18.053834
v 8.267080 -22.312612 18.053152
v 8.943698 -22.307792 17.930456
v 14.760319 -22.279557 17.930117
v 15.431945 -22.280052 18.053587
v 25.833426 -22.254060 18.053157
v 26.505736 -22.243972 17.934011
v -20.271111 -21.257926 17.921878
v -19.620388 -21.396693 18.053102
v -9.396147 -21.251788 18.054178
v -8.736702 -21.142279 17.928174
v -2.697197 -21.179635 17.936087
v -2.031219 -21.290188 18.054510
v 8.189284 -21.374477 18.053796
v 8.866410 -21.287843 17.929011
v 14.855928 -21.218648 17.927445
v 15.523934 -21.311854 18.054389
v 25.731300 -21.266213 18.053599
v 26.407853 -21.171458 17.932424
v -20.013074 -20.297381 17.915361
v -19.391869 -20.539293 18.053481
v -9.662107 -20.389400 18.055126
v -9.012701 -20.183017 17.919981
v -2.403390 -20.154094 17.930381
v -1.773700 -20.388249 18.056203
v 7.955382 -20.508096 18.054476
v 8.618037 -20.308877 17.922683
v 15.126596 -20.228735 17.919415
v 15.775874 -20.430355 18.055288
v 25.467736 -20.361806 18.055390
v 26.111495 -20.137324 17.927318
v -18.309547 -18.652121 17.995254
v -10.761452 -18.573930 17.994370
v -0.638180 -18.545557 17.993591
v 6.838707 -18.618396 17.993511
v 16.879620 -18.600531 17.994604
v 24.202517 -18.419830 17.994819
v -16.343620 -17.439998 18.057731
v -16.488243 -16.806662 17.938061
v -15.423456 -17.191252 18.055226
v -15.453478 -16.532346 17.941371
v -14.432062 -17.104918 18.054730
v -14.393223 -16.444187 17.940151
v -13.466079 -17.204892 18.055394
v -13.352468 -16.548900 17.937410
v -12.593268 -17.465346 18.057131
v -12.405340 -16.822302 17.930364
v 1.147728 -17.477916 18.056689
v 1.007339 -16.823307 17.927017
v 2.007087 -17.223544 18.055220
v 1.939839 -16.559798 17.935332
v 2.968801 -17.102378 18.054508
v 2.991103 -16.444457 17.936322
v 3.962452 -17.183472 18.054260
v 4.066864 -16.521554 17.933485
v 4.875731 -17.420945 18.056042
v 5.101594 -16.796326 17.926997
v 18.590924 -17.519984 18.057316
v 18.438497 -16.875933 17.930816
v 19.415356 -17.248789 18.055816
v 19.341397 -16.594485 17.938632
v 20.340926 -17.111337 18.054435
v 20.343050 -16.452932 17.938971
v 21.289702 -17.143652 18.054213
v 21.382853 -16.485697 17.933744
v 22.187046 -17.336583 18.054710
v 22.394381 -16.705122 17.924359
v -18.083189 -8.616726 17.994741
v -16.293084 -10.319387 17.918515
v -16.142265 -9.686204 18.055118
v -15.310824 -10.545884 17.930768
v -15.254697 -9.881051 18.053955
v -14.282070 -10.605451 17.937709
v -14.305465 -9.933337 18.054168
v -13.253876 -10.492512 17.940238
v -13.358305 -9.828181 18.055919
v -12.300921 -10.209134 17.936211
v -12.491733 -9.558879 18.057952
v -10.694341 -8.415526 17.993835
v -0.747246 -8.402236 17.994412
v 0.843414 -10.165521 17.930336
v 1.098930 -9.557361 18.055693
v 1.853015 -10.485703 17.937123
v 1.975637 -9.825333 18.054691
v 2.909193 -10.615813 17.941885
v 2.930428 -9.953089 18.055123
v 3.976438 -10.554709 17.944479
v 3.902533 -9.883091 18.055701
v 5.009295 -10.302069 17.943835
v 4.803431 -9.657816 18.057812
v 6.718687 -8.564333 17.994293
v 16.925248 -8.502592 17.993490
v 18.519421 -10.207380 17.926779
v 18.668722 -9.568430 18.056968
v 19.435254 -10.478494 17.934155
v 19.511870 -9.823913 18.055082
v 20.444486 -10.606947 17.934809
v 20.446881 -9.942260 18.053881
v 21.488270 -10.556867 17.931009
v 21.403069 -9.898198 18.054201
v 22.508436 -10.320449 17.922817
v 22.300796 -9.675324 18.054235
v 24.284826 -8.553081 17.995063
v -19.911996 -6.984628 17.934893
v -19.297587 -6.760464 18.056871
v -9.634819 -6.631580 18.054536
v -9.009520 -6.809640 17.911548
v -2.462346 -6.666360 17.927505
v -1.807996 -6.563712 18.057587
v 7.883626 -6.729666 18.053777
v 8.515174 -6.904972 17.906967
v 15.187621 -6.909267 17.927374
v 15.816809 -6.718495 18.056153
v 25.479327 -6.660736 18.055528
v 26.100480 -6.860083 17.924055
v -20.228976 -5.986264 17.936577
v -19.576406 -5.872967 18.054999
v -9.402523 -5.791479 18.053324
v -8.739349 -5.897176 17.920504
v -2.705459 -5.746895 17.941958
v -2.044812 -5.698256 18.055944
v 8.153331 -5.855805 18.052722
v 8.810099 -5.948966 17.916918
v 14.895481 -5.957216 17.935374
v 15.549039 -5.851669 18.055150
v 25.735696 -5.782880 18.053651
v 26.393117 -5.876794 17.925478
v -20.364893 -4.920290 17.933347
v -19.700574 -4.887541 18.053561
v -9.295543 -4.873433 18.053137
v -8.621836 -4.899993 17.923983
v -2.798693 -4.737326 17.949633
v -2.133517 -4.752237 18.055503
v 8.262127 -4.887096 18.051880
v 8.937117 -4.895837 17.919435
v 14.767884 -4.905097 17.938126
v 15.434902 -4.889636 18.054729
v 25.833994 -4.831763 18.052118
v 26.510585 -4.837565 17.921912
v -20.311563 -3.844211 17.925398
v -19.629586 -3.888687 18.053218
v -9.351278 -3.945986 18.053700
v -8.672756 -3.885801 17.923220
v -2.716979 -3.694853 17.953634
v -2.041152 -3.788317 18.056137
v 8.197683 -3.920771 18.052456
v 8.878429 -3.837483 17.915912
v 14.825177 -3.833487 17.939367
v 15.500192 -3.909316 18.055390
v 25.769601 -3.872459 18.052077
v 26.439734 -3.790648 17.914732
v -20.072641 -2.824678 17.910738
v -19.400779 -2.977931 18.054362
v -9.555263 -3.087580 18.054882
v -8.889893 -2.934267 17.917329
v -2.452558 -2.661512 17.955534
v -1.797870 -2.885210 18.058397
v 7.980493 -3.033103 18.053581
v 8.630890 -2.842536 17.907120
v 15.079615 -2.801084 17.938097
v 15.730366 -3.009979 18.057352
v 25.529674 -2.983725 18.052277
v 26.186355 -2.788184 17.902058
v -18.225777 -1.005002 17.995055
v -10.564946 -1.214182 17.993587
v -0.619111 -0.956159 17.994014
v 6.906410 -1.117774 17.994069
v 16.804319 -1.107721 17.994349
v 24.361746 -1.005305 17.994985
v -16.211203 0.174832 18.056364
v -16.437058 0.784642 17.940696
v -15.292299 0.399633 18.055175
v -15.367003 1.060417 17.940811
v -14.288729 0.454818 18.054359
v -14.265670 1.122847 17.940790
v -13.285839 0.322246 18.055187
v -13.170483 0.983649 17.938045
v -12.395749 0.021790 18.056538
v -12.157469 0.649528 17.930029
v 1.287977 0.144739 18.052550
v 1.131425 0.783174 17.901313
v 2.157214 0.385449 18.052996
v 2.081394 1.035464 17.915052
v 3.109741 0.456493 18.052698
v 3.121757 1.129558 17.925164
v 4.090560 0.358995 18.053849
v 4.186306 1.025507 17.931229
v 4.998110 0.100490 18.056283
v 5.220823 0.736697 17.931212
v 18.596338 0.048352 18.054434
v 18.445762 0.686958 17.911761
v 19.454534 0.320092 18.053622
v 19.371172 0.982374 17.924302
v 20.405335 0.452651 18.053278
v 20.410116 1.118512 17.932783
v 21.400187 0.406874 18.054484
v 21.488623 1.065713 17.938136
v 22.325063 0.187991 18.056510
v 22.551418 0.822954 17.941190
v -18.187328 -26.177795 18.699635
v -16.334418 -27.860274 18.698191
v -16.201380 -27.041438 18.705644
v -15.359661 -28.094345 18.697612
v -15.302915 -27.253645 18.704892
v -14.349982 -28.153589 18.697478
v -14.363822 -27.310751 18.704498
v -13.338294 -28.042094 18.697679
v -13.425841 -27.202464 18.704751
v -12.369151 -27.766595 18.699445
v -12.536882 -26.944704 18.705636
v -10.623903 -26.001185 18.699417
v -0.621134 -26.185039 18.699294
v 1.097958 -27.812849 18.698398
v 1.239815 -27.004964 18.705761
v 2.021715 -28.056809 18.698474
v 2.094512 -27.225688 18.705116
v 3.015577 -28.148539 18.698174
v 3.010516 -27.309497 18.704738
v 4.018656 -28.073735 18.698026
v 3.933176 -27.237168 18.704929
v 4.982535 -27.828860 18.698508
v 4.814043 -27.019157 18.705439
v 6.783199 -26.145929 18.699574
v 16.790831 -26.056425 18.699014
v 18.435503 -27.716070 18.700514
v 18.589681 -26.907361 18.705890
v 19.358784 -28.003620 18.699760
v 19.450529 -27.173545 18.705079
v 20.370242 -28.142431 18.698806
v 20.381857 -27.303864 18.704607
v 21.398193 -28.098206 18.697338
v 21.327522 -27.263761 18.704641
v 22.401805 -27.888632 18.698290
v 22.239089 -27.068360 18.705383
v 24.284316 -26.195065 18.699618
v -16.349575 -25.434295 18.702505
v -16.368999 -25.459864 18.067127
v -15.332923 -25.564130 18.702446
v -15.343414 -25.582697 18.067170
v -14.381526 -25.597030 18.702360
v -14.378841 -25.614246 18.067107
v -13.433104 -25.524263 18.702410
v -13.417723 -25.541198 18.067156
v -12.436465 -25.351302 18.702461
v -12.409736 -25.372036 18.067149
v 1.089073 -25.436726 18.702531
v 1.071943 -25.463317 18.067139
v 2.049196 -25.560197 18.702514
v 2.039387 -25.578144 18.067240
v 2.992130 -25.607147 18.702451
v 2.990215 -25.623309 18.067184
v 3.936828 -25.560358 18.702472
v 3.943124 -25.578848 18.067186
v 4.932723 -25.429046 18.702442
v 4.947869 -25.455858 18.067043
v 18.480727 -25.369329 18.702523
v 18.459008 -25.390799 18.067267
v 19.442173 -25.529044 18.702430
v 19.427716 -25.545473 18.067261
v 20.386987 -25.603042 18.702331
v 20.378951 -25.619876 18.067142
v 21.342772 -25.575320 18.702377
v 21.349911 -25.594665 18.067112
v 22.374521 -25.453273 18.702416
v 22.390819 -25.480790 18.067035
v -19.175613 -24.166729 18.705788
v -19.986744 -24.323457 18.698771
v -17.559922 -24.264310 18.702501
v -17.582371 -24.288184 18.067230
v -16.406471 -24.290560 18.702767
v -16.416649 -24.302205 18.068690
v -15.358639 -24.320508 18.702870
v -15.363767 -24.326138 18.068799
v -14.390089 -24.324228 18.702866
v -14.389344 -24.328570 18.068784
v -13.429847 -24.293978 18.702857
v -13.423093 -24.298834 18.068789
v -12.410845 -24.235627 18.702740
v -12.397749 -24.243492 18.068657
v -11.304642 -24.179190 18.702449
v -11.277044 -24.192771 18.067083
v -9.782117 -24.053923 18.705704
v -8.973168 -24.206407 18.699342
v -1.585153 -24.201980 18.705802
v -2.404869 -24.361677 18.699878
v -0.056370 -24.276710 18.702439
v -0.076017 -24.300499 18.067150
v 1.016994 -24.291769 18.702750
v 1.008161 -24.303630 18.068665
v 2.018308 -24.319687 18.702894
v 2.012227 -24.324828 18.068823
v 2.976808 -24.330300 18.702895
v 2.975695 -24.334199 18.068812
v 3.944678 -24.313326 18.702878
v 3.948771 -24.318694 18.068806
v 4.983462 -24.276119 18.702736
v 4.991878 -24.287385 18.068662
v 6.122167 -24.247362 18.702417
v 6.143791 -24.269255 18.067154
v 7.750649 -24.145840 18.705615
v 8.566820 -24.301913 18.698892
v 15.964185 -24.154320 18.705696
v 15.153755 -24.320622 18.698587
v 17.391106 -24.230681 18.702474
v 17.368486 -24.244259 18.066967
v 18.438238 -24.263746 18.702753
v 18.426671 -24.270883 18.068661
v 19.425515 -24.307505 18.702874
v 19.417828 -24.311388 18.068807
v 20.380100 -24.329737 18.702869
v 20.377665 -24.333578 18.068788
v 21.361111 -24.320921 18.702858
v 21.364597 -24.326637 18.068788
v 22.433759 -24.287169 18.702727
v 22.442594 -24.299134 18.068659
v 23.619805 -24.258274 18.702393
v 23.643453 -24.281756 18.067195
v 25.301424 -24.154457 18.705521
v 26.117663 -24.319815 18.699513
v -19.426126 -23.254463 18.705014
v -20.267678 -23.309804 18.697506
v -17.722117 -23.254498 18.702502
v -17.739043 -23.269606 18.067242
v -16.460609 -23.251944 18.702886
v -16.465860 -23.258567 18.068816
v -15.383290 -23.254323 18.702997
v -15.385934 -23.257412 18.068917
v -14.396952 -23.248926 18.703002
v -14.396732 -23.251278 18.068911
v -13.421157 -23.232108 18.702998
v -13.418066 -23.234890 18.068918
v -12.377326 -23.205286 18.702867
v -12.371703 -23.209940 18.068798
v -11.170429 -23.179518 18.702397
v -11.151855 -23.187050 18.067098
v -9.564203 -23.156523 18.704889
v -8.732291 -23.225190 18.698163
v -1.841872 -23.270026 18.704867
v -2.685985 -23.330943 18.698264
v -0.241810 -23.249887 18.702379
v -0.258414 -23.264777 18.067131
v 0.950979 -23.247037 18.702860
v 0.946192 -23.253114 18.068789
v 1.989304 -23.253774 18.703006
v 1.986163 -23.256533 18.068926
v 2.968039 -23.256473 18.703007
v 2.967666 -23.258590 18.068916
v 3.957405 -23.250964 18.702993
v 3.959914 -23.253301 18.068912
v 5.031263 -23.240575 18.702853
v 5.036401 -23.244614 18.068783
v 6.281822 -23.240050 18.702401
v 6.300028 -23.247473 18.067192
v 7.995452 -23.247801 18.704805
v 8.838519 -23.318061 18.697546
v 15.723818 -23.251179 18.705025
v 14.886335 -23.336787 18.698087
v 17.235734 -23.233076 18.702402
v 17.219153 -23.240519 18.067013
v 18.388599 -23.238795 18.702874
v 18.383737 -23.242957 18.068799
v 19.402872 -23.252072 18.703012
v 19.399422 -23.254528 18.068933
v 20.374475 -23.258365 18.703006
v 20.373783 -23.260504 18.068915
v 21.375773 -23.253458 18.702988
v 21.377975 -23.255963 18.068907
v 22.482332 -23.238767 18.702851
v 22.487730 -23.243705 18.068783
v 23.782264 -23.227203 18.702373
v 23.801613 -23.239783 18.067226
v 25.553855 -23.233151 18.704574
v 26.388732 -23.302416 18.697796
v -19.512392 -22.310881 18.704732
v -20.350121 -22.279214 18.697164
v -17.786027 -22.308175 18.702464
v -17.802510 -22.312690 18.067183
v -16.487174 -22.286827 18.702900
v -16.491519 -22.288337 18.068817
v -15.397413 -22.271326 18.703005
v -15.399609 -22.271641 18.068914
v -14.404079 -22.259754 18.703009
v -14.404018 -22.259708 18.068909
v -13.422106 -22.249921 18.703005
v -13.419776 -22.249672 18.068915
v -12.368930 -22.240356 18.702865
v -12.365147 -22.239284 18.068784
v -11.130399 -22.229415 18.702314
v -11.114167 -22.225298 18.067029
v -9.495442 -22.211951 18.704584
v -8.657457 -22.199733 18.698112
v -1.927546 -22.281245 18.704473
v -2.768966 -22.264664 18.698482
v -0.309772 -22.283851 18.702294
v -0.326425 -22.284910 18.067044
v 0.922494 -22.276993 18.702867
v 0.918604 -22.277413 18.068787
v 1.976617 -22.272598 18.703011
v 1.974189 -22.272634 18.068921
v 2.964444 -22.271631 18.703011
v 2.964178 -22.271507 18.068912
v 3.963118 -22.274351 18.703001
v 3.965170 -22.274005 18.068910
v 5.051186 -22.281966 18.702873
v 5.055463 -22.280621 18.068793
v 6.338739 -22.296852 18.702389
v 6.356110 -22.293088 18.067154
v 8.075544 -22.319425 18.704418
v 8.918304 -22.322728 18.697426
v 15.634020 -22.288865 18.704689
v 14.791849 -22.294971 18.698018
v 17.182092 -22.282827 18.702309
v 17.167236 -22.278418 18.066959
v 18.368901 -22.280389 18.702870
v 18.365774 -22.278942 18.068784
v 19.393064 -22.278564 18.703017
v 19.390546 -22.278091 18.068928
v 20.370754 -22.276072 18.703012
v 20.370309 -22.275859 18.068913
v 21.378608 -22.273301 18.702997
v 21.380555 -22.273068 18.068906
v 22.496464 -22.269996 18.702865
v 22.501246 -22.269342 18.068787
v 23.831721 -22.265953 18.702343
v 23.851285 -22.263699 18.067171
v 25.637574 -22.261863 18.704213
v 26.481877 -22.257693 18.697724
v -19.425675 -21.378048 18.705038
v -20.255504 -21.260729 18.697441
v -17.749282 -21.362287 18.702553
v -17.769304 -21.360013 18.067212
v -16.482059 -21.327366 18.702903
v -16.488876 -21.324727 18.068832
v -15.399682 -21.294264 18.702997
v -15.402864 -21.291853 18.068916
v -14.412005 -21.276721 18.703002
v -14.412281 -21.274289 18.068911
v -13.436209 -21.273994 18.702999
v -13.433537 -21.270765 18.068919
v -12.394981 -21.281132 18.702867
v -12.390205 -21.274499 18.068794
v -11.195795 -21.282032 18.702418
v -11.178905 -21.268551 18.067118
v -9.596468 -21.272009 18.704947
v -8.761816 -21.178506 18.698031
v -1.826037 -21.295263 18.704780
v -2.662478 -21.200665 18.698651
v -0.257030 -21.322187 18.702348
v -0.274846 -21.311055 18.067091
v 0.937048 -21.312385 18.702866
v 0.931301 -21.307357 18.068797
v 1.981807 -21.295858 18.703008
v 1.978080 -21.293193 18.068928
v 2.965077 -21.290610 18.703006
v 2.964340 -21.288203 18.068915
v 3.959462 -21.300955 18.702994
v 3.961578 -21.297831 18.068914
v 5.039467 -21.325830 18.702867
v 5.044289 -21.319343 18.068797
v 6.293746 -21.353512 18.702444
v 6.311729 -21.340021 18.067196
v 7.994579 -21.396039 18.704731
v 8.835025 -21.330933 18.697858
v 15.720447 -21.333972 18.705033
v 14.874657 -21.255982 18.697996
v 17.242344 -21.335261 18.702405
v 17.226455 -21.320809 18.067048
v 18.389615 -21.326374 18.702874
v 18.384793 -21.319534 18.068798
v 19.399199 -21.309312 18.703018
v 19.395367 -21.306101 18.068938
v 20.368804 -21.297873 18.703009
v 20.367870 -21.295385 18.068918
v 21.368338 -21.296943 18.702989
v 21.370408 -21.293918 18.068908
v 22.472699 -21.304632 18.702855
v 22.477759 -21.298171 18.068789
v 23.768930 -21.308488 18.702408
v 23.787261 -21.291180 18.067216
v 25.539754 -21.297764 18.704526
v 26.382539 -21.217132 18.697685
v -19.191406 -20.505742 18.705585
v -19.985531 -20.312543 18.698466
v -17.630479 -20.389810 18.702499
v -17.661883 -20.381890 18.067014
v -16.455975 -20.317503 18.702737
v -16.472385 -20.313193 18.068661
v -15.394061 -20.250135 18.702832
v -15.402003 -20.246306 18.068765
v -14.420791 -20.220859 18.702841
v -14.421953 -20.216797 18.068761
v -13.459899 -20.230981 18.702847
v -13.454795 -20.225733 18.068778
v -12.445273 -20.268842 18.702739
v -12.435459 -20.258282 18.068654
v -11.353765 -20.299475 18.702516
v -11.330491 -20.279389 18.067082
v -9.845764 -20.391576 18.705727
v -9.028637 -20.223136 18.699177
v -1.567054 -20.381537 18.705623
v -2.369808 -20.184784 18.700291
v -0.096344 -20.317606 18.702403
v -0.120871 -20.299369 18.067073
v 0.983088 -20.289813 18.702748
v 0.970566 -20.280943 18.068662
v 2.000697 -20.247349 18.702877
v 1.991561 -20.243234 18.068805
v 2.969371 -20.230749 18.702865
v 2.966324 -20.226815 18.068782
v 3.948849 -20.252514 18.702851
v 3.951804 -20.246659 18.068783
v 5.004147 -20.307849 18.702724
v 5.012835 -20.295702 18.068650
v 6.158628 -20.367000 18.702440
v 6.182405 -20.342925 18.067074
v 7.765440 -20.516975 18.705355
v 8.579560 -20.370364 18.698649
v 15.965738 -20.436825 18.705747
v 15.148555 -20.275099 18.699370
v 17.402728 -20.349365 18.702501
v 17.382585 -20.327270 18.067026
v 18.439196 -20.314602 18.702774
v 18.428821 -20.304052 18.068682
v 19.416589 -20.267282 18.702891
v 19.408070 -20.262955 18.068822
v 20.368147 -20.239225 18.702872
v 20.364689 -20.235471 18.068790
v 21.345819 -20.241648 18.702852
v 21.348545 -20.235616 18.068782
v 22.415238 -20.268171 18.702727
v 22.422764 -20.254695 18.068655
v 23.597748 -20.289433 18.702415
v 23.618731 -20.260922 18.067162
v 25.277842 -20.384780 18.705368
v 26.091828 -20.207140 18.698778
v -16.434332 -19.227034 18.702378
v -16.466547 -19.210027 18.067239
v -15.390215 -19.042606 18.702316
v -15.410683 -19.026523 18.067174
v -14.427854 -18.978478 18.702249
v -14.431324 -18.960738 18.067102
v -13.476602 -19.029490 18.702342
v -13.466501 -19.011205 18.067179
v -12.484064 -19.180850 18.702457
v -12.466616 -19.156169 18.067197
v 1.025888 -19.191186 18.702559
v 1.002652 -19.168551 18.067229
v 2.018974 -19.038750 18.702481
v 1.998384 -19.022571 18.067258
v 2.976797 -18.978725 18.702328
v 2.967658 -18.961795 18.067131
v 3.944911 -19.032066 18.702355
v 3.949538 -19.012902 18.067134
v 4.975024 -19.195779 18.702368
v 4.990565 -19.169765 18.067111
v 18.485556 -19.222349 18.702595
v 18.466161 -19.198118 18.067313
v 19.425728 -19.064902 18.702476
v 19.410708 -19.048205 18.067302
v 20.368272 -18.985826 18.702338
v 20.358338 -18.969688 18.067150
v 21.319949 -19.007843 18.702360
v 21.323899 -18.988074 18.067131
v 22.349398 -19.124337 18.702371
v 22.361956 -19.095426 18.067043
v -18.330105 -18.585150 18.699571
v -16.310122 -17.625971 18.705627
v -15.377148 -17.385117 18.704631
v -14.412638 -17.305008 18.704384
v -13.469079 -17.406320 18.704790
v -12.583740 -17.656929 18.705759
v -10.702456 -18.521729 18.699292
v -0.684126 -18.476687 18.699172
v 1.160030 -17.654317 18.706066
v 2.042281 -17.409701 18.705172
v 2.994618 -17.304702 18.704664
v 3.972673 -17.384939 18.704746
v 4.893128 -17.625770 18.705618
v 6.890913 -18.579656 18.699259
v 16.811693 -18.549498 18.699224
v 18.586678 -17.703756 18.706075
v 19.434584 -17.444753 18.705224
v 20.358911 -17.315148 18.704702
v 21.300883 -17.347257 18.704866
v 22.210846 -17.541756 18.705405
v 24.250570 -18.386647 18.699550
v -16.427395 -16.795612 18.699741
v -15.408925 -16.542404 18.698371
v -14.379780 -16.455046 18.698690
v -13.366636 -16.569577 18.698874
v -12.418257 -16.837490 18.700293
v 1.028008 -16.827134 18.700588
v 1.976728 -16.569187 18.699148
v 3.013871 -16.458285 18.698641
v 4.067356 -16.547579 18.697967
v 5.083522 -16.810156 18.699835
v 18.432631 -16.885308 18.700704
v 19.348167 -16.615201 18.699820
v 20.348967 -16.480397 18.699047
v 21.372399 -16.505369 18.698664
v 22.368571 -16.730396 18.698897
v -18.105868 -8.692327 18.699380
v -16.247010 -10.328392 18.698663
v -16.131980 -9.497527 18.705644
v -15.279915 -10.529195 18.697662
v -15.235878 -9.689156 18.704793
v -14.274733 -10.577781 18.698282
v -14.299284 -9.736525 18.704488
v -13.267116 -10.466233 18.699403
v -13.366045 -9.625019 18.704883
v -12.318054 -10.177886 18.700823
v -12.488949 -9.361373 18.705682
v -10.634760 -8.471371 18.699115
v -0.831795 -8.423350 18.699375
v 0.850031 -10.153739 18.699402
v 1.079785 -9.361056 18.705762
v 1.856377 -10.470027 18.698677
v 1.978184 -9.634480 18.705036
v 2.903090 -10.589421 18.698910
v 2.933093 -9.750242 18.704674
v 3.957804 -10.528011 18.699499
v 3.900078 -9.683779 18.704864
v 4.980958 -10.263212 18.700913
v 4.817983 -9.453356 18.705599
v 6.790146 -8.590909 18.699365
v 16.869587 -8.569835 18.699007
v 18.528386 -10.201706 18.699708
v 18.669475 -9.383039 18.705913
v 19.446994 -10.463455 18.698944
v 19.528173 -9.629736 18.705085
v 20.443663 -10.583198 18.698280
v 20.454603 -9.743459 18.704583
v 21.462876 -10.536450 18.697872
v 21.395785 -9.694238 18.704750
v 22.456959 -10.299007 18.698461
v 22.304027 -9.481522 18.705319
v 24.321557 -8.608088 18.699516
v -16.285418 -7.950538 18.702428
v -16.308485 -7.972658 18.067047
v -15.276254 -8.074442 18.702379
v -15.288278 -8.091491 18.067088
v -14.328401 -8.104368 18.702303
v -14.327566 -8.120322 18.067078
v -13.385283 -8.028549 18.702334
v -13.375596 -8.045322 18.067184
v -12.410140 -7.855321 18.702379
v -12.389148 -7.875527 18.067179
v 1.060024 -7.884763 18.702499
v 1.049940 -7.912087 18.067102
v 2.041270 -8.048226 18.702490
v 2.035723 -8.066560 18.067223
v 2.987210 -8.118488 18.702353
v 2.987823 -8.134332 18.067175
v 3.936808 -8.079795 18.702375
v 3.947565 -8.097816 18.067228
v 4.942710 -7.940907 18.702390
v 4.960733 -7.966240 18.067213
v 18.556153 -7.885933 18.702518
v 18.533840 -7.906760 18.067183
v 19.514317 -8.036962 18.702451
v 19.500671 -8.052825 18.067210
v 20.457129 -8.102160 18.702330
v 20.451094 -8.118048 18.067084
v 21.405224 -8.062340 18.702334
v 21.413382 -8.080381 18.067073
v 22.424902 -7.921290 18.702382
v 22.444750 -7.944642 18.067008
v -19.094003 -6.782346 18.705710
v -19.891598 -7.000570 18.700391
v -17.494070 -6.831163 18.702419
v -17.521421 -6.844873 18.067218
v -16.345948 -6.844118 18.702718
v -16.357812 -6.852328 18.068640
v -15.302664 -6.871229 18.702845
v -15.308300 -6.875704 18.068774
v -14.339485 -6.875055 18.702854
v -14.338789 -6.878448 18.068773
v -13.389052 -6.845619 18.702842
v -13.383489 -6.849481 18.068773
v -12.390160 -6.791072 18.702716
v -12.378527 -6.797780 18.068626
v -11.310710 -6.744160 18.702465
v -11.285451 -6.757874 18.066952
v -9.837406 -6.648790 18.705750
v -9.033804 -6.808160 18.698180
v -1.627173 -6.544347 18.705852
v -2.466053 -6.636370 18.700103
v -0.043628 -6.718037 18.702477
v -0.063483 -6.745362 18.067260
v 1.048728 -6.772270 18.702746
v 1.043865 -6.787115 18.068660
v 2.062208 -6.831904 18.702896
v 2.058684 -6.837960 18.068825
v 3.018034 -6.866308 18.702883
v 3.018701 -6.870179 18.068801
v 3.976070 -6.865303 18.702867
v 3.981903 -6.870656 18.068800
v 5.002630 -6.836939 18.702742
v 5.012442 -6.848548 18.068660
v 6.119762 -6.812200 18.702504
v 6.142699 -6.836218 18.067017
v 7.693231 -6.710207 18.705745
v 8.507133 -6.864075 18.698181
v 16.014966 -6.726000 18.705839
v 15.209291 -6.905646 18.700224
v 17.458929 -6.788712 18.702477
v 17.435844 -6.804429 18.067081
v 18.511211 -6.812031 18.702749
v 18.499806 -6.819870 18.068656
v 19.499060 -6.850724 18.702876
v 19.492002 -6.854540 18.068806
v 20.449488 -6.868258 18.702866
v 20.446872 -6.871752 18.068785
v 21.416444 -6.852793 18.702844
v 21.420484 -6.857969 18.068772
v 22.471646 -6.810467 18.702730
v 22.481991 -6.820420 18.068658
v 23.642717 -6.773648 18.702463
v 23.668434 -6.791499 18.067180
v 25.283124 -6.669815 18.705693
v 26.086020 -6.851201 18.699130
v -19.375676 -5.884969 18.704832
v -20.211312 -6.009940 18.698457
v -17.665016 -5.825618 18.702402
v -17.685164 -5.830120 18.067249
v -16.402989 -5.817209 18.702854
v -16.408933 -5.820228 18.068786
v -15.326419 -5.821885 18.702991
v -15.329231 -5.823963 18.068910
v -14.344442 -5.820349 18.703004
v -14.344266 -5.822373 18.068914
v -13.378510 -5.809283 18.703004
v -13.375622 -5.811828 18.068925
v -12.352174 -5.792233 18.702878
v -12.347114 -5.796183 18.068805
v -11.171641 -5.787302 18.702472
v -11.153559 -5.791739 18.067080
v -9.597528 -5.798007 18.705145
v -8.760968 -5.901009 18.698113
v -1.845412 -5.669284 18.704877
v -2.687472 -5.715804 18.699834
v -0.187210 -5.712726 18.702328
v -0.204348 -5.730903 18.067230
v 1.021872 -5.742793 18.702836
v 1.018103 -5.750732 18.068768
v 2.068142 -5.775236 18.703003
v 2.065593 -5.778437 18.068922
v 3.040674 -5.797303 18.703010
v 3.040813 -5.799655 18.068919
v 4.014733 -5.806443 18.703003
v 4.017684 -5.809634 18.068923
v 5.068868 -5.806160 18.702869
v 5.073877 -5.813144 18.068796
v 6.294496 -5.809858 18.702432
v 6.311698 -5.826946 18.067063
v 7.953417 -5.826361 18.704946
v 8.786745 -5.918150 18.697294
v 15.750126 -5.840304 18.705095
v 14.916317 -5.945772 18.699292
v 17.291304 -5.806404 18.702401
v 17.274674 -5.817920 18.067138
v 18.457084 -5.803355 18.702874
v 18.452162 -5.808948 18.068802
v 19.475960 -5.811758 18.703013
v 19.472585 -5.814626 18.068934
v 20.442176 -5.814316 18.703008
v 20.441518 -5.816582 18.068918
v 21.429306 -5.806223 18.702991
v 21.431629 -5.808872 18.068911
v 22.516965 -5.788823 18.702868
v 22.522422 -5.793635 18.068799
v 23.796559 -5.776115 18.702467
v 23.815356 -5.785109 18.067221
v 25.539788 -5.781329 18.704875
v 26.373043 -5.874959 18.697418
v -19.498113 -4.919727 18.704359
v -20.340745 -4.968683 18.697713
v -17.731899 -4.861287 18.702325
v -17.750999 -4.851616 18.067142
v -16.429354 -4.841805 18.702860
v -16.434007 -4.838851 18.068779
v -15.338040 -4.833107 18.703000
v -15.340239 -4.832340 18.068908
v -14.346248 -4.829684 18.703011
v -14.346048 -4.829405 18.068912
v -13.370892 -4.830385 18.703012
v -13.368530 -4.829958 18.068922
v -12.330503 -4.835135 18.702885
v -12.327025 -4.833671 18.068799
v -11.110777 -4.846866 18.702415
v -11.095282 -4.842335 18.067063
v -9.491930 -4.887690 18.704756
v -8.648920 -4.924421 18.697369
v -1.924054 -4.736266 18.704314
v -2.767038 -4.722823 18.699767
v -0.236666 -4.760491 18.702205
v -0.255134 -4.766553 18.067147
v 1.017121 -4.774729 18.702838
v 1.012943 -4.776464 18.068760
v 2.077965 -4.787978 18.703002
v 2.075572 -4.788345 18.068911
v 3.058170 -4.801018 18.703010
v 3.058167 -4.801193 18.068910
v 4.039830 -4.814803 18.703003
v 4.042205 -4.815026 18.068913
v 5.106191 -4.830429 18.702870
v 5.110441 -4.830981 18.068787
v 6.370474 -4.849671 18.702367
v 6.387574 -4.851952 18.066999
v 8.065022 -4.879627 18.704515
v 8.906371 -4.893955 18.696476
v 15.632625 -4.886760 18.704714
v 14.784627 -4.908530 18.698732
v 17.220387 -4.855711 18.702329
v 17.204707 -4.856938 18.067096
v 18.428621 -4.842047 18.702869
v 18.425161 -4.842189 18.068786
v 19.462450 -4.833935 18.703012
v 19.459900 -4.833967 18.068922
v 20.437416 -4.828513 18.703010
v 20.436982 -4.828478 18.068911
v 21.434039 -4.825139 18.702997
v 21.435995 -4.824878 18.068907
v 22.535720 -4.823858 18.702875
v 22.540300 -4.822974 18.068794
v 23.853941 -4.825785 18.702414
v 23.872150 -4.823226 18.067125
v 25.642996 -4.845571 18.704471
v 26.486314 -4.862542 18.696658
v -19.439633 -3.947875 18.704568
v -20.286874 -3.925126 18.696869
v -17.684238 -3.884118 18.702400
v -17.701915 -3.858415 18.067157
v -16.417669 -3.853333 18.702846
v -16.422182 -3.844109 18.068776
v -15.334674 -3.831973 18.702995
v -15.337013 -3.828449 18.068913
v -14.345000 -3.827327 18.703008
v -14.344609 -3.824836 18.068917
v -13.371205 -3.840867 18.703007
v -13.368136 -3.837484 18.068927
v -12.336588 -3.869522 18.702875
v -12.331674 -3.862330 18.068802
v -11.146635 -3.903205 18.702458
v -11.129361 -3.889334 18.067110
v -9.543119 -3.969217 18.705030
v -8.696138 -3.932774 18.697787
v -1.835176 -3.789605 18.704413
v -2.677048 -3.704499 18.699848
v -0.179952 -3.805629 18.702250
v -0.199672 -3.797223 18.067217
v 1.044196 -3.801564 18.702831
v 1.038556 -3.797248 18.068768
v 2.096850 -3.795068 18.702992
v 2.093697 -3.792586 18.068912
v 3.072435 -3.799290 18.703000
v 3.072259 -3.797086 18.068910
v 4.049646 -3.817826 18.702994
v 4.052431 -3.814928 18.068915
v 5.107306 -3.850201 18.702872
v 5.112777 -3.844167 18.068800
v 6.339344 -3.887356 18.702494
v 6.357467 -3.874538 18.067098
v 8.010092 -3.930795 18.704934
v 8.858572 -3.867231 18.696658
v 15.696606 -3.914062 18.704936
v 14.847994 -3.853631 18.698946
v 17.260692 -3.895983 18.702399
v 17.243146 -3.885091 18.067181
v 18.437787 -3.871072 18.702871
v 18.432256 -3.865285 18.068801
v 19.463714 -3.846188 18.703005
v 19.459993 -3.843190 18.068925
v 20.435020 -3.832849 18.703002
v 20.434140 -3.830419 18.068911
v 21.428161 -3.834477 18.702988
v 21.430163 -3.831362 18.068907
v 22.522325 -3.850408 18.702867
v 22.527387 -3.843567 18.068795
v 23.809618 -3.872930 18.702486
v 23.827367 -3.854467 18.067138
v 25.579199 -3.908374 18.704706
v 26.421137 -3.849785 18.695794
v -19.226855 -3.033278 18.705446
v -20.071904 -2.934259 18.697785
v -17.527943 -2.835975 18.702455
v -17.546603 -2.796591 18.067119
v -16.372933 -2.783962 18.702739
v -16.378017 -2.765942 18.068665
v -15.317368 -2.741969 18.702890
v -15.320481 -2.734879 18.068821
v -14.339456 -2.734287 18.702889
v -14.338027 -2.729809 18.068810
v -13.374725 -2.768811 18.702880
v -13.368243 -2.763388 18.068813
v -12.358783 -2.839091 18.702753
v -12.348222 -2.827590 18.068670
v -11.264182 -2.915812 18.702503
v -11.240399 -2.893025 18.067056
v -9.739355 -3.094979 18.705648
v -8.910998 -2.990084 18.698304
v -1.588655 -2.873571 18.705282
v -2.401693 -2.694183 18.701506
v -0.018708 -2.786076 18.702289
v -0.044631 -2.766941 18.067247
v 1.099238 -2.757599 18.702727
v 1.088301 -2.746963 18.068654
v 2.124620 -2.722929 18.702873
v 2.117900 -2.717633 18.068797
v 3.085323 -2.714796 18.702867
v 3.084263 -2.710501 18.068786
v 4.048595 -2.743433 18.702857
v 4.053782 -2.737976 18.068789
v 5.082887 -2.805597 18.702747
v 5.093836 -2.794846 18.068667
v 6.214883 -2.873466 18.702554
v 6.239633 -2.852906 18.067052
v 7.799298 -3.032513 18.705703
v 8.625841 -2.889570 18.697569
v 15.924102 -2.994761 18.705723
v 15.106911 -2.830482 18.700305
v 17.402992 -2.882650 18.702476
v 17.377188 -2.866455 18.067205
v 18.475166 -2.831955 18.702763
v 18.461685 -2.822931 18.068676
v 19.476651 -2.776307 18.702874
v 19.467593 -2.771481 18.068804
v 20.434584 -2.747857 18.702864
v 20.431415 -2.743371 18.068785
v 21.413353 -2.756700 18.702853
v 21.415941 -2.750314 18.068786
v 22.482495 -2.799951 18.702735
v 22.490375 -2.786203 18.068665
v 23.668287 -2.853305 18.702520
v 23.689840 -2.823894 18.067032
v 25.358634 -3.013900 18.705411
v 26.190488 -2.878879 18.696422
v -16.327651 -1.610082 18.702425
v -16.334862 -1.576398 18.067185
v -15.297784 -1.472698 18.702479
v -15.302745 -1.451816 18.067307
v -14.326627 -1.441805 18.702376
v -14.321487 -1.424490 18.067207
v -13.361671 -1.528932 18.702420
v -13.346635 -1.511548 18.067249
v -12.359351 -1.727337 18.702469
v -12.338656 -1.702781 18.067206
v 1.155901 -1.618673 18.702547
v 1.133839 -1.594288 18.066989
v 2.151190 -1.481925 18.702502
v 2.135946 -1.463893 18.067129
v 3.100651 -1.438935 18.702372
v 3.095555 -1.421444 18.067067
v 4.052818 -1.504178 18.702371
v 4.063726 -1.486058 18.067123
v 5.067784 -1.678803 18.702387
v 5.088571 -1.654650 18.067141
v 18.506143 -1.711667 18.702552
v 18.477687 -1.690055 18.067103
v 19.486156 -1.541242 18.702478
v 19.464119 -1.524467 18.067181
v 20.435024 -1.463885 18.702324
v 20.423854 -1.446086 18.067095
v 21.400919 -1.496351 18.702344
v 21.404631 -1.475607 18.067177
v 22.444747 -1.639609 18.702328
v 22.457100 -1.609368 18.067164
v -18.313817 -1.018977 18.699756
v -16.243966 -0.033430 18.705677
v -15.298611 0.202752 18.704980
v -14.301704 0.255995 18.704557
v -13.304590 0.119205 18.704936
v -12.397519 -0.174513 18.705827
v -10.503087 -1.177762 18.699260
v -0.629349 -0.882808 18.699344
v 1.303375 -0.032294 18.705710
v 2.184052 0.192888 18.705080
v 3.122715 0.262820 18.704584
v 4.082098 0.156663 18.704673
v 4.998070 -0.105750 18.705547
v 6.967102 -1.082793 18.699448
v 16.774541 -1.029859 18.699406
v 18.627968 -0.130371 18.705789
v 19.497494 0.134237 18.705043
v 20.436164 0.252235 18.704415
v 21.410090 0.197931 18.704621
v 22.351292 -0.027077 18.705446
v 24.433911 -1.005899 18.699740
v -16.432608 0.770398 18.699886
v -15.371120 1.045492 18.699145
v -14.281682 1.091993 18.698833
v -13.199067 0.951619 18.699130
v -12.181092 0.628861 18.700878
v 1.180141 0.787413 18.697177
v 2.118920 1.033858 18.696948
v 3.134921 1.108444 18.697428
v 4.170998 0.990807 18.697620
v 5.184815 0.701230 18.699854
v 18.495250 0.686373 18.698659
v 19.418306 0.975607 18.698451
v 20.436516 1.091046 18.697905
v 21.488596 1.034442 18.698413
v 22.529642 0.784720 18.700474
v -22.854086 -31.104336 0.517160
v -23.285980 -30.703341 0.517837
v 28.974982 -30.706179 0.000658
v -20.834554 -29.010043 0.511145
v 27.371731 -28.294735 0.511505
v -21.235459 1.273027 0.514607
v -20.836737 1.957361 0.512696
v -22.852771 4.051498 0.517950
v -22.853092 3.655907 0.000841
v 29.423619 3.665757 0.517043
v 26.898787 -28.994984 13.632482
v -21.231453 -28.222221 13.635219
v 27.368897 1.202335 13.636556
v 26.885651 1.943169 13.634037
v -22.845945 -30.693864 14.795668
v 28.969808 -31.103934 14.331632
v 29.423805 -30.694905 14.331307
v 26.899232 -28.217565 14.163139
v -20.775535 1.174817 14.163564
v -23.284654 3.653471 14.329485
v 28.963462 3.660522 14.795688
v 28.962946 4.052245 14.330872
v -10.754635 -25.833516 18.052623
v 6.619480 -26.015124 18.054541
v 24.128795 -26.057015 18.053806
v -18.224414 -18.776349 18.052929
v -0.560107 -18.652899 18.052805
v 16.960392 -18.703665 18.052122
v -10.782179 -8.315705 18.052432
v 6.607799 -8.474754 18.053125
v 24.181024 -8.449100 18.053459
v -18.087039 -1.072956 18.054767
v -0.527943 -1.070875 18.052829
v 16.880499 -1.217918 18.053940
# 10602 vertices, 0 vertices normals

f 1 2 4
f 5 6 8
f 9 10 12
f 13 14 16
f 17 18 20
f 21 22 24
f 2 25 3
f 27 5 28
f 10 29 11
f 31 13 32
f 18 33 19
f 35 21 36
f 37 38 40
f 41 42 44
f 45 46 48
f 49 50 52
f 53 54 56
f 57 58 60
f 38 61 39
f 63 41 64
f 46 65 47
f 67 49 68
f 54 69 55
f 71 57 72
f 73 74 76
f 77 78 80
f 81 82 84
f 85 86 88
f 89 90 92
f 93 94 96
f 74 97 75
f 99 77 100
f 82 101 83
f 103 85 104
f 90 105 91
f 107 93 108
f 109 110 112
f 113 114 116
f 117 118 120
f 121 122 124
f 125 126 128
f 129 130 132
f 110 133 111
f 135 113 136
f 118 137 119
f 139 121 140
f 126 141 127
f 143 129 144
f 145 146 148
f 149 146 150
f 148 147 152
f 4 153 1
f 6 155 7
f 157 158 160
f 160 159 162
f 162 161 164
f 165 166 168
f 169 166 170
f 168 167 172
f 12 173 9
f 14 175 15
f 177 178 180
f 180 179 182
f 182 181 184
f 185 186 188
f 189 186 190
f 188 187 192
f 20 193 17
f 22 195 23
f 197 198 200
f 200 199 202
f 202 201 204
f 205 26 206
f 207 149 208
f 28 209 27
f 164 163 212
f 213 30 214
f 215 169 216
f 32 217 31
f 184 183 220
f 221 34 222
f 223 189 224
f 36 225 35
f 204 203 228
f 229 37 230
f 42 231 43
f 233 45 234
f 50 235 51
f 237 53 238
f 58 239 59
f 241 242 244
f 245 246 248
f 249 250 252
f 253 254 256
f 257 258 260
f 261 262 264
f 265 266 268
f 265 241 266
f 268 267 270
f 271 62 272
f 273 63 274
f 275 276 278
f 278 277 280
f 248 247 279
f 281 282 284
f 281 249 282
f 284 283 286
f 287 66 288
f 289 67 290
f 291 292 294
f 294 293 296
f 256 255 295
f 297 298 300
f 297 257 298
f 300 299 302
f 303 70 304
f 305 71 306
f 307 308 310
f 310 309 312
f 264 263 311
f 313 314 316
f 317 314 318
f 316 315 320
f 76 321 73
f 78 323 79
f 325 326 328
f 328 327 330
f 330 329 332
f 333 334 336
f 337 334 338
f 336 335 340
f 84 341 81
f 86 343 87
f 345 346 348
f 348 347 350
f 350 349 352
f 353 354 356
f 357 354 358
f 356 355 360
f 92 361 89
f 94 363 95
f 365 366 368
f 368 367 370
f 370 369 372
f 373 98 374
f 375 317 376
f 100 377 99
f 332 331 380
f 381 102 382
f 383 337 384
f 104 385 103
f 352 351 388
f 389 106 390
f 391 357 392
f 108 393 107
f 372 371 396
f 397 109 398
f 114 399 115
f 401 117 402
f 122 403 123
f 405 125 406
f 130 407 131
f 409 410 412
f 413 414 416
f 417 418 420
f 421 422 424
f 425 426 428
f 429 430 432
f 433 434 436
f 433 409 434
f 436 435 438
f 439 134 440
f 441 135 442
f 443 444 446
f 446 445 448
f 416 415 447
f 449 450 452
f 449 417 450
f 452 451 454
f 455 138 456
f 457 139 458
f 459 460 462
f 462 461 464
f 424 423 463
f 465 466 468
f 465 425 466
f 468 467 470
f 471 142 472
f 473 143 474
f 475 476 478
f 478 477 480
f 432 431 479
f 481 145 482
f 150 145 483
f 482 148 484
f 153 485 154
f 155 487 156
f 489 157 490
f 490 160 491
f 491 162 492
f 493 165 494
f 170 165 495
f 494 168 496
f 173 497 174
f 175 499 176
f 501 177 502
f 502 180 503
f 503 182 504
f 505 185 506
f 190 185 507
f 506 188 508
f 193 509 194
f 195 511 196
f 513 197 514
f 514 200 515
f 515 202 516
f 517 205 518
f 208 150 519
f 209 520 210
f 492 164 522
f 523 213 524
f 216 170 525
f 217 526 218
f 504 184 528
f 529 221 530
f 224 190 531
f 225 532 226
f 516 204 534
f 535 229 536
f 231 537 232
f 539 233 540
f 235 541 236
f 543 237 544
f 239 545 240
f 244 243 548
f 549 245 550
f 252 251 552
f 553 253 554
f 260 259 556
f 557 261 558
f 266 559 267
f 266 244 559
f 267 560 269
f 562 271 563
f 564 273 565
f 276 566 277
f 277 567 279
f 550 248 568
f 282 569 283
f 282 252 569
f 283 570 285
f 572 287 573
f 574 289 575
f 292 576 293
f 293 577 295
f 554 256 578
f 298 579 299
f 298 260 579
f 299 580 301
f 582 303 583
f 584 305 585
f 308 586 309
f 309 587 311
f 558 264 588
f 589 313 590
f 318 313 591
f 590 316 592
f 321 593 322
f 323 595 324
f 597 325 598
f 598 328 599
f 599 330 600
f 601 333 602
f 338 333 603
f 602 336 604
f 341 605 342
f 343 607 344
f 609 345 610
f 610 348 611
f 611 350 612
f 613 353 614
f 358 353 615
f 614 356 616
f 361 617 362
f 363 619 364
f 621 365 622
f 622 368 623
f 623 370 624
f 625 373 626
f 376 318 627
f 377 628 378
f 600 332 630
f 631 381 632
f 384 338 633
f 385 634 386
f 612 352 636
f 637 389 638
f 392 358 639
f 393 640 394
f 624 372 642
f 643 397 644
f 399 645 400
f 647 401 648
f 403 649 404
f 651 405 652
f 407 653 408
f 412 411 656
f 657 413 658
f 420 419 660
f 661 421 662
f 428 427 664
f 665 429 666
f 434 667 435
f 434 412 667
f 435 668 437
f 670 439 671
f 672 441 673
f 444 674 445
f 445 675 447
f 658 416 676
f 450 677 451
f 450 420 677
f 451 678 453
f 680 455 681
f 682 457 683
f 460 684 461
f 461 685 463
f 662 424 686
f 466 687 467
f 466 428 687
f 467 688 469
f 690 471 691
f 692 473 693
f 476 694 477
f 477 695 479
f 666 432 696
f 697 481 698
f 483 481 699
f 698 482 700
f 485 701 486
f 487 703 488
f 705 489 706
f 706 490 707
f 707 491 708
f 709 493 710
f 495 493 711
f 710 494 712
f 497 713 498
f 499 715 500
f 717 501 718
f 718 502 719
f 719 503 720
f 721 505 722
f 507 505 723
f 722 506 724
f 509 725 510
f 511 727 512
f 729 513 730
f 730 514 731
f 731 515 732
f 733 517 734
f 519 483 735
f 520 736 521
f 708 492 738
f 739 523 740
f 525 495 741
f 526 742 527
f 720 504 744
f 745 529 746
f 531 507 747
f 532 748 533
f 732 516 750
f 751 535 752
f 537 753 538
f 755 539 756
f 541 757 542
f 759 543 760
f 545 761 546
f 548 547 764
f 765 549 766
f 552 551 768
f 769 553 770
f 556 555 772
f 773 557 774
f 559 775 560
f 559 548 775
f 560 776 561
f 778 562 779
f 780 564 781
f 566 782 567
f 567 783 568
f 766 550 784
f 569 785 570
f 569 552 785
f 570 786 571
f 788 572 789
f 790 574 791
f 576 792 577
f 577 793 578
f 770 554 794
f 579 795 580
f 579 556 795
f 580 796 581
f 798 582 799
f 800 584 801
f 586 802 587
f 587 803 588
f 774 558 804
f 805 589 806
f 591 589 807
f 806 590 808
f 593 809 594
f 595 811 596
f 813 597 814
f 814 598 815
f 815 599 816
f 817 601 818
f 603 601 819
f 818 602 820
f 605 821 606
f 607 823 608
f 825 609 826
f 826 610 827
f 827 611 828
f 829 613 830
f 615 613 831
f 830 614 832
f 617 833 618
f 619 835 620
f 837 621 838
f 838 622 839
f 839 623 840
f 841 625 842
f 627 591 843
f 628 844 629
f 816 600 846
f 847 631 848
f 633 603 849
f 634 850 635
f 828 612 852
f 853 637 854
f 639 615 855
f 640 856 641
f 840 624 858
f 859 643 860
f 645 861 646
f 863 647 864
f 649 865 650
f 867 651 868
f 653 869 654
f 656 655 872
f 873 657 874
f 660 659 876
f 877 661 878
f 664 663 880
f 881 665 882
f 667 883 668
f 667 656 883
f 668 884 669
f 886 670 887
f 888 672 889
f 674 890 675
f 675 891 676
f 874 658 892
f 677 893 678
f 677 660 893
f 678 894 679
f 896 680 897
f 898 682 899
f 684 900 685
f 685 901 686
f 878 662 902
f 687 903 688
f 687 664 903
f 688 904 689
f 906 690 907
f 908 692 909
f 694 910 695
f 695 911 696
f 882 666 912
f 913 697 914
f 913 914 916
f 699 697 917
f 917 913 918
f 914 698 919
f 914 919 915
f 921 920 922
f 923 924 926
f 924 705 927
f 924 927 925
f 927 706 929
f 927 929 928
f 929 707 931
f 932 930 931
f 933 709 934
f 933 934 936
f 711 709 937
f 937 933 938
f 934 710 939
f 934 939 935
f 941 940 942
f 943 944 946
f 944 717 947
f 944 947 945
f 947 718 949
f 947 949 948
f 949 719 951
f 952 950 951
f 953 721 954
f 953 954 956
f 723 721 957
f 957 953 958
f 954 722 959
f 954 959 955
f 961 960 962
f 963 964 966
f 964 729 967
f 964 967 965
f 967 730 969
f 967 969 968
f 969 731 971
f 972 970 971
f 973 974 976
f 735 699 976
f 976 917 973
f 974 977 975
f 979 733 980
f 701 979 702
f 977 921 978
f 703 981 704
f 983 923 984
f 984 985 983
f 736 982 737
f 985 987 986
f 931 708 988
f 987 932 988
f 989 990 992
f 741 711 992
f 992 937 989
f 990 993 991
f 995 739 996
f 713 995 714
f 993 941 994
f 715 997 716
f 999 943 1000
f 1000 1001 999
f 742 998 743
f 1001 1003 1002
f 951 720 1004
f 1003 952 1004
f 1005 1006 1008
f 747 723 1008
f 1008 957 1005
f 1006 1009 1007
f 1011 745 1012
f 725 1011 726
f 1009 961 1010
f 727 1013 728
f 1015 963 1016
f 1016 1017 1015
f 748 1014 749
f 1017 1019 1018
f 971 732 1020
f 1019 972 1020
f 1021 1022 1024
f 1022 1025 1023
f 1027 751 1028
f 1029 1030 1032
f 753 1033 754
f 1030 1035 1031
f 1037 1038 1040
f 1038 1041 1039
f 1043 755 1044
f 1045 1046 1048
f 757 1049 758
f 1046 1051 1047
f 1053 1054 1056
f 1054 1057 1055
f 1059 759 1060
f 1061 1062 1064
f 761 1065 762
f 1062 1067 1063
f 764 763 1069
f 1069 1021 1070
f 1028 778 1027
f 1071 1026 1072
f 1033 780 1034
f 1073 1029 1074
f 1035 765 1075
f 1076 1036 1075
f 768 767 1077
f 1077 1037 1078
f 1044 788 1043
f 1079 1042 1080
f 1049 790 1050
f 1081 1045 1082
f 1051 769 1083
f 1084 1052 1083
f 772 771 1085
f 1085 1053 1086
f 1060 798 1059
f 1087 1058 1088
f 1065 800 1066
f 1089 1061 1090
f 1067 773 1091
f 1092 1068 1091
f 1093 1094 1096
f 775 1096 776
f 775 764 1096
f 1096 1069 1093
f 1094 1097 1095
f 776 1095 777
f 1097 1071 1098
f 1099 1073 1100
f 1100 1101 1099
f 782 1099 783
f 1101 1103 1102
f 783 1102 784
f 1075 766 1104
f 1103 1076 1104
f 1105 1106 1108
f 785 1108 786
f 785 768 1108
f 1108 1077 1105
f 1106 1109 1107
f 786 1107 787
f 1109 1079 1110
f 1111 1081 1112
f 1112 1113 1111
f 792 1111 793
f 1113 1115 1114
f 793 1114 794
f 1083 770 1116
f 1115 1084 1116
f 1117 1118 1120
f 795 1120 796
f 795 772 1120
f 1120 1085 1117
f 1118 1121 1119
f 796 1119 797
f 1121 1087 1122
f 1123 1089 1124
f 1124 1125 1123
f 802 1123 803
f 1125 1127 1126
f 803 1126 804
f 1091 774 1128
f 1127 1092 1128
f 1129 805 1130
f 1129 1130 1132
f 807 805 1133
f 1133 1129 1134
f 1130 806 1135
f 1130 1135 1131
f 1137 1136 1138
f 1139 1140 1142
f 1140 813 1143
f 1140 1143 1141
f 1143 814 1145
f 1143 1145 1144
f 1145 815 1147
f 1148 1146 1147
f 1149 817 1150
f 1149 1150 1152
f 819 817 1153
f 1153 1149 1154
f 1150 818 1155
f 1150 1155 1151
f 1157 1156 1158
f 1159 1160 1162
f 1160 825 1163
f 1160 1163 1161
f 1163 826 1165
f 1163 1165 1164
f 1165 827 1167
f 1168 1166 1167
f 1169 829 1170
f 1169 1170 1172
f 831 829 1173
f 1173 1169 1174
f 1170 830 1175
f 1170 1175 1171
f 1177 1176 1178
f 1179 1180 1182
f 1180 837 1183
f 1180 1183 1181
f 1183 838 1185
f 1183 1185 1184
f 1185 839 1187
f 1188 1186 1187
f 1189 1190 1192
f 843 807 1192
f 1192 1133 1189
f 1190 1193 1191
f 1195 841 1196
f 809 1195 810
f 1193 1137 1194
f 811 1197 812
f 1199 1139 1200
f 1200 1201 1199
f 844 1198 845
f 1201 1203 1202
f 1147 816 1204
f 1203 1148 1204
f 1205 1206 1208
f 849 819 1208
f 1208 1153 1205
f 1206 1209 1207
f 1211 847 1212
f 821 1211 822
f 1209 1157 1210
f 823 1213 824
f 1215 1159 1216
f 1216 1217 1215
f 850 1214 851
f 1217 1219 1218
f 1167 828 1220
f 1219 1168 1220
f 1221 1222 1224
f 855 831 1224
f 1224 1173 1221
f 1222 1225 1223
f 1227 853 1228
f 833 1227 834
f 1225 1177 1226
f 835 1229 836
f 1231 1179 1232
f 1232 1233 1231
f 856 1230 857
f 1233 1235 1234
f 1187 840 1236
f 1235 1188 1236
f 1237 1238 1240
f 1238 1241 1239
f 1243 859 1244
f 1245 1246 1248
f 861 1249 862
f 1246 1251 1247
f 1253 1254 1256
f 1254 1257 1255
f 1259 863 1260
f 1261 1262 1264
f 865 1265 866
f 1262 1267 1263
f 1269 1270 1272
f 1270 1273 1271
f 1275 867 1276
f 1277 1278 1280
f 869 1281 870
f 1278 1283 1279
f 872 871 1285
f 1285 1237 1286
f 1244 886 1243
f 1287 1242 1288
f 1249 888 1250
f 1289 1245 1290
f 1251 873 1291
f 1292 1252 1291
f 876 875 1293
f 1293 1253 1294
f 1260 896 1259
f 1295 1258 1296
f 1265 898 1266
f 1297 1261 1298
f 1267 877 1299
f 1300 1268 1299
f 880 879 1301
f 1301 1269 1302
f 1276 906 1275
f 1303 1274 1304
f 1281 908 1282
f 1305 1277 1306
f 1283 881 1307
f 1308 1284 1307
f 1309 1310 1312
f 883 1312 884
f 883 872 1312
f 1312 1285 1309
f 1310 1313 1311
f 884 1311 885
f 1313 1287 1314
f 1315 1289 1316
f 1316 1317 1315
f 890 1315 891
f 1317 1319 1318
f 891 1318 892
f 1291 874 1320
f 1319 1292 1320
f 1321 1322 1324
f 893 1324 894
f 893 876 1324
f 1324 1293 1321
f 1322 1325 1323
f 894 1323 895
f 1325 1295 1326
f 1327 1297 1328
f 1328 1329 1327
f 900 1327 901
f 1329 1331 1330
f 901 1330 902
f 1299 878 1332
f 1331 1300 1332
f 1333 1334 1336
f 903 1336 904
f 903 880 1336
f 1336 1301 1333
f 1334 1337 1335
f 904 1335 905
f 1337 1303 1338
f 1339 1305 1340
f 1340 1341 1339
f 910 1339 911
f 1341 1343 1342
f 911 1342 912
f 1307 882 1344
f 1343 1308 1344
f 1345 1346 10569
f 1346 1345 1350
f 1345 1348 10570
f 1346 1352 1347
f 1352 1346 1354
f 1352 1355 1353
f 1355 1352 1357
f 1355 1358 1356
f 1358 1355 1360
f 1358 1361 1359
f 1361 1358 1363
f 1361 1364 1362
f 1364 1361 1366
f 1364 1367 1365
f 1367 1364 1369
f 1367 1370 1368
f 1370 1367 1372
f 1370 1373 1371
f 1373 1370 1375
f 1373 1376 1374
f 1376 1373 1378
f 1376 1379 1377
f 1379 1376 1381
f 1379 1382 1380
f 1382 1379 1384
f 1382 1385 1383
f 1385 1382 1387
f 1385 1388 1386
f 1388 1385 1390
f 1388 1391 1389
f 1391 1388 1393
f 1391 1394 1392
f 1394 1391 1396
f 1394 1397 1395
f 1397 1394 1399
f 1397 1400 1398
f 1400 1397 1402
f 1400 1403 1401
f 1403 1400 1405
f 1403 1406 1404
f 1406 1403 1408
f 1406 1409 1407
f 1409 1406 1411
f 1409 1412 1410
f 1412 1409 1414
f 1412 1415 1413
f 1415 1412 1417
f 1415 1418 1416
f 1418 1415 1420
f 1418 1421 1419
f 1421 1418 1423
f 1421 1424 1422
f 1424 1421 1426
f 1424 1427 1425
f 1427 1424 1429
f 1427 1430 1428
f 1430 1427 1432
f 1430 1433 1431
f 1433 1430 1435
f 1433 1436 1434
f 1436 1433 1438
f 1436 1439 1437
f 1439 1436 1441
f 1439 1442 1440
f 1442 1439 1444
f 1442 1445 1443
f 1445 1442 1447
f 1445 1448 1446
f 1448 1445 1450
f 1448 1451 1449
f 1451 1448 1453
f 1451 1454 1452
f 1454 1451 1456
f 1454 1457 1455
f 1457 1454 1459
f 1457 1460 1458
f 1460 1457 1462
f 1460 1463 1461
f 1463 1460 1465
f 1463 1466 1464
f 1466 1463 1468
f 1466 1469 1467
f 1469 1466 1471
f 1469 1472 1470
f 1472 1469 1474
f 1472 1475 1473
f 1475 1472 1477
f 1475 1478 1476
f 1478 1475 1480
f 1478 1481 1479
f 1481 1478 1483
f 1481 1484 1482
f 1484 1481 1486
f 1484 1487 1485
f 1487 1484 1489
f 1487 1490 1488
f 1490 1487 1492
f 1490 1493 1491
f 1493 1490 1495
f 1493 1496 1494
f 1496 1493 1498
f 1496 1499 1497
f 1499 1496 1501
f 1499 1502 1500
f 1502 1499 10571
f 1503 1502 1505
f 1350 1349 1507
f 1349 1351 1506
f 1354 1350 1509
f 1357 1354 1510
f 1360 1357 1511
f 1363 1360 1512
f 1366 1363 1513
f 1369 1366 1514
f 1372 1369 1515
f 1375 1372 1516
f 1378 1375 1517
f 1381 1378 1518
f 1384 1381 1519
f 1387 1384 1520
f 1390 1387 1521
f 1393 1390 1522
f 1396 1393 1523
f 1399 1396 1524
f 1402 1399 1525
f 1405 1402 1526
f 1408 1405 1527
f 1411 1408 1528
f 1414 1411 1529
f 1417 1414 1530
f 1420 1417 1531
f 1423 1420 1532
f 1426 1423 1533
f 1429 1426 1534
f 1432 1429 1535
f 1435 1432 1536
f 1438 1435 1537
f 1441 1438 1538
f 1444 1441 1539
f 1447 1444 1540
f 1450 1447 1541
f 1453 1450 1542
f 1456 1453 1543
f 1459 1456 1544
f 1462 1459 1545
f 1465 1462 1546
f 1468 1465 1547
f 1471 1468 1548
f 1474 1471 1549
f 1477 1474 1550
f 1480 1477 1551
f 1483 1480 1552
f 1486 1483 1553
f 1489 1486 1554
f 1492 1489 1555
f 1495 1492 1556
f 1498 1495 1557
f 1501 1498 1558
f 1504 1501 1559
f 1505 1504 1560
f 1507 1506 1562
f 1506 1508 1561
f 1509 1507 1564
f 1564 1565 10572
f 1510 1509 1567
f 1567 1566 1569
f 1511 1510 1569
f 1569 1568 1571
f 1512 1511 1571
f 1571 1570 1573
f 1513 1512 1573
f 1573 1572 1575
f 1514 1513 1575
f 1575 1574 1577
f 1515 1514 1577
f 1577 1576 1579
f 1516 1515 1579
f 1579 1578 1581
f 1517 1516 1581
f 1581 1580 1583
f 1518 1517 1583
f 1583 1582 1585
f 1519 1518 1585
f 1585 1584 1587
f 1520 1519 1587
f 1587 1586 1589
f 1521 1520 1589
f 1589 1588 1591
f 1522 1521 1591
f 1591 1590 1593
f 1523 1522 1593
f 1593 1592 1595
f 1524 1523 1595
f 1595 1594 1597
f 1525 1524 1597
f 1597 1596 1599
f 1526 1525 1599
f 1599 1598 1601
f 1527 1526 1601
f 1601 1600 1603
f 1528 1527 1603
f 1603 1602 1605
f 1529 1528 1605
f 1605 1604 1607
f 1530 1529 1607
f 1607 1606 1609
f 1531 1530 1609
f 1609 1608 1611
f 1532 1531 1611
f 1611 1610 1613
f 1533 1532 1613
f 1613 1612 1615
f 1534 1533 1615
f 1615 1614 1617
f 1535 1534 1617
f 1617 1616 1619
f 1536 1535 1619
f 1619 1618 1621
f 1537 1536 1621
f 1621 1620 1623
f 1538 1537 1623
f 1623 1622 1625
f 1539 1538 1625
f 1625 1624 1627
f 1540 1539 1627
f 1627 1626 1629
f 1541 1540 1629
f 1629 1628 1631
f 1542 1541 1631
f 1631 1630 1633
f 1543 1542 1633
f 1633 1632 1635
f 1544 1543 1635
f 1635 1634 1637
f 1545 1544 1637
f 1637 1636 1639
f 1546 1545 1639
f 1639 1638 1641
f 1547 1546 1641
f 1641 1640 1643
f 1548 1547 1643
f 1643 1642 1645
f 1549 1548 1645
f 1645 1644 1647
f 1550 1549 1647
f 1647 1646 1649
f 1551 1550 1649
f 1649 1648 1651
f 1552 1551 1651
f 1651 1650 1653
f 1553 1552 1653
f 1653 1652 1655
f 1554 1553 1655
f 1655 1654 1657
f 1555 1554 1657
f 1657 1656 1659
f 1556 1555 1659
f 1659 1658 1661
f 1557 1556 1661
f 1558 1557 1662
f 1559 1558 1663
f 1560 1559 1664
f 1562 1561 1666
f 1561 1563 1665
f 1564 1562 1668
f 1565 1564 1669
f 1662 1661 1671
f 1661 1660 10573
f 1663 1662 1673
f 1664 1663 1674
f 1666 1665 1676
f 1665 1667 1675
f 1668 1666 1678
f 1669 1668 1679
f 1671 1670 1681
f 1670 1672 1680
f 1673 1671 1683
f 1674 1673 1684
f 1676 1675 1686
f 1675 1677 1685
f 1678 1676 1688
f 1679 1678 1689
f 1681 1680 1691
f 1680 1682 1690
f 1683 1681 1693
f 1684 1683 1694
f 1686 1685 1696
f 1685 1687 1695
f 1688 1686 1698
f 1689 1688 1699
f 1691 1690 1701
f 1690 1692 1700
f 1693 1691 1703
f 1694 1693 1704
f 1696 1695 1706
f 1695 1697 1705
f 1698 1696 1708
f 1699 1698 1709
f 1701 1700 1711
f 1700 1702 1710
f 1703 1701 1713
f 1704 1703 1714
f 1706 1705 1716
f 1705 1707 1715
f 1708 1706 1718
f 1709 1708 1719
f 1711 1710 1721
f 1710 1712 1720
f 1713 1711 1723
f 1714 1713 1724
f 1716 1715 1726
f 1715 1717 1725
f 1718 1716 1728
f 1719 1718 1729
f 1721 1720 1731
f 1720 1722 1730
f 1723 1721 1733
f 1724 1723 1734
f 1726 1725 1736
f 1725 1727 1735
f 1728 1726 1738
f 1729 1728 1739
f 1731 1730 1741
f 1730 1732 1740
f 1733 1731 1743
f 1734 1733 1744
f 1736 1735 1746
f 1735 1737 1745
f 1738 1736 1748
f 1739 1738 1749
f 1741 1740 1751
f 1740 1742 1750
f 1743 1741 1753
f 1744 1743 1754
f 1746 1745 1756
f 1745 1747 1755
f 1748 1746 1758
f 1749 1748 1759
f 1751 1750 1761
f 1750 1752 1760
f 1753 1751 1763
f 1754 1753 1764
f 1756 1755 1766
f 1755 1757 1765
f 1758 1756 1768
f 1759 1758 1769
f 1761 1760 1771
f 1760 1762 1770
f 1763 1761 1773
f 1764 1763 1774
f 1766 1765 1776
f 1765 1767 1775
f 1768 1766 1778
f 1769 1768 1779
f 1771 1770 1781
f 1770 1772 1780
f 1773 1771 1783
f 1774 1773 1784
f 1776 1775 1786
f 1775 1777 1785
f 1778 1776 1788
f 1779 1778 1789
f 1781 1780 1791
f 1780 1782 1790
f 1783 1781 1793
f 1784 1783 1794
f 1786 1785 1796
f 1785 1787 1795
f 1788 1786 1798
f 1789 1788 1799
f 1791 1790 1801
f 1790 1792 1800
f 1793 1791 1803
f 1794 1793 1804
f 1796 1795 1806
f 1795 1797 1805
f 1798 1796 1808
f 1799 1798 1809
f 1801 1800 1811
f 1800 1802 1810
f 1803 1801 1813
f 1804 1803 1814
f 1806 1805 1816
f 1805 1807 1815
f 1808 1806 1818
f 1809 1808 1819
f 1811 1810 1821
f 1810 1812 1820
f 1813 1811 1823
f 1814 1813 1824
f 1816 1815 1826
f 1815 1817 1825
f 1818 1816 1828
f 1819 1818 1829
f 1821 1820 1831
f 1820 1822 1830
f 1823 1821 1833
f 1824 1823 1834
f 1826 1825 1836
f 1825 1827 1835
f 1828 1826 1838
f 1829 1828 1839
f 1831 1830 1841
f 1830 1832 1840
f 1833 1831 1843
f 1834 1833 1844
f 1836 1835 1846
f 1835 1837 1845
f 1838 1836 1848
f 1839 1838 1849
f 1841 1840 1851
f 1840 1842 1850
f 1843 1841 1853
f 1844 1843 1854
f 1846 1845 1856
f 1845 1847 1855
f 1848 1846 1858
f 1849 1848 1859
f 1851 1850 1861
f 1850 1852 1860
f 1853 1851 1863
f 1854 1853 1864
f 1856 1855 1866
f 1855 1857 1865
f 1858 1856 1868
f 1859 1858 1869
f 1861 1860 1871
f 1860 1862 1870
f 1863 1861 1873
f 1864 1863 1874
f 1866 1865 1876
f 1865 1867 1875
f 1868 1866 1878
f 1869 1868 1879
f 1871 1870 1881
f 1870 1872 1880
f 1873 1871 1883
f 1874 1873 1884
f 1876 1875 1886
f 1875 1877 1885
f 1878 1876 1888
f 1879 1878 1889
f 1881 1880 1891
f 1880 1882 1890
f 1883 1881 1893
f 1884 1883 1894
f 1886 1885 1896
f 1885 1887 1895
f 1888 1886 1898
f 1889 1888 1899
f 1891 1890 1901
f 1890 1892 1900
f 1893 1891 1903
f 1894 1893 1904
f 1896 1895 1906
f 1895 1897 1905
f 1898 1896 1908
f 1899 1898 1909
f 1901 1900 1911
f 1900 1902 1910
f 1903 1901 1913
f 1904 1903 1914
f 1906 1905 1916
f 1905 1907 1915
f 1908 1906 1918
f 1909 1908 1919
f 1911 1910 1921
f 1910 1912 1920
f 1913 1911 1923
f 1914 1913 1924
f 1916 1915 1926
f 1915 1917 1925
f 1918 1916 1928
f 1919 1918 1929
f 1921 1920 1931
f 1920 1922 1930
f 1923 1921 1933
f 1924 1923 1934
f 1926 1925 1936
f 1925 1927 1935
f 1928 1926 1938
f 1929 1928 1939
f 1931 1930 1941
f 1930 1932 1940
f 1933 1931 1943
f 1934 1933 1944
f 1936 1935 1946
f 1935 1937 1945
f 1938 1936 1948
f 1939 1938 10574
f 1941 1940 1951
f 1940 1942 1950
f 1943 1941 1953
f 1944 1943 1954
f 1946 1945 1956
f 1945 1947 1955
f 1948 1946 1958
f 1948 1959 10575
f 1959 1948 1961
f 1959 1962 1960
f 1962 1959 1964
f 1962 1965 1963
f 1965 1962 1967
f 1965 1968 1966
f 1968 1965 1970
f 1968 1971 1969
f 1971 1968 1973
f 1971 1974 1972
f 1974 1971 1976
f 1974 1977 1975
f 1977 1974 1979
f 1977 1980 1978
f 1980 1977 1982
f 1980 1983 1981
f 1983 1980 1985
f 1983 1986 1984
f 1986 1983 1988
f 1986 1989 1987
f 1989 1986 1991
f 1989 1992 1990
f 1992 1989 1994
f 1992 1995 1993
f 1995 1992 1997
f 1995 1998 1996
f 1998 1995 2000
f 1998 2001 1999
f 2001 1998 2003
f 2001 2004 2002
f 2004 2001 2006
f 2004 2007 2005
f 2007 2004 2009
f 2007 2010 2008
f 2010 2007 2012
f 2010 2013 2011
f 2013 2010 2015
f 2013 2016 2014
f 2016 2013 2018
f 2016 2019 2017
f 2019 2016 2021
f 2019 2022 2020
f 2022 2019 2024
f 2022 2025 2023
f 2025 2022 2027
f 2025 2028 2026
f 2028 2025 2030
f 2028 2031 2029
f 2031 2028 2033
f 2031 2034 2032
f 2034 2031 2036
f 2034 2037 2035
f 2037 2034 2039
f 2037 2040 2038
f 2040 2037 2042
f 2040 2043 2041
f 2043 2040 2045
f 2043 2046 2044
f 2046 2043 2048
f 2046 2049 2047
f 2049 2046 2051
f 2049 2052 2050
f 2052 2049 2054
f 2052 2055 2053
f 2055 2052 2057
f 2055 2058 2056
f 2058 2055 2060
f 2058 2061 2059
f 2061 2058 2063
f 2061 2064 2062
f 2064 2061 2066
f 2064 2067 2065
f 2067 2064 2069
f 2067 2070 2068
f 2070 2067 2072
f 2070 2073 2071
f 2073 2070 2075
f 2073 2076 2074
f 2076 2073 2078
f 2076 2079 2077
f 2079 2076 2081
f 2079 2082 2080
f 2082 2079 2084
f 2082 2085 2083
f 2085 2082 2087
f 2085 2088 2086
f 2088 2085 2090
f 2088 2091 2089
f 2091 2088 2093
f 2091 2094 2092
f 2094 2091 2096
f 2094 2097 2095
f 2097 2094 2099
f 2097 1950 2098
f 1950 2097 2100
f 1951 1950 2101
f 1953 1951 2102
f 1954 1953 2103
f 1956 1955 2105
f 1955 1957 2104
f 1958 1956 2107
f 1961 1958 2108
f 1964 1961 2109
f 1967 1964 2110
f 1970 1967 2111
f 1973 1970 2112
f 1976 1973 2113
f 1979 1976 2114
f 1982 1979 2115
f 1985 1982 2116
f 1988 1985 2117
f 1991 1988 2118
f 1994 1991 2119
f 1997 1994 2120
f 2000 1997 2121
f 2003 2000 2122
f 2006 2003 2123
f 2009 2006 2124
f 2012 2009 2125
f 2015 2012 2126
f 2018 2015 2127
f 2021 2018 2128
f 2024 2021 2129
f 2027 2024 2130
f 2030 2027 2131
f 2033 2030 2132
f 2036 2033 2133
f 2039 2036 2134
f 2042 2039 2135
f 2045 2042 2136
f 2048 2045 2137
f 2051 2048 2138
f 2054 2051 2139
f 2057 2054 2140
f 2060 2057 2141
f 2063 2060 2142
f 2066 2063 2143
f 2069 2066 2144
f 2072 2069 2145
f 2075 2072 2146
f 2078 2075 2147
f 2081 2078 2148
f 2084 2081 2149
f 2087 2084 2150
f 2090 2087 2151
f 2093 2090 2152
f 2096 2093 2153
f 2099 2096 2154
f 2100 2099 2155
f 2101 2100 2156
f 2102 2101 2157
f 2103 2102 2158
f 2159 2160 10576
f 2105 2104 10577
f 2104 2106 2159
f 2162 2161 2164
f 2107 2105 2164
f 2164 2163 2166
f 2108 2107 2166
f 2166 2165 2168
f 2109 2108 2168
f 2168 2167 2170
f 2110 2109 2170
f 2170 2169 2172
f 2111 2110 2172
f 2172 2171 2174
f 2112 2111 2174
f 2174 2173 2176
f 2113 2112 2176
f 2176 2175 2178
f 2114 2113 2178
f 2178 2177 2180
f 2115 2114 2180
f 2180 2179 2182
f 2116 2115 2182
f 2182 2181 2184
f 2117 2116 2184
f 2184 2183 2186
f 2118 2117 2186
f 2186 2185 2188
f 2119 2118 2188
f 2188 2187 2190
f 2120 2119 2190
f 2190 2189 2192
f 2121 2120 2192
f 2192 2191 2194
f 2122 2121 2194
f 2194 2193 2196
f 2123 2122 2196
f 2196 2195 2198
f 2124 2123 2198
f 2198 2197 2200
f 2125 2124 2200
f 2200 2199 2202
f 2126 2125 2202
f 2202 2201 2204
f 2127 2126 2204
f 2204 2203 2206
f 2128 2127 2206
f 2206 2205 2208
f 2129 2128 2208
f 2208 2207 2210
f 2130 2129 2210
f 2210 2209 2212
f 2131 2130 2212
f 2212 2211 2214
f 2132 2131 2214
f 2214 2213 2216
f 2133 2132 2216
f 2216 2215 2218
f 2134 2133 2218
f 2218 2217 2220
f 2135 2134 2220
f 2220 2219 2222
f 2136 2135 2222
f 2222 2221 2224
f 2137 2136 2224
f 2224 2223 2226
f 2138 2137 2226
f 2226 2225 2228
f 2139 2138 2228
f 2228 2227 2230
f 2140 2139 2230
f 2230 2229 2232
f 2141 2140 2232
f 2232 2231 2234
f 2142 2141 2234
f 2234 2233 2236
f 2143 2142 2236
f 2236 2235 2238
f 2144 2143 2238
f 2238 2237 2240
f 2145 2144 2240
f 2240 2239 2242
f 2146 2145 2242
f 2242 2241 2244
f 2147 2146 2244
f 2244 2243 2246
f 2148 2147 2246
f 2246 2245 2248
f 2149 2148 2248
f 2248 2247 2250
f 2150 2149 2250
f 2250 2249 2252
f 2151 2150 2252
f 2252 2251 2254
f 2152 2151 2254
f 2254 2253 2256
f 2153 2152 2256
f 2256 2255 2258
f 2154 2153 2258
f 2258 2257 2260
f 2155 2154 2260
f 2260 2259 2262
f 2156 2155 2262
f 2262 2261 2264
f 2157 2156 2264
f 2158 2157 10578
f 1348 1347 2266
f 1348 2266 1351
f 1347 1353 2265
f 1353 1356 2268
f 1356 1359 2269
f 1359 1362 2270
f 1362 1365 2271
f 1365 1368 2272
f 1368 1371 2273
f 1371 1374 2274
f 1374 1377 2275
f 1377 1380 2276
f 1380 1383 2277
f 1383 1386 2278
f 1386 1389 2279
f 1389 1392 2280
f 1392 1395 2281
f 1395 1398 2282
f 1398 1401 2283
f 1401 1404 2284
f 1404 1407 2285
f 1407 1410 2286
f 1410 1413 2287
f 1413 1416 2288
f 1416 1419 2289
f 1419 1422 2290
f 1422 1425 2291
f 1425 1428 2292
f 1428 1431 2293
f 1431 1434 2294
f 1434 1437 2295
f 1437 1440 2296
f 1440 1443 2297
f 1443 1446 2298
f 1446 1449 2299
f 1449 1452 2300
f 1452 1455 2301
f 1455 1458 2302
f 1458 1461 2303
f 1461 1464 2304
f 1464 1467 2305
f 1467 1470 2306
f 1470 1473 2307
f 1473 1476 2308
f 1476 1479 2309
f 1479 1482 2310
f 1482 1485 2311
f 1485 1488 2312
f 1488 1491 2313
f 1491 1494 2314
f 1494 1497 2315
f 1497 1500 2316
f 1500 1503 2317
f 2318 1503 2319
f 1351 2267 1508
f 2319 1505 2321
f 1508 2320 1563
f 1565 2323 1566
f 1566 2324 1568
f 1568 2325 1570
f 1570 2326 1572
f 1572 2327 1574
f 1574 2328 1576
f 1576 2329 1578
f 1578 2330 1580
f 1580 2331 1582
f 1582 2332 1584
f 1584 2333 1586
f 1586 2334 1588
f 1588 2335 1590
f 1590 2336 1592
f 1592 2337 1594
f 1594 2338 1596
f 1596 2339 1598
f 1598 2340 1600
f 1600 2341 1602
f 1602 2342 1604
f 1604 2343 1606
f 1606 2344 1608
f 1608 2345 1610
f 1610 2346 1612
f 1612 2347 1614
f 1614 2348 1616
f 1616 2349 1618
f 1618 2350 1620
f 1620 2351 1622
f 1622 2352 1624
f 1624 2353 1626
f 1626 2354 1628
f 1628 2355 1630
f 1630 2356 1632
f 1632 2357 1634
f 1634 2358 1636
f 1636 2359 1638
f 1638 2360 1640
f 1640 2361 1642
f 1642 2362 1644
f 1644 2363 1646
f 1646 2364 1648
f 1648 2365 1650
f 1650 2366 1652
f 1652 2367 1654
f 1654 2368 1656
f 1656 2369 1658
f 1658 2370 1660
f 2321 1560 2372
f 1563 2322 1667
f 2323 1565 2374
f 1660 2371 1672
f 2372 1664 2376
f 1667 2373 1677
f 2374 1669 2378
f 1672 2375 1682
f 2376 1674 2380
f 1677 2377 1687
f 2378 1679 2382
f 1682 2379 1692
f 2380 1684 2384
f 1687 2381 1697
f 2382 1689 2386
f 1692 2383 1702
f 2384 1694 2388
f 1697 2385 1707
f 2386 1699 2390
f 1702 2387 1712
f 2388 1704 2392
f 1707 2389 1717
f 2390 1709 2394
f 1712 2391 1722
f 2392 1714 2396
f 1717 2393 1727
f 2394 1719 2398
f 1722 2395 1732
f 2396 1724 2400
f 1727 2397 1737
f 2398 1729 2402
f 1732 2399 1742
f 2400 1734 2404
f 1737 2401 1747
f 2402 1739 2406
f 1742 2403 1752
f 2404 1744 2408
f 1747 2405 1757
f 2406 1749 2410
f 1752 2407 1762
f 2408 1754 2412
f 1757 2409 1767
f 2410 1759 2414
f 1762 2411 1772
f 2412 1764 2416
f 1767 2413 1777
f 2414 1769 2418
f 1772 2415 1782
f 2416 1774 2420
f 1777 2417 1787
f 2418 1779 2422
f 1782 2419 1792
f 2420 1784 2424
f 1787 2421 1797
f 2422 1789 2426
f 1792 2423 1802
f 2424 1794 2428
f 1797 2425 1807
f 2426 1799 2430
f 1802 2427 1812
f 2428 1804 2432
f 1807 2429 1817
f 2430 1809 2434
f 1812 2431 1822
f 2432 1814 2436
f 1817 2433 1827
f 2434 1819 2438
f 1822 2435 1832
f 2436 1824 2440
f 1827 2437 1837
f 2438 1829 2442
f 1832 2439 1842
f 2440 1834 2444
f 1837 2441 1847
f 2442 1839 2446
f 1842 2443 1852
f 2444 1844 2448
f 1847 2445 1857
f 2446 1849 2450
f 1852 2447 1862
f 2448 1854 2452
f 1857 2449 1867
f 2450 1859 2454
f 1862 2451 1872
f 2452 1864 2456
f 1867 2453 1877
f 2454 1869 2458
f 1872 2455 1882
f 2456 1874 2460
f 1877 2457 1887
f 2458 1879 2462
f 1882 2459 1892
f 2460 1884 2464
f 1887 2461 1897
f 2462 1889 2466
f 1892 2463 1902
f 2464 1894 2468
f 1897 2465 1907
f 2466 1899 2470
f 1902 2467 1912
f 2468 1904 2472
f 1907 2469 1917
f 2470 1909 2474
f 1912 2471 1922
f 2472 1914 2476
f 1917 2473 1927
f 2474 1919 2478
f 1922 2475 1932
f 2476 1924 2480
f 1927 2477 1937
f 2478 1929 2482
f 1932 2479 1942
f 2480 1934 2484
f 1937 2481 1947
f 2482 1939 2486
f 1942 2483 1952
f 2484 1944 2488
f 1947 2485 1957
f 1949 1960 2486
f 1960 1963 2490
f 1963 1966 2491
f 1966 1969 2492
f 1969 1972 2493
f 1972 1975 2494
f 1975 1978 2495
f 1978 1981 2496
f 1981 1984 2497
f 1984 1987 2498
f 1987 1990 2499
f 1990 1993 2500
f 1993 1996 2501
f 1996 1999 2502
f 1999 2002 2503
f 2002 2005 2504
f 2005 2008 2505
f 2008 2011 2506
f 2011 2014 2507
f 2014 2017 2508
f 2017 2020 2509
f 2020 2023 2510
f 2023 2026 2511
f 2026 2029 2512
f 2029 2032 2513
f 2032 2035 2514
f 2035 2038 2515
f 2038 2041 2516
f 2041 2044 2517
f 2044 2047 2518
f 2047 2050 2519
f 2050 2053 2520
f 2053 2056 2521
f 2056 2059 2522
f 2059 2062 2523
f 2062 2065 2524
f 2065 2068 2525
f 2068 2071 2526
f 2071 2074 2527
f 2074 2077 2528
f 2077 2080 2529
f 2080 2083 2530
f 2083 2086 2531
f 2086 2089 2532
f 2089 2092 2533
f 2092 2095 2534
f 2095 2098 2535
f 2098 1952 2536
f 2488 1954 2537
f 1957 2489 2106
f 2537 2103 2539
f 2160 2540 2161
f 2106 2538 2160
f 2161 2541 2163
f 2163 2542 2165
f 2165 2543 2167
f 2167 2544 2169
f 2169 2545 2171
f 2171 2546 2173
f 2173 2547 2175
f 2175 2548 2177
f 2177 2549 2179
f 2179 2550 2181
f 2181 2551 2183
f 2183 2552 2185
f 2185 2553 2187
f 2187 2554 2189
f 2189 2555 2191
f 2191 2556 2193
f 2193 2557 2195
f 2195 2558 2197
f 2197 2559 2199
f 2199 2560 2201
f 2201 2561 2203
f 2203 2562 2205
f 2205 2563 2207
f 2207 2564 2209
f 2209 2565 2211
f 2211 2566 2213
f 2213 2567 2215
f 2215 2568 2217
f 2217 2569 2219
f 2219 2570 2221
f 2221 2571 2223
f 2223 2572 2225
f 2225 2573 2227
f 2227 2574 2229
f 2229 2575 2231
f 2231 2576 2233
f 2233 2577 2235
f 2235 2578 2237
f 2237 2579 2239
f 2239 2580 2241
f 2241 2581 2243
f 2243 2582 2245
f 2245 2583 2247
f 2247 2584 2249
f 2249 2585 2251
f 2251 2586 2253
f 2253 2587 2255
f 2255 2588 2257
f 2257 2589 2259
f 2259 2590 2261
f 2261 2591 2263
f 2539 2158 2592
f 2266 2265 2594
f 2266 2594 2267
f 2265 2268 2593
f 2268 2269 2596
f 2269 2270 2597
f 2270 2271 2598
f 2271 2272 2599
f 2272 2273 2600
f 2273 2274 2601
f 2274 2275 2602
f 2275 2276 2603
f 2276 2277 2604
f 2277 2278 2605
f 2278 2279 2606
f 2279 2280 2607
f 2280 2281 2608
f 2281 2282 2609
f 2282 2283 2610
f 2283 2284 2611
f 2284 2285 2612
f 2285 2286 2613
f 2286 2287 2614
f 2287 2288 2615
f 2288 2289 2616
f 2289 2290 2617
f 2290 2291 2618
f 2291 2292 2619
f 2292 2293 2620
f 2293 2294 2621
f 2294 2295 2622
f 2295 2296 2623
f 2296 2297 2624
f 2297 2298 2625
f 2298 2299 2626
f 2299 2300 2627
f 2300 2301 2628
f 2301 2302 2629
f 2302 2303 2630
f 2303 2304 2631
f 2304 2305 2632
f 2305 2306 2633
f 2306 2307 2634
f 2307 2308 2635
f 2308 2309 2636
f 2309 2310 2637
f 2310 2311 2638
f 2311 2312 2639
f 2312 2313 2640
f 2313 2314 2641
f 2314 2315 2642
f 2315 2316 2643
f 2316 2317 2644
f 2317 2318 2645
f 2646 2318 2647
f 2267 2595 2320
f 2647 2319 2649
f 2320 2648 2322
f 2323 2651 2324
f 2324 2652 2325
f 2325 2653 2326
f 2326 2654 2327
f 2327 2655 2328
f 2328 2656 2329
f 2329 2657 2330
f 2330 2658 2331
f 2331 2659 2332
f 2332 2660 2333
f 2333 2661 2334
f 2334 2662 2335
f 2335 2663 2336
f 2336 2664 2337
f 2337 2665 2338
f 2338 2666 2339
f 2339 2667 2340
f 2340 2668 2341
f 2341 2669 2342
f 2342 2670 2343
f 2343 2671 2344
f 2344 2672 2345
f 2345 2673 2346
f 2346 2674 2347
f 2347 2675 2348
f 2348 2676 2349
f 2349 2677 2350
f 2350 2678 2351
f 2351 2679 2352
f 2352 2680 2353
f 2353 2681 2354
f 2354 2682 2355
f 2355 2683 2356
f 2356 2684 2357
f 2357 2685 2358
f 2358 2686 2359
f 2359 2687 2360
f 2360 2688 2361
f 2361 2689 2362
f 2362 2690 2363
f 2363 2691 2364
f 2364 2692 2365
f 2365 2693 2366
f 2366 2694 2367
f 2367 2695 2368
f 2368 2696 2369
f 2369 2697 2370
f 2370 2698 2371
f 2649 2321 2700
f 2322 2650 2373
f 2651 2323 2702
f 2371 2699 2375
f 2700 2372 2704
f 2373 2701 2377
f 2702 2374 2706
f 2375 2703 2379
f 2704 2376 2708
f 2377 2705 2381
f 2706 2378 2710
f 2379 2707 2383
f 2708 2380 2712
f 2381 2709 2385
f 2710 2382 2714
f 2383 2711 2387
f 2712 2384 2716
f 2385 2713 2389
f 2714 2386 2718
f 2387 2715 2391
f 2716 2388 2720
f 2389 2717 2393
f 2718 2390 2722
f 2391 2719 2395
f 2720 2392 2724
f 2393 2721 2397
f 2722 2394 2726
f 2395 2723 2399
f 2724 2396 2728
f 2397 2725 2401
f 2726 2398 2730
f 2399 2727 2403
f 2728 2400 2732
f 2401 2729 2405
f 2730 2402 2734
f 2403 2731 2407
f 2732 2404 2736
f 2405 2733 2409
f 2734 2406 2738
f 2407 2735 2411
f 2736 2408 2740
f 2409 2737 2413
f 2738 2410 2742
f 2411 2739 2415
f 2740 2412 2744
f 2413 2741 2417
f 2742 2414 2746
f 2415 2743 2419
f 2744 2416 2748
f 2417 2745 2421
f 2746 2418 2750
f 2419 2747 2423
f 2748 2420 2752
f 2421 2749 2425
f 2750 2422 2754
f 2423 2751 2427
f 2752 2424 2756
f 2425 2753 2429
f 2754 2426 2758
f 2427 2755 2431
f 2756 2428 2760
f 2429 2757 2433
f 2758 2430 2762
f 2431 2759 2435
f 2760 2432 2764
f 2433 2761 2437
f 2762 2434 2766
f 2435 2763 2439
f 2764 2436 2768
f 2437 2765 2441
f 2766 2438 2770
f 2439 2767 2443
f 2768 2440 2772
f 2441 2769 2445
f 2770 2442 2774
f 2443 2771 2447
f 2772 2444 2776
f 2445 2773 2449
f 2774 2446 2778
f 2447 2775 2451
f 2776 2448 2780
f 2449 2777 2453
f 2778 2450 2782
f 2451 2779 2455
f 2780 2452 2784
f 2453 2781 2457
f 2782 2454 2786
f 2455 2783 2459
f 2784 2456 2788
f 2457 2785 2461
f 2786 2458 2790
f 2459 2787 2463
f 2788 2460 2792
f 2461 2789 2465
f 2790 2462 2794
f 2463 2791 2467
f 2792 2464 2796
f 2465 2793 2469
f 2794 2466 2798
f 2467 2795 2471
f 2796 2468 2800
f 2469 2797 2473
f 2798 2470 2802
f 2471 2799 2475
f 2800 2472 2804
f 2473 2801 2477
f 2802 2474 2806
f 2475 2803 2479
f 2804 2476 2808
f 2477 2805 2481
f 2806 2478 2810
f 2479 2807 2483
f 2808 2480 2812
f 2481 2809 2485
f 2810 2482 2814
f 2483 2811 2487
f 2812 2484 2816
f 2485 2813 2489
f 2486 2490 2814
f 2490 2491 2818
f 2491 2492 2819
f 2492 2493 2820
f 2493 2494 2821
f 2494 2495 2822
f 2495 2496 2823
f 2496 2497 2824
f 2497 2498 2825
f 2498 2499 2826
f 2499 2500 2827
f 2500 2501 2828
f 2501 2502 2829
f 2502 2503 2830
f 2503 2504 2831
f 2504 2505 2832
f 2505 2506 2833
f 2506 2507 2834
f 2507 2508 2835
f 2508 2509 2836
f 2509 2510 2837
f 2510 2511 2838
f 2511 2512 2839
f 2512 2513 2840
f 2513 2514 2841
f 2514 2515 2842
f 2515 2516 2843
f 2516 2517 2844
f 2517 2518 2845
f 2518 2519 2846
f 2519 2520 2847
f 2520 2521 2848
f 2521 2522 2849
f 2522 2523 2850
f 2523 2524 2851
f 2524 2525 2852
f 2525 2526 2853
f 2526 2527 2854
f 2527 2528 2855
f 2528 2529 2856
f 2529 2530 2857
f 2530 2531 2858
f 2531 2532 2859
f 2532 2533 2860
f 2533 2534 2861
f 2534 2535 2862
f 2535 2536 2863
f 2536 2487 2864
f 2816 2488 2865
f 2489 2817 2538
f 2865 2537 2867
f 2540 2868 2541
f 2538 2866 2540
f 2541 2869 2542
f 2542 2870 2543
f 2543 2871 2544
f 2544 2872 2545
f 2545 2873 2546
f 2546 2874 2547
f 2547 2875 2548
f 2548 2876 2549
f 2549 2877 2550
f 2550 2878 2551
f 2551 2879 2552
f 2552 2880 2553
f 2553 2881 2554
f 2554 2882 2555
f 2555 2883 2556
f 2556 2884 2557
f 2557 2885 2558
f 2558 2886 2559
f 2559 2887 2560
f 2560 2888 2561
f 2561 2889 2562
f 2562 2890 2563
f 2563 2891 2564
f 2564 2892 2565
f 2565 2893 2566
f 2566 2894 2567
f 2567 2895 2568
f 2568 2896 2569
f 2569 2897 2570
f 2570 2898 2571
f 2571 2899 2572
f 2572 2900 2573
f 2573 2901 2574
f 2574 2902 2575
f 2575 2903 2576
f 2576 2904 2577
f 2577 2905 2578
f 2578 2906 2579
f 2579 2907 2580
f 2580 2908 2581
f 2581 2909 2582
f 2582 2910 2583
f 2583 2911 2584
f 2584 2912 2585
f 2585 2913 2586
f 2586 2914 2587
f 2587 2915 2588
f 2588 2916 2589
f 2589 2917 2590
f 2590 2918 2591
f 2591 2919 2592
f 2867 2539 2920
f 2594 2593 2922
f 2594 2922 2595
f 2593 2596 2921
f 2596 2597 2924
f 2597 2598 2925
f 2598 2599 2926
f 2599 2600 2927
f 2600 2601 2928
f 2601 2602 2929
f 2602 2603 2930
f 2603 2604 2931
f 2604 2605 2932
f 2605 2606 2933
f 2606 2607 2934
f 2607 2608 2935
f 2608 2609 2936
f 2609 2610 2937
f 2610 2611 2938
f 2611 2612 2939
f 2612 2613 2940
f 2613 2614 2941
f 2614 2615 2942
f 2615 2616 2943
f 2616 2617 2944
f 2617 2618 2945
f 2618 2619 2946
f 2619 2620 2947
f 2620 2621 2948
f 2621 2622 2949
f 2622 2623 2950
f 2623 2624 2951
f 2624 2625 2952
f 2625 2626 2953
f 2626 2627 2954
f 2627 2628 2955
f 2628 2629 2956
f 2629 2630 2957
f 2630 2631 2958
f 2631 2632 2959
f 2632 2633 2960
f 2633 2634 2961
f 2634 2635 2962
f 2635 2636 2963
f 2636 2637 2964
f 2637 2638 2965
f 2638 2639 2966
f 2639 2640 2967
f 2640 2641 2968
f 2641 2642 2969
f 2642 2643 2970
f 2643 2644 2971
f 2644 2645 2972
f 2645 2646 2973
f 2974 2646 2975
f 2595 2923 2648
f 2975 2647 2977
f 2648 2976 2650
f 2651 2979 2652
f 2652 2980 2653
f 2653 2981 2654
f 2654 2982 2655
f 2655 2983 2656
f 2656 2984 2657
f 2657 2985 2658
f 2658 2986 2659
f 2659 2987 2660
f 2660 2988 2661
f 2661 2989 2662
f 2662 2990 2663
f 2663 2991 2664
f 2664 2992 2665
f 2665 2993 2666
f 2666 2994 2667
f 2667 2995 2668
f 2668 2996 2669
f 2669 2997 2670
f 2670 2998 2671
f 2671 2999 2672
f 2672 3000 2673
f 2673 3001 2674
f 2674 3002 2675
f 2675 3003 2676
f 2676 3004 2677
f 2677 3005 2678
f 2678 3006 2679
f 2679 3007 2680
f 2680 3008 2681
f 2681 3009 2682
f 2682 3010 2683
f 2683 3011 2684
f 2684 3012 2685
f 2685 3013 2686
f 2686 3014 2687
f 2687 3015 2688
f 2688 3016 2689
f 2689 3017 2690
f 2690 3018 2691
f 2691 3019 2692
f 2692 3020 2693
f 2693 3021 2694
f 2694 3022 2695
f 2695 3023 2696
f 2696 3024 2697
f 2697 3025 2698
f 2698 3026 2699
f 2977 2649 3028
f 2650 2978 2701
f 2979 2651 3030
f 2699 3027 2703
f 3028 2700 3032
f 2701 3029 2705
f 3030 2702 3034
f 2703 3031 2707
f 3032 2704 3036
f 2705 3033 2709
f 3034 2706 3038
f 2707 3035 2711
f 3036 2708 3040
f 2709 3037 2713
f 3038 2710 3042
f 2711 3039 2715
f 3040 2712 3044
f 2713 3041 2717
f 3042 2714 3046
f 2715 3043 2719
f 3044 2716 3048
f 2717 3045 2721
f 3046 2718 3050
f 2719 3047 2723
f 3048 2720 3052
f 2721 3049 2725
f 3050 2722 3054
f 2723 3051 2727
f 3052 2724 3056
f 2725 3053 2729
f 3054 2726 3058
f 2727 3055 2731
f 3056 2728 3060
f 2729 3057 2733
f 3058 2730 3062
f 2731 3059 2735
f 3060 2732 3064
f 2733 3061 2737
f 3062 2734 3066
f 2735 3063 2739
f 3064 2736 3068
f 2737 3065 2741
f 3066 2738 3070
f 2739 3067 2743
f 3068 2740 3072
f 2741 3069 2745
f 3070 2742 3074
f 2743 3071 2747
f 3072 2744 3076
f 2745 3073 2749
f 3074 2746 3078
f 2747 3075 2751
f 3076 2748 3080
f 2749 3077 2753
f 3078 2750 3082
f 2751 3079 2755
f 3080 2752 3084
f 2753 3081 2757
f 3082 2754 3086
f 2755 3083 2759
f 3084 2756 3088
f 2757 3085 2761
f 3086 2758 3090
f 2759 3087 2763
f 3088 2760 3092
f 2761 3089 2765
f 3090 2762 3094
f 2763 3091 2767
f 3092 2764 3096
f 2765 3093 2769
f 3094 2766 3098
f 2767 3095 2771
f 3096 2768 3100
f 2769 3097 2773
f 3098 2770 3102
f 2771 3099 2775
f 3100 2772 3104
f 2773 3101 2777
f 3102 2774 3106
f 2775 3103 2779
f 3104 2776 3108
f 2777 3105 2781
f 3106 2778 3110
f 2779 3107 2783
f 3108 2780 3112
f 2781 3109 2785
f 3110 2782 3114
f 2783 3111 2787
f 3112 2784 3116
f 2785 3113 2789
f 3114 2786 3118
f 2787 3115 2791
f 3116 2788 3120
f 2789 3117 2793
f 3118 2790 3122
f 2791 3119 2795
f 3120 2792 3124
f 2793 3121 2797
f 3122 2794 3126
f 2795 3123 2799
f 3124 2796 3128
f 2797 3125 2801
f 3126 2798 3130
f 2799 3127 2803
f 3128 2800 3132
f 2801 3129 2805
f 3130 2802 3134
f 2803 3131 2807
f 3132 2804 3136
f 2805 3133 2809
f 3134 2806 3138
f 2807 3135 2811
f 3136 2808 3140
f 2809 3137 2813
f 3138 2810 3142
f 2811 3139 2815
f 3140 2812 3144
f 2813 3141 2817
f 2814 2818 3142
f 2818 2819 3146
f 2819 2820 3147
f 2820 2821 3148
f 2821 2822 3149
f 2822 2823 3150
f 2823 2824 3151
f 2824 2825 3152
f 2825 2826 3153
f 2826 2827 3154
f 2827 2828 3155
f 2828 2829 3156
f 2829 2830 3157
f 2830 2831 3158
f 2831 2832 3159
f 2832 2833 3160
f 2833 2834 3161
f 2834 2835 3162
f 2835 2836 3163
f 2836 2837 3164
f 2837 2838 3165
f 2838 2839 3166
f 2839 2840 3167
f 2840 2841 3168
f 2841 2842 3169
f 2842 2843 3170
f 2843 2844 3171
f 2844 2845 3172
f 2845 2846 3173
f 2846 2847 3174
f 2847 2848 3175
f 2848 2849 3176
f 2849 2850 3177
f 2850 2851 3178
f 2851 2852 3179
f 2852 2853 3180
f 2853 2854 3181
f 2854 2855 3182
f 2855 2856 3183
f 2856 2857 3184
f 2857 2858 3185
f 2858 2859 3186
f 2859 2860 3187
f 2860 2861 3188
f 2861 2862 3189
f 2862 2863 3190
f 2863 2864 3191
f 2864 2815 3192
f 3144 2816 3193
f 2817 3145 2866
f 3193 2865 3195
f 2868 3196 2869
f 2866 3194 2868
f 2869 3197 2870
f 2870 3198 2871
f 2871 3199 2872
f 2872 3200 2873
f 2873 3201 2874
f 2874 3202 2875
f 2875 3203 2876
f 2876 3204 2877
f 2877 3205 2878
f 2878 3206 2879
f 2879 3207 2880
f 2880 3208 2881
f 2881 3209 2882
f 2882 3210 2883
f 2883 3211 2884
f 2884 3212 2885
f 2885 3213 2886
f 2886 3214 2887
f 2887 3215 2888
f 2888 3216 2889
f 2889 3217 2890
f 2890 3218 2891
f 2891 3219 2892
f 2892 3220 2893
f 2893 3221 2894
f 2894 3222 2895
f 2895 3223 2896
f 2896 3224 2897
f 2897 3225 2898
f 2898 3226 2899
f 2899 3227 2900
f 2900 3228 2901
f 2901 3229 2902
f 2902 3230 2903
f 2903 3231 2904
f 2904 3232 2905
f 2905 3233 2906
f 2906 3234 2907
f 2907 3235 2908
f 2908 3236 2909
f 2909 3237 2910
f 2910 3238 2911
f 2911 3239 2912
f 2912 3240 2913
f 2913 3241 2914
f 2914 3242 2915
f 2915 3243 2916
f 2916 3244 2917
f 2917 3245 2918
f 2918 3246 2919
f 2919 3247 2920
f 3195 2867 3248
f 2922 2921 3250
f 2922 3250 2923
f 2921 2924 3249
f 2924 2925 3252
f 2925 2926 3253
f 2926 2927 3254
f 2927 2928 3255
f 2928 2929 3256
f 2929 2930 3257
f 2930 2931 3258
f 2931 2932 3259
f 2932 2933 3260
f 2933 2934 3261
f 2934 2935 3262
f 2935 2936 3263
f 2936 2937 3264
f 2937 2938 3265
f 2938 2939 3266
f 2939 2940 3267
f 2940 2941 3268
f 2941 2942 3269
f 2942 2943 3270
f 2943 2944 3271
f 2944 2945 3272
f 2945 2946 3273
f 2946 2947 3274
f 2947 2948 3275
f 2948 2949 3276
f 2949 2950 3277
f 2950 2951 3278
f 2951 2952 3279
f 2952 2953 3280
f 2953 2954 3281
f 2954 2955 3282
f 2955 2956 3283
f 2956 2957 3284
f 2957 2958 3285
f 2958 2959 3286
f 2959 2960 3287
f 2960 2961 3288
f 2961 2962 3289
f 2962 2963 3290
f 2963 2964 3291
f 2964 2965 3292
f 2965 2966 3293
f 2966 2967 3294
f 2967 2968 3295
f 2968 2969 3296
f 2969 2970 3297
f 2970 2971 3298
f 2971 2972 3299
f 2972 2973 3300
f 2973 2974 3301
f 3302 2974 3303
f 2923 3251 2976
f 3303 2975 3305
f 2976 3304 2978
f 2979 3307 2980
f 2980 3308 2981
f 2981 3309 2982
f 2982 3310 2983
f 2983 3311 2984
f 2984 3312 2985
f 2985 3313 2986
f 2986 3314 2987
f 2987 3315 2988
f 2988 3316 2989
f 2989 3317 2990
f 2990 3318 2991
f 2991 3319 2992
f 2992 3320 2993
f 2993 3321 2994
f 2994 3322 2995
f 2995 3323 2996
f 2996 3324 2997
f 2997 3325 2998
f 2998 3326 2999
f 2999 3327 3000
f 3000 3328 3001
f 3001 3329 3002
f 3002 3330 3003
f 3003 3331 3004
f 3004 3332 3005
f 3005 3333 3006
f 3006 3334 3007
f 3007 3335 3008
f 3008 3336 3009
f 3009 3337 3010
f 3010 3338 3011
f 3011 3339 3012
f 3012 3340 3013
f 3013 3341 3014
f 3014 3342 3015
f 3015 3343 3016
f 3016 3344 3017
f 3017 3345 3018
f 3018 3346 3019
f 3019 3347 3020
f 3020 3348 3021
f 3021 3349 3022
f 3022 3350 3023
f 3023 3351 3024
f 3024 3352 3025
f 3025 3353 3026
f 3026 3354 3027
f 3305 2977 3356
f 2978 3306 3029
f 3307 2979 3358
f 3027 3355 3031
f 3356 3028 3360
f 3029 3357 3033
f 3358 3030 3362
f 3031 3359 3035
f 3360 3032 3364
f 3033 3361 3037
f 3362 3034 3366
f 3035 3363 3039
f 3364 3036 3368
f 3037 3365 3041
f 3366 3038 3370
f 3039 3367 3043
f 3368 3040 3372
f 3041 3369 3045
f 3370 3042 3374
f 3043 3371 3047
f 3372 3044 3376
f 3045 3373 3049
f 3374 3046 3378
f 3047 3375 3051
f 3376 3048 3380
f 3049 3377 3053
f 3378 3050 3382
f 3051 3379 3055
f 3380 3052 3384
f 3053 3381 3057
f 3382 3054 3386
f 3055 3383 3059
f 3384 3056 3388
f 3057 3385 3061
f 3386 3058 3390
f 3059 3387 3063
f 3388 3060 3392
f 3061 3389 3065
f 3390 3062 3394
f 3063 3391 3067
f 3392 3064 3396
f 3065 3393 3069
f 3394 3066 3398
f 3067 3395 3071
f 3396 3068 3400
f 3069 3397 3073
f 3398 3070 3402
f 3071 3399 3075
f 3400 3072 3404
f 3073 3401 3077
f 3402 3074 3406
f 3075 3403 3079
f 3404 3076 3408
f 3077 3405 3081
f 3406 3078 3410
f 3079 3407 3083
f 3408 3080 3412
f 3081 3409 3085
f 3410 3082 3414
f 3083 3411 3087
f 3412 3084 3416
f 3085 3413 3089
f 3414 3086 3418
f 3087 3415 3091
f 3416 3088 3420
f 3089 3417 3093
f 3418 3090 3422
f 3091 3419 3095
f 3420 3092 3424
f 3093 3421 3097
f 3422 3094 3426
f 3095 3423 3099
f 3424 3096 3428
f 3097 3425 3101
f 3426 3098 3430
f 3099 3427 3103
f 3428 3100 3432
f 3101 3429 3105
f 3430 3102 3434
f 3103 3431 3107
f 3432 3104 3436
f 3105 3433 3109
f 3434 3106 3438
f 3107 3435 3111
f 3436 3108 3440
f 3109 3437 3113
f 3438 3110 3442
f 3111 3439 3115
f 3440 3112 3444
f 3113 3441 3117
f 3442 3114 3446
f 3115 3443 3119
f 3444 3116 3448
f 3117 3445 3121
f 3446 3118 3450
f 3119 3447 3123
f 3448 3120 3452
f 3121 3449 3125
f 3450 3122 3454
f 3123 3451 3127
f 3452 3124 3456
f 3125 3453 3129
f 3454 3126 3458
f 3127 3455 3131
f 3456 3128 3460
f 3129 3457 3133
f 3458 3130 3462
f 3131 3459 3135
f 3460 3132 3464
f 3133 3461 3137
f 3462 3134 3466
f 3135 3463 3139
f 3464 3136 3468
f 3137 3465 3141
f 3466 3138 3470
f 3139 3467 3143
f 3468 3140 3472
f 3141 3469 3145
f 3142 3146 3470
f 3146 3147 3474
f 3147 3148 3475
f 3148 3149 3476
f 3149 3150 3477
f 3150 3151 3478
f 3151 3152 3479
f 3152 3153 3480
f 3153 3154 3481
f 3154 3155 3482
f 3155 3156 3483
f 3156 3157 3484
f 3157 3158 3485
f 3158 3159 3486
f 3159 3160 3487
f 3160 3161 3488
f 3161 3162 3489
f 3162 3163 3490
f 3163 3164 3491
f 3164 3165 3492
f 3165 3166 3493
f 3166 3167 3494
f 3167 3168 3495
f 3168 3169 3496
f 3169 3170 3497
f 3170 3171 3498
f 3171 3172 3499
f 3172 3173 3500
f 3173 3174 3501
f 3174 3175 3502
f 3175 3176 3503
f 3176 3177 3504
f 3177 3178 3505
f 3178 3179 3506
f 3179 3180 3507
f 3180 3181 3508
f 3181 3182 3509
f 3182 3183 3510
f 3183 3184 3511
f 3184 3185 3512
f 3185 3186 3513
f 3186 3187 3514
f 3187 3188 3515
f 3188 3189 3516
f 3189 3190 3517
f 3190 3191 3518
f 3191 3192 3519
f 3192 3143 3520
f 3472 3144 3521
f 3145 3473 3194
f 3521 3193 3523
f 3196 3524 3197
f 3194 3522 3196
f 3197 3525 3198
f 3198 3526 3199
f 3199 3527 3200
f 3200 3528 3201
f 3201 3529 3202
f 3202 3530 3203
f 3203 3531 3204
f 3204 3532 3205
f 3205 3533 3206
f 3206 3534 3207
f 3207 3535 3208
f 3208 3536 3209
f 3209 3537 3210
f 3210 3538 3211
f 3211 3539 3212
f 3212 3540 3213
f 3213 3541 3214
f 3214 3542 3215
f 3215 3543 3216
f 3216 3544 3217
f 3217 3545 3218
f 3218 3546 3219
f 3219 3547 3220
f 3220 3548 3221
f 3221 3549 3222
f 3222 3550 3223
f 3223 3551 3224
f 3224 3552 3225
f 3225 3553 3226
f 3226 3554 3227
f 3227 3555 3228
f 3228 3556 3229
f 3229 3557 3230
f 3230 3558 3231
f 3231 3559 3232
f 3232 3560 3233
f 3233 3561 3234
f 3234 3562 3235
f 3235 3563 3236
f 3236 3564 3237
f 3237 3565 3238
f 3238 3566 3239
f 3239 3567 3240
f 3240 3568 3241
f 3241 3569 3242
f 3242 3570 3243
f 3243 3571 3244
f 3244 3572 3245
f 3245 3573 3246
f 3246 3574 3247
f 3247 3575 3248
f 3523 3195 3576
f 3250 3249 3578
f 3250 3578 3251
f 3249 3252 3577
f 3252 3253 3580
f 3253 3254 3581
f 3254 3255 3582
f 3255 3256 3583
f 3256 3257 3584
f 3257 3258 3585
f 3258 3259 3586
f 3259 3260 3587
f 3260 3261 3588
f 3261 3262 3589
f 3262 3263 3590
f 3263 3264 3591
f 3264 3265 3592
f 3265 3266 3593
f 3266 3267 3594
f 3267 3268 3595
f 3268 3269 3596
f 3269 3270 3597
f 3270 3271 3598
f 3271 3272 3599
f 3272 3273 3600
f 3273 3274 3601
f 3274 3275 3602
f 3275 3276 3603
f 3276 3277 3604
f 3277 3278 3605
f 3278 3279 3606
f 3279 3280 3607
f 3280 3281 3608
f 3281 3282 3609
f 3282 3283 3610
f 3283 3284 3611
f 3284 3285 3612
f 3285 3286 3613
f 3286 3287 3614
f 3287 3288 3615
f 3288 3289 3616
f 3289 3290 3617
f 3290 3291 3618
f 3291 3292 3619
f 3292 3293 3620
f 3293 3294 3621
f 3294 3295 3622
f 3295 3296 3623
f 3296 3297 3624
f 3297 3298 3625
f 3298 3299 3626
f 3299 3300 3627
f 3300 3301 3628
f 3301 3302 3629
f 3630 3302 3631
f 3251 3579 3304
f 3631 3303 3633
f 3304 3632 3306
f 3307 3635 3308
f 3308 3636 3309
f 3309 3637 3310
f 3310 3638 3311
f 3311 3639 3312
f 3312 3640 3313
f 3313 3641 3314
f 3314 3642 3315
f 3315 3643 3316
f 3316 3644 3317
f 3317 3645 3318
f 3318 3646 3319
f 3319 3647 3320
f 3320 3648 3321
f 3321 3649 3322
f 3322 3650 3323
f 3323 3651 3324
f 3324 3652 3325
f 3325 3653 3326
f 3326 3654 3327
f 3327 3655 3328
f 3328 3656 3329
f 3329 3657 3330
f 3330 3658 3331
f 3331 3659 3332
f 3332 3660 3333
f 3333 3661 3334
f 3334 3662 3335
f 3335 3663 3336
f 3336 3664 3337
f 3337 3665 3338
f 3338 3666 3339
f 3339 3667 3340
f 3340 3668 3341
f 3341 3669 3342
f 3342 3670 3343
f 3343 3671 3344
f 3344 3672 3345
f 3345 3673 3346
f 3346 3674 3347
f 3347 3675 3348
f 3348 3676 3349
f 3349 3677 3350
f 3350 3678 3351
f 3351 3679 3352
f 3352 3680 3353
f 3353 3681 3354
f 3354 3682 3355
f 3633 3305 3684
f 3306 3634 3357
f 3635 3307 3686
f 3355 3683 3359
f 3684 3356 3688
f 3357 3685 3361
f 3686 3358 3690
f 3359 3687 3363
f 3688 3360 3692
f 3361 3689 3365
f 3690 3362 3694
f 3363 3691 3367
f 3692 3364 3696
f 3365 3693 3369
f 3694 3366 3698
f 3367 3695 3371
f 3696 3368 3700
f 3369 3697 3373
f 3698 3370 3702
f 3371 3699 3375
f 3700 3372 3704
f 3373 3701 3377
f 3702 3374 3706
f 3375 3703 3379
f 3704 3376 3708
f 3377 3705 3381
f 3706 3378 3710
f 3379 3707 3383
f 3708 3380 3712
f 3381 3709 3385
f 3710 3382 3714
f 3383 3711 3387
f 3712 3384 3716
f 3385 3713 3389
f 3714 3386 3718
f 3387 3715 3391
f 3716 3388 3720
f 3389 3717 3393
f 3718 3390 3722
f 3391 3719 3395
f 3720 3392 3724
f 3393 3721 3397
f 3722 3394 3726
f 3395 3723 3399
f 3724 3396 3728
f 3397 3725 3401
f 3726 3398 3730
f 3399 3727 3403
f 3728 3400 3732
f 3401 3729 3405
f 3730 3402 3734
f 3403 3731 3407
f 3732 3404 3736
f 3405 3733 3409
f 3734 3406 3738
f 3407 3735 3411
f 3736 3408 3740
f 3409 3737 3413
f 3738 3410 3742
f 3411 3739 3415
f 3740 3412 3744
f 3413 3741 3417
f 3742 3414 3746
f 3415 3743 3419
f 3744 3416 3748
f 3417 3745 3421
f 3746 3418 3750
f 3419 3747 3423
f 3748 3420 3752
f 3421 3749 3425
f 3750 3422 3754
f 3423 3751 3427
f 3752 3424 3756
f 3425 3753 3429
f 3754 3426 3758
f 3427 3755 3431
f 3756 3428 3760
f 3429 3757 3433
f 3758 3430 3762
f 3431 3759 3435
f 3760 3432 3764
f 3433 3761 3437
f 3762 3434 3766
f 3435 3763 3439
f 3764 3436 3768
f 3437 3765 3441
f 3766 3438 3770
f 3439 3767 3443
f 3768 3440 3772
f 3441 3769 3445
f 3770 3442 3774
f 3443 3771 3447
f 3772 3444 3776
f 3445 3773 3449
f 3774 3446 3778
f 3447 3775 3451
f 3776 3448 3780
f 3449 3777 3453
f 3778 3450 3782
f 3451 3779 3455
f 3780 3452 3784
f 3453 3781 3457
f 3782 3454 3786
f 3455 3783 3459
f 3784 3456 3788
f 3457 3785 3461
f 3786 3458 3790
f 3459 3787 3463
f 3788 3460 3792
f 3461 3789 3465
f 3790 3462 3794
f 3463 3791 3467
f 3792 3464 3796
f 3465 3793 3469
f 3794 3466 3798
f 3467 3795 3471
f 3796 3468 3800
f 3469 3797 3473
f 3470 3474 3798
f 3474 3475 3802
f 3475 3476 3803
f 3476 3477 3804
f 3477 3478 3805
f 3478 3479 3806
f 3479 3480 3807
f 3480 3481 3808
f 3481 3482 3809
f 3482 3483 3810
f 3483 3484 3811
f 3484 3485 3812
f 3485 3486 3813
f 3486 3487 3814
f 3487 3488 3815
f 3488 3489 3816
f 3489 3490 3817
f 3490 3491 3818
f 3491 3492 3819
f 3492 3493 3820
f 3493 3494 3821
f 3494 3495 3822
f 3495 3496 3823
f 3496 3497 3824
f 3497 3498 3825
f 3498 3499 3826
f 3499 3500 3827
f 3500 3501 3828
f 3501 3502 3829
f 3502 3503 3830
f 3503 3504 3831
f 3504 3505 3832
f 3505 3506 3833
f 3506 3507 3834
f 3507 3508 3835
f 3508 3509 3836
f 3509 3510 3837
f 3510 3511 3838
f 3511 3512 3839
f 3512 3513 3840
f 3513 3514 3841
f 3514 3515 3842
f 3515 3516 3843
f 3516 3517 3844
f 3517 3518 3845
f 3518 3519 3846
f 3519 3520 3847
f 3520 3471 3848
f 3800 3472 3849
f 3473 3801 3522
f 3849 3521 3851
f 3524 3852 3525
f 3522 3850 3524
f 3525 3853 3526
f 3526 3854 3527
f 3527 3855 3528
f 3528 3856 3529
f 3529 3857 3530
f 3530 3858 3531
f 3531 3859 3532
f 3532 3860 3533
f 3533 3861 3534
f 3534 3862 3535
f 3535 3863 3536
f 3536 3864 3537
f 3537 3865 3538
f 3538 3866 3539
f 3539 3867 3540
f 3540 3868 3541
f 3541 3869 3542
f 3542 3870 3543
f 3543 3871 3544
f 3544 3872 3545
f 3545 3873 3546
f 3546 3874 3547
f 3547 3875 3548
f 3548 3876 3549
f 3549 3877 3550
f 3550 3878 3551
f 3551 3879 3552
f 3552 3880 3553
f 3553 3881 3554
f 3554 3882 3555
f 3555 3883 3556
f 3556 3884 3557
f 3557 3885 3558
f 3558 3886 3559
f 3559 3887 3560
f 3560 3888 3561
f 3561 3889 3562
f 3562 3890 3563
f 3563 3891 3564
f 3564 3892 3565
f 3565 3893 3566
f 3566 3894 3567
f 3567 3895 3568
f 3568 3896 3569
f 3569 3897 3570
f 3570 3898 3571
f 3571 3899 3572
f 3572 3900 3573
f 3573 3901 3574
f 3574 3902 3575
f 3575 3903 3576
f 3851 3523 3904
f 3578 3577 3906
f 3578 3906 3579
f 3577 3580 3905
f 3580 3581 3908
f 3581 3582 3909
f 3582 3583 3910
f 3583 3584 3911
f 3584 3585 3912
f 3585 3586 3913
f 3586 3587 3914
f 3587 3588 3915
f 3588 3589 3916
f 3589 3590 3917
f 3590 3591 3918
f 3591 3592 3919
f 3592 3593 3920
f 3593 3594 3921
f 3594 3595 3922
f 3595 3596 3923
f 3596 3597 3924
f 3597 3598 3925
f 3598 3599 3926
f 3599 3600 3927
f 3600 3601 3928
f 3601 3602 3929
f 3602 3603 3930
f 3603 3604 3931
f 3604 3605 3932
f 3605 3606 3933
f 3606 3607 3934
f 3607 3608 3935
f 3608 3609 3936
f 3609 3610 3937
f 3610 3611 3938
f 3611 3612 3939
f 3612 3613 3940
f 3613 3614 3941
f 3614 3615 3942
f 3615 3616 3943
f 3616 3617 3944
f 3617 3618 3945
f 3618 3619 3946
f 3619 3620 3947
f 3620 3621 3948
f 3621 3622 3949
f 3622 3623 3950
f 3623 3624 3951
f 3624 3625 3952
f 3625 3626 3953
f 3626 3627 3954
f 3627 3628 3955
f 3628 3629 3956
f 3629 3630 3957
f 3958 3630 3959
f 3579 3907 3632
f 3959 3631 3961
f 3632 3960 3634
f 3635 3963 3636
f 3636 3964 3637
f 3637 3965 3638
f 3638 3966 3639
f 3639 3967 3640
f 3640 3968 3641
f 3641 3969 3642
f 3642 3970 3643
f 3643 3971 3644
f 3644 3972 3645
f 3645 3973 3646
f 3646 3974 3647
f 3647 3975 3648
f 3648 3976 3649
f 3649 3977 3650
f 3650 3978 3651
f 3651 3979 3652
f 3652 3980 3653
f 3653 3981 3654
f 3654 3982 3655
f 3655 3983 3656
f 3656 3984 3657
f 3657 3985 3658
f 3658 3986 3659
f 3659 3987 3660
f 3660 3988 3661
f 3661 3989 3662
f 3662 3990 3663
f 3663 3991 3664
f 3664 3992 3665
f 3665 3993 3666
f 3666 3994 3667
f 3667 3995 3668
f 3668 3996 3669
f 3669 3997 3670
f 3670 3998 3671
f 3671 3999 3672
f 3672 4000 3673
f 3673 4001 3674
f 3674 4002 3675
f 3675 4003 3676
f 3676 4004 3677
f 3677 4005 3678
f 3678 4006 3679
f 3679 4007 3680
f 3680 4008 3681
f 3681 4009 3682
f 3682 4010 3683
f 3961 3633 4012
f 3634 3962 3685
f 3963 3635 4014
f 3683 4011 3687
f 4012 3684 4016
f 3685 4013 3689
f 4014 3686 4018
f 3687 4015 3691
f 4016 3688 4020
f 3689 4017 3693
f 4018 3690 4022
f 3691 4019 3695
f 4020 3692 4024
f 3693 4021 3697
f 4022 3694 4026
f 3695 4023 3699
f 4024 3696 4028
f 3697 4025 3701
f 4026 3698 4030
f 3699 4027 3703
f 4028 3700 4032
f 3701 4029 3705
f 4030 3702 4034
f 3703 4031 3707
f 4032 3704 4036
f 3705 4033 3709
f 4034 3706 4038
f 3707 4035 3711
f 4036 3708 4040
f 3709 4037 3713
f 4038 3710 4042
f 3711 4039 3715
f 4040 3712 4044
f 3713 4041 3717
f 4042 3714 4046
f 3715 4043 3719
f 4044 3716 4048
f 3717 4045 3721
f 4046 3718 4050
f 3719 4047 3723
f 4048 3720 4052
f 3721 4049 3725
f 4050 3722 4054
f 3723 4051 3727
f 4052 3724 4056
f 3725 4053 3729
f 4054 3726 4058
f 3727 4055 3731
f 4056 3728 4060
f 3729 4057 3733
f 4058 3730 4062
f 3731 4059 3735
f 4060 3732 4064
f 3733 4061 3737
f 4062 3734 4066
f 3735 4063 3739
f 4064 3736 4068
f 3737 4065 3741
f 4066 3738 4070
f 3739 4067 3743
f 4068 3740 4072
f 3741 4069 3745
f 4070 3742 4074
f 3743 4071 3747
f 4072 3744 4076
f 3745 4073 3749
f 4074 3746 4078
f 3747 4075 3751
f 4076 3748 4080
f 3749 4077 3753
f 4078 3750 4082
f 3751 4079 3755
f 4080 3752 4084
f 3753 4081 3757
f 4082 3754 4086
f 3755 4083 3759
f 4084 3756 4088
f 3757 4085 3761
f 4086 3758 4090
f 3759 4087 3763
f 4088 3760 4092
f 3761 4089 3765
f 4090 3762 4094
f 3763 4091 3767
f 4092 3764 4096
f 3765 4093 3769
f 4094 3766 4098
f 3767 4095 3771
f 4096 3768 4100
f 3769 4097 3773
f 4098 3770 4102
f 3771 4099 3775
f 4100 3772 4104
f 3773 4101 3777
f 4102 3774 4106
f 3775 4103 3779
f 4104 3776 4108
f 3777 4105 3781
f 4106 3778 4110
f 3779 4107 3783
f 4108 3780 4112
f 3781 4109 3785
f 4110 3782 4114
f 3783 4111 3787
f 4112 3784 4116
f 3785 4113 3789
f 4114 3786 4118
f 3787 4115 3791
f 4116 3788 4120
f 3789 4117 3793
f 4118 3790 4122
f 3791 4119 3795
f 4120 3792 4124
f 3793 4121 3797
f 4122 3794 4126
f 3795 4123 3799
f 4124 3796 4128
f 3797 4125 3801
f 3798 3802 4126
f 3802 3803 4130
f 3803 3804 4131
f 3804 3805 4132
f 3805 3806 4133
f 3806 3807 4134
f 3807 3808 4135
f 3808 3809 4136
f 3809 3810 4137
f 3810 3811 4138
f 3811 3812 4139
f 3812 3813 4140
f 3813 3814 4141
f 3814 3815 4142
f 3815 3816 4143
f 3816 3817 4144
f 3817 3818 4145
f 3818 3819 4146
f 3819 3820 4147
f 3820 3821 4148
f 3821 3822 4149
f 3822 3823 4150
f 3823 3824 4151
f 3824 3825 4152
f 3825 3826 4153
f 3826 3827 4154
f 3827 3828 4155
f 3828 3829 4156
f 3829 3830 4157
f 3830 3831 4158
f 3831 3832 4159
f 3832 3833 4160
f 3833 3834 4161
f 3834 3835 4162
f 3835 3836 4163
f 3836 3837 4164
f 3837 3838 4165
f 3838 3839 4166
f 3839 3840 4167
f 3840 3841 4168
f 3841 3842 4169
f 3842 3843 4170
f 3843 3844 4171
f 3844 3845 4172
f 3845 3846 4173
f 3846 3847 4174
f 3847 3848 4175
f 3848 3799 4176
f 4128 3800 4177
f 3801 4129 3850
f 4177 3849 4179
f 3852 4180 3853
f 3850 4178 3852
f 3853 4181 3854
f 3854 4182 3855
f 3855 4183 3856
f 3856 4184 3857
f 3857 4185 3858
f 3858 4186 3859
f 3859 4187 3860
f 3860 4188 3861
f 3861 4189 3862
f 3862 4190 3863
f 3863 4191 3864
f 3864 4192 3865
f 3865 4193 3866
f 3866 4194 3867
f 3867 4195 3868
f 3868 4196 3869
f 3869 4197 3870
f 3870 4198 3871
f 3871 4199 3872
f 3872 4200 3873
f 3873 4201 3874
f 3874 4202 3875
f 3875 4203 3876
f 3876 4204 3877
f 3877 4205 3878
f 3878 4206 3879
f 3879 4207 3880
f 3880 4208 3881
f 3881 4209 3882
f 3882 4210 3883
f 3883 4211 3884
f 3884 4212 3885
f 3885 4213 3886
f 3886 4214 3887
f 3887 4215 3888
f 3888 4216 3889
f 3889 4217 3890
f 3890 4218 3891
f 3891 4219 3892
f 3892 4220 3893
f 3893 4221 3894
f 3894 4222 3895
f 3895 4223 3896
f 3896 4224 3897
f 3897 4225 3898
f 3898 4226 3899
f 3899 4227 3900
f 3900 4228 3901
f 3901 4229 3902
f 3902 4230 3903
f 3903 4231 3904
f 4179 3851 4232
f 3906 3905 4234
f 3906 4234 3907
f 3905 3908 4233
f 3908 3909 4236
f 3909 3910 4237
f 3910 3911 4238
f 3911 3912 4239
f 3912 3913 4240
f 3913 3914 4241
f 3914 3915 4242
f 3915 3916 4243
f 3916 3917 4244
f 3917 3918 4245
f 3918 3919 4246
f 3919 3920 4247
f 3920 3921 4248
f 3921 3922 4249
f 3922 3923 4250
f 3923 3924 4251
f 3924 3925 4252
f 3925 3926 4253
f 3926 3927 4254
f 3927 3928 4255
f 3928 3929 4256
f 3929 3930 4257
f 3930 3931 4258
f 3931 3932 4259
f 3932 3933 4260
f 3933 3934 4261
f 3934 3935 4262
f 3935 3936 4263
f 3936 3937 4264
f 3937 3938 4265
f 3938 3939 4266
f 3939 3940 4267
f 3940 3941 4268
f 3941 3942 4269
f 3942 3943 4270
f 3943 3944 4271
f 3944 3945 4272
f 3945 3946 4273
f 3946 3947 4274
f 3947 3948 4275
f 3948 3949 4276
f 3949 3950 4277
f 3950 3951 4278
f 3951 3952 4279
f 3952 3953 4280
f 3953 3954 4281
f 3954 3955 4282
f 3955 3956 4283
f 3956 3957 4284
f 3957 3958 4285
f 4286 3958 4287
f 3907 4235 3960
f 4287 3959 4289
f 3960 4288 3962
f 3963 4291 3964
f 3964 4292 3965
f 3965 4293 3966
f 3966 4294 3967
f 3967 4295 3968
f 3968 4296 3969
f 3969 4297 3970
f 3970 4298 3971
f 3971 4299 3972
f 3972 4300 3973
f 3973 4301 3974
f 3974 4302 3975
f 3975 4303 3976
f 3976 4304 3977
f 3977 4305 3978
f 3978 4306 3979
f 3979 4307 3980
f 3980 4308 3981
f 3981 4309 3982
f 3982 4310 3983
f 3983 4311 3984
f 3984 4312 3985
f 3985 4313 3986
f 3986 4314 3987
f 3987 4315 3988
f 3988 4316 3989
f 3989 4317 3990
f 3990 4318 3991
f 3991 4319 3992
f 3992 4320 3993
f 3993 4321 3994
f 3994 4322 3995
f 3995 4323 3996
f 3996 4324 3997
f 3997 4325 3998
f 3998 4326 3999
f 3999 4327 4000
f 4000 4328 4001
f 4001 4329 4002
f 4002 4330 4003
f 4003 4331 4004
f 4004 4332 4005
f 4005 4333 4006
f 4006 4334 4007
f 4007 4335 4008
f 4008 4336 4009
f 4009 4337 4010
f 4010 4338 4011
f 4289 3961 4340
f 3962 4290 4013
f 4291 3963 4342
f 4011 4339 4015
f 4340 4012 4344
f 4013 4341 4017
f 4342 4014 4346
f 4015 4343 4019
f 4344 4016 4348
f 4017 4345 4021
f 4346 4018 4350
f 4019 4347 4023
f 4348 4020 4352
f 4021 4349 4025
f 4350 4022 4354
f 4023 4351 4027
f 4352 4024 4356
f 4025 4353 4029
f 4354 4026 4358
f 4027 4355 4031
f 4356 4028 4360
f 4029 4357 4033
f 4358 4030 4362
f 4031 4359 4035
f 4360 4032 4364
f 4033 4361 4037
f 4362 4034 4366
f 4035 4363 4039
f 4364 4036 4368
f 4037 4365 4041
f 4366 4038 4370
f 4039 4367 4043
f 4368 4040 4372
f 4041 4369 4045
f 4370 4042 4374
f 4043 4371 4047
f 4372 4044 4376
f 4045 4373 4049
f 4374 4046 4378
f 4047 4375 4051
f 4376 4048 4380
f 4049 4377 4053
f 4378 4050 4382
f 4051 4379 4055
f 4380 4052 4384
f 4053 4381 4057
f 4382 4054 4386
f 4055 4383 4059
f 4384 4056 4388
f 4057 4385 4061
f 4386 4058 4390
f 4059 4387 4063
f 4388 4060 4392
f 4061 4389 4065
f 4390 4062 4394
f 4063 4391 4067
f 4392 4064 4396
f 4065 4393 4069
f 4394 4066 4398
f 4067 4395 4071
f 4396 4068 4400
f 4069 4397 4073
f 4398 4070 4402
f 4071 4399 4075
f 4400 4072 4404
f 4073 4401 4077
f 4402 4074 4406
f 4075 4403 4079
f 4404 4076 4408
f 4077 4405 4081
f 4406 4078 4410
f 4079 4407 4083
f 4408 4080 4412
f 4081 4409 4085
f 4410 4082 4414
f 4083 4411 4087
f 4412 4084 4416
f 4085 4413 4089
f 4414 4086 4418
f 4087 4415 4091
f 4416 4088 4420
f 4089 4417 4093
f 4418 4090 4422
f 4091 4419 4095
f 4420 4092 4424
f 4093 4421 4097
f 4422 4094 4426
f 4095 4423 4099
f 4424 4096 4428
f 4097 4425 4101
f 4426 4098 4430
f 4099 4427 4103
f 4428 4100 4432
f 4101 4429 4105
f 4430 4102 4434
f 4103 4431 4107
f 4432 4104 4436
f 4105 4433 4109
f 4434 4106 4438
f 4107 4435 4111
f 4436 4108 4440
f 4109 4437 4113
f 4438 4110 4442
f 4111 4439 4115
f 4440 4112 4444
f 4113 4441 4117
f 4442 4114 4446
f 4115 4443 4119
f 4444 4116 4448
f 4117 4445 4121
f 4446 4118 4450
f 4119 4447 4123
f 4448 4120 4452
f 4121 4449 4125
f 4450 4122 4454
f 4123 4451 4127
f 4452 4124 4456
f 4125 4453 4129
f 4126 4130 4454
f 4130 4131 4458
f 4131 4132 4459
f 4132 4133 4460
f 4133 4134 4461
f 4134 4135 4462
f 4135 4136 4463
f 4136 4137 4464
f 4137 4138 4465
f 4138 4139 4466
f 4139 4140 4467
f 4140 4141 4468
f 4141 4142 4469
f 4142 4143 4470
f 4143 4144 4471
f 4144 4145 4472
f 4145 4146 4473
f 4146 4147 4474
f 4147 4148 4475
f 4148 4149 4476
f 4149 4150 4477
f 4150 4151 4478
f 4151 4152 4479
f 4152 4153 4480
f 4153 4154 4481
f 4154 4155 4482
f 4155 4156 4483
f 4156 4157 4484
f 4157 4158 4485
f 4158 4159 4486
f 4159 4160 4487
f 4160 4161 4488
f 4161 4162 4489
f 4162 4163 4490
f 4163 4164 4491
f 4164 4165 4492
f 4165 4166 4493
f 4166 4167 4494
f 4167 4168 4495
f 4168 4169 4496
f 4169 4170 4497
f 4170 4171 4498
f 4171 4172 4499
f 4172 4173 4500
f 4173 4174 4501
f 4174 4175 4502
f 4175 4176 4503
f 4176 4127 4504
f 4456 4128 4505
f 4129 4457 4178
f 4505 4177 4507
f 4180 4508 4181
f 4178 4506 4180
f 4181 4509 4182
f 4182 4510 4183
f 4183 4511 4184
f 4184 4512 4185
f 4185 4513 4186
f 4186 4514 4187
f 4187 4515 4188
f 4188 4516 4189
f 4189 4517 4190
f 4190 4518 4191
f 4191 4519 4192
f 4192 4520 4193
f 4193 4521 4194
f 4194 4522 4195
f 4195 4523 4196
f 4196 4524 4197
f 4197 4525 4198
f 4198 4526 4199
f 4199 4527 4200
f 4200 4528 4201
f 4201 4529 4202
f 4202 4530 4203
f 4203 4531 4204
f 4204 4532 4205
f 4205 4533 4206
f 4206 4534 4207
f 4207 4535 4208
f 4208 4536 4209
f 4209 4537 4210
f 4210 4538 4211
f 4211 4539 4212
f 4212 4540 4213
f 4213 4541 4214
f 4214 4542 4215
f 4215 4543 4216
f 4216 4544 4217
f 4217 4545 4218
f 4218 4546 4219
f 4219 4547 4220
f 4220 4548 4221
f 4221 4549 4222
f 4222 4550 4223
f 4223 4551 4224
f 4224 4552 4225
f 4225 4553 4226
f 4226 4554 4227
f 4227 4555 4228
f 4228 4556 4229
f 4229 4557 4230
f 4230 4558 4231
f 4231 4559 4232
f 4507 4179 4560
f 4234 4233 4562
f 4234 4562 4235
f 4233 4236 4561
f 4236 4237 4564
f 4237 4238 4565
f 4238 4239 4566
f 4239 4240 4567
f 4240 4241 4568
f 4241 4242 4569
f 4242 4243 4570
f 4243 4244 4571
f 4244 4245 4572
f 4245 4246 4573
f 4246 4247 4574
f 4247 4248 4575
f 4248 4249 4576
f 4249 4250 4577
f 4250 4251 4578
f 4251 4252 4579
f 4252 4253 4580
f 4253 4254 4581
f 4254 4255 4582
f 4255 4256 4583
f 4256 4257 4584
f 4257 4258 4585
f 4258 4259 4586
f 4259 4260 4587
f 4260 4261 4588
f 4261 4262 4589
f 4262 4263 4590
f 4263 4264 4591
f 4264 4265 4592
f 4265 4266 4593
f 4266 4267 4594
f 4267 4268 4595
f 4268 4269 4596
f 4269 4270 4597
f 4270 4271 4598
f 4271 4272 4599
f 4272 4273 4600
f 4273 4274 4601
f 4274 4275 4602
f 4275 4276 4603
f 4276 4277 4604
f 4277 4278 4605
f 4278 4279 4606
f 4279 4280 4607
f 4280 4281 4608
f 4281 4282 4609
f 4282 4283 4610
f 4283 4284 4611
f 4284 4285 4612
f 4285 4286 4613
f 4614 4286 4615
f 4235 4563 4288
f 4615 4287 4617
f 4288 4616 4290
f 4291 4619 4292
f 4292 4620 4293
f 4293 4621 4294
f 4294 4622 4295
f 4295 4623 4296
f 4296 4624 4297
f 4297 4625 4298
f 4298 4626 4299
f 4299 4627 4300
f 4300 4628 4301
f 4301 4629 4302
f 4302 4630 4303
f 4303 4631 4304
f 4304 4632 4305
f 4305 4633 4306
f 4306 4634 4307
f 4307 4635 4308
f 4308 4636 4309
f 4309 4637 4310
f 4310 4638 4311
f 4311 4639 4312
f 4312 4640 4313
f 4313 4641 4314
f 4314 4642 4315
f 4315 4643 4316
f 4316 4644 4317
f 4317 4645 4318
f 4318 4646 4319
f 4319 4647 4320
f 4320 4648 4321
f 4321 4649 4322
f 4322 4650 4323
f 4323 4651 4324
f 4324 4652 4325
f 4325 4653 4326
f 4326 4654 4327
f 4327 4655 4328
f 4328 4656 4329
f 4329 4657 4330
f 4330 4658 4331
f 4331 4659 4332
f 4332 4660 4333
f 4333 4661 4334
f 4334 4662 4335
f 4335 4663 4336
f 4336 4664 4337
f 4337 4665 4338
f 4338 4666 4339
f 4617 4289 4668
f 4290 4618 4341
f 4619 4291 4670
f 4339 4667 4343
f 4668 4340 4672
f 4341 4669 4345
f 4670 4342 4674
f 4343 4671 4347
f 4672 4344 4676
f 4345 4673 4349
f 4674 4346 4678
f 4347 4675 4351
f 4676 4348 4680
f 4349 4677 4353
f 4678 4350 4682
f 4351 4679 4355
f 4680 4352 4684
f 4353 4681 4357
f 4682 4354 4686
f 4355 4683 4359
f 4684 4356 4688
f 4357 4685 4361
f 4686 4358 4690
f 4359 4687 4363
f 4688 4360 4692
f 4361 4689 4365
f 4690 4362 4694
f 4363 4691 4367
f 4692 4364 4696
f 4365 4693 4369
f 4694 4366 4698
f 4367 4695 4371
f 4696 4368 4700
f 4369 4697 4373
f 4698 4370 4702
f 4371 4699 4375
f 4700 4372 4704
f 4373 4701 4377
f 4702 4374 4706
f 4375 4703 4379
f 4704 4376 4708
f 4377 4705 4381
f 4706 4378 4710
f 4379 4707 4383
f 4708 4380 4712
f 4381 4709 4385
f 4710 4382 4714
f 4383 4711 4387
f 4712 4384 4716
f 4385 4713 4389
f 4714 4386 4718
f 4387 4715 4391
f 4716 4388 4720
f 4389 4717 4393
f 4718 4390 4722
f 4391 4719 4395
f 4720 4392 4724
f 4393 4721 4397
f 4722 4394 4726
f 4395 4723 4399
f 4724 4396 4728
f 4397 4725 4401
f 4726 4398 4730
f 4399 4727 4403
f 4728 4400 4732
f 4401 4729 4405
f 4730 4402 4734
f 4403 4731 4407
f 4732 4404 4736
f 4405 4733 4409
f 4734 4406 4738
f 4407 4735 4411
f 4736 4408 4740
f 4409 4737 4413
f 4738 4410 4742
f 4411 4739 4415
f 4740 4412 4744
f 4413 4741 4417
f 4742 4414 4746
f 4415 4743 4419
f 4744 4416 4748
f 4417 4745 4421
f 4746 4418 4750
f 4419 4747 4423
f 4748 4420 4752
f 4421 4749 4425
f 4750 4422 4754
f 4423 4751 4427
f 4752 4424 4756
f 4425 4753 4429
f 4754 4426 4758
f 4427 4755 4431
f 4756 4428 4760
f 4429 4757 4433
f 4758 4430 4762
f 4431 4759 4435
f 4760 4432 4764
f 4433 4761 4437
f 4762 4434 4766
f 4435 4763 4439
f 4764 4436 4768
f 4437 4765 4441
f 4766 4438 4770
f 4439 4767 4443
f 4768 4440 4772
f 4441 4769 4445
f 4770 4442 4774
f 4443 4771 4447
f 4772 4444 4776
f 4445 4773 4449
f 4774 4446 4778
f 4447 4775 4451
f 4776 4448 4780
f 4449 4777 4453
f 4778 4450 4782
f 4451 4779 4455
f 4780 4452 4784
f 4453 4781 4457
f 4454 4458 4782
f 4458 4459 4786
f 4459 4460 4787
f 4460 4461 4788
f 4461 4462 4789
f 4462 4463 4790
f 4463 4464 4791
f 4464 4465 4792
f 4465 4466 4793
f 4466 4467 4794
f 4467 4468 4795
f 4468 4469 4796
f 4469 4470 4797
f 4470 4471 4798
f 4471 4472 4799
f 4472 4473 4800
f 4473 4474 4801
f 4474 4475 4802
f 4475 4476 4803
f 4476 4477 4804
f 4477 4478 4805
f 4478 4479 4806
f 4479 4480 4807
f 4480 4481 4808
f 4481 4482 4809
f 4482 4483 4810
f 4483 4484 4811
f 4484 4485 4812
f 4485 4486 4813
f 4486 4487 4814
f 4487 4488 4815
f 4488 4489 4816
f 4489 4490 4817
f 4490 4491 4818
f 4491 4492 4819
f 4492 4493 4820
f 4493 4494 4821
f 4494 4495 4822
f 4495 4496 4823
f 4496 4497 4824
f 4497 4498 4825
f 4498 4499 4826
f 4499 4500 4827
f 4500 4501 4828
f 4501 4502 4829
f 4502 4503 4830
f 4503 4504 4831
f 4504 4455 4832
f 4784 4456 4833
f 4457 4785 4506
f 4833 4505 4835
f 4508 4836 4509
f 4506 4834 4508
f 4509 4837 4510
f 4510 4838 4511
f 4511 4839 4512
f 4512 4840 4513
f 4513 4841 4514
f 4514 4842 4515
f 4515 4843 4516
f 4516 4844 4517
f 4517 4845 4518
f 4518 4846 4519
f 4519 4847 4520
f 4520 4848 4521
f 4521 4849 4522
f 4522 4850 4523
f 4523 4851 4524
f 4524 4852 4525
f 4525 4853 4526
f 4526 4854 4527
f 4527 4855 4528
f 4528 4856 4529
f 4529 4857 4530
f 4530 4858 4531
f 4531 4859 4532
f 4532 4860 4533
f 4533 4861 4534
f 4534 4862 4535
f 4535 4863 4536
f 4536 4864 4537
f 4537 4865 4538
f 4538 4866 4539
f 4539 4867 4540
f 4540 4868 4541
f 4541 4869 4542
f 4542 4870 4543
f 4543 4871 4544
f 4544 4872 4545
f 4545 4873 4546
f 4546 4874 4547
f 4547 4875 4548
f 4548 4876 4549
f 4549 4877 4550
f 4550 4878 4551
f 4551 4879 4552
f 4552 4880 4553
f 4553 4881 4554
f 4554 4882 4555
f 4555 4883 4556
f 4556 4884 4557
f 4557 4885 4558
f 4558 4886 4559
f 4559 4887 4560
f 4835 4507 4888
f 4562 4561 4890
f 4562 4890 4563
f 4561 4564 4889
f 4564 4565 4892
f 4565 4566 4893
f 4566 4567 4894
f 4567 4568 4895
f 4568 4569 4896
f 4569 4570 4897
f 4570 4571 4898
f 4571 4572 4899
f 4572 4573 4900
f 4573 4574 4901
f 4574 4575 4902
f 4575 4576 4903
f 4576 4577 4904
f 4577 4578 4905
f 4578 4579 4906
f 4579 4580 4907
f 4580 4581 4908
f 4581 4582 4909
f 4582 4583 4910
f 4583 4584 4911
f 4584 4585 4912
f 4585 4586 4913
f 4586 4587 4914
f 4587 4588 4915
f 4588 4589 4916
f 4589 4590 4917
f 4590 4591 4918
f 4591 4592 4919
f 4592 4593 4920
f 4593 4594 4921
f 4594 4595 4922
f 4595 4596 4923
f 4596 4597 4924
f 4597 4598 4925
f 4598 4599 4926
f 4599 4600 4927
f 4600 4601 4928
f 4601 4602 4929
f 4602 4603 4930
f 4603 4604 4931
f 4604 4605 4932
f 4605 4606 4933
f 4606 4607 4934
f 4607 4608 4935
f 4608 4609 4936
f 4609 4610 4937
f 4610 4611 4938
f 4611 4612 4939
f 4612 4613 4940
f 4613 4614 4941
f 4942 4614 4943
f 4563 4891 4616
f 4943 4615 4945
f 4616 4944 4618
f 4619 4947 4620
f 4620 4948 4621
f 4621 4949 4622
f 4622 4950 4623
f 4623 4951 4624
f 4624 4952 4625
f 4625 4953 4626
f 4626 4954 4627
f 4627 4955 4628
f 4628 4956 4629
f 4629 4957 4630
f 4630 4958 4631
f 4631 4959 4632
f 4632 4960 4633
f 4633 4961 4634
f 4634 4962 4635
f 4635 4963 4636
f 4636 4964 4637
f 4637 4965 4638
f 4638 4966 4639
f 4639 4967 4640
f 4640 4968 4641
f 4641 4969 4642
f 4642 4970 4643
f 4643 4971 4644
f 4644 4972 4645
f 4645 4973 4646
f 4646 4974 4647
f 4647 4975 4648
f 4648 4976 4649
f 4649 4977 4650
f 4650 4978 4651
f 4651 4979 4652
f 4652 4980 4653
f 4653 4981 4654
f 4654 4982 4655
f 4655 4983 4656
f 4656 4984 4657
f 4657 4985 4658
f 4658 4986 4659
f 4659 4987 4660
f 4660 4988 4661
f 4661 4989 4662
f 4662 4990 4663
f 4663 4991 4664
f 4664 4992 4665
f 4665 4993 4666
f 4666 4994 4667
f 4945 4617 4996
f 4618 4946 4669
f 4947 4619 4998
f 4667 4995 4671
f 4996 4668 5000
f 4669 4997 4673
f 4998 4670 5002
f 4671 4999 4675
f 5000 4672 5004
f 4673 5001 4677
f 5002 4674 5006
f 4675 5003 4679
f 5004 4676 5008
f 4677 5005 4681
f 5006 4678 5010
f 4679 5007 4683
f 5008 4680 5012
f 4681 5009 4685
f 5010 4682 5014
f 4683 5011 4687
f 5012 4684 5016
f 4685 5013 4689
f 5014 4686 5018
f 4687 5015 4691
f 5016 4688 5020
f 4689 5017 4693
f 5018 4690 5022
f 4691 5019 4695
f 5020 4692 5024
f 4693 5021 4697
f 5022 4694 5026
f 4695 5023 4699
f 5024 4696 5028
f 4697 5025 4701
f 5026 4698 5030
f 4699 5027 4703
f 5028 4700 5032
f 4701 5029 4705
f 5030 4702 5034
f 4703 5031 4707
f 5032 4704 5036
f 4705 5033 4709
f 5034 4706 5038
f 4707 5035 4711
f 5036 4708 5040
f 4709 5037 4713
f 5038 4710 5042
f 4711 5039 4715
f 5040 4712 5044
f 4713 5041 4717
f 5042 4714 5046
f 4715 5043 4719
f 5044 4716 5048
f 4717 5045 4721
f 5046 4718 5050
f 4719 5047 4723
f 5048 4720 5052
f 4721 5049 4725
f 5050 4722 5054
f 4723 5051 4727
f 5052 4724 5056
f 4725 5053 4729
f 5054 4726 5058
f 4727 5055 4731
f 5056 4728 5060
f 4729 5057 4733
f 5058 4730 5062
f 4731 5059 4735
f 5060 4732 5064
f 4733 5061 4737
f 5062 4734 5066
f 4735 5063 4739
f 5064 4736 5068
f 4737 5065 4741
f 5066 4738 5070
f 4739 5067 4743
f 5068 4740 5072
f 4741 5069 4745
f 5070 4742 5074
f 4743 5071 4747
f 5072 4744 5076
f 4745 5073 4749
f 5074 4746 5078
f 4747 5075 4751
f 5076 4748 5080
f 4749 5077 4753
f 5078 4750 5082
f 4751 5079 4755
f 5080 4752 5084
f 4753 5081 4757
f 5082 4754 5086
f 4755 5083 4759
f 5084 4756 5088
f 4757 5085 4761
f 5086 4758 5090
f 4759 5087 4763
f 5088 4760 5092
f 4761 5089 4765
f 5090 4762 5094
f 4763 5091 4767
f 5092 4764 5096
f 4765 5093 4769
f 5094 4766 5098
f 4767 5095 4771
f 5096 4768 5100
f 4769 5097 4773
f 5098 4770 5102
f 4771 5099 4775
f 5100 4772 5104
f 4773 5101 4777
f 5102 4774 5106
f 4775 5103 4779
f 5104 4776 5108
f 4777 5105 4781
f 5106 4778 5110
f 4779 5107 4783
f 5108 4780 5112
f 4781 5109 4785
f 4782 4786 5110
f 4786 4787 5114
f 4787 4788 5115
f 4788 4789 5116
f 4789 4790 5117
f 4790 4791 5118
f 4791 4792 5119
f 4792 4793 5120
f 4793 4794 5121
f 4794 4795 5122
f 4795 4796 5123
f 4796 4797 5124
f 4797 4798 5125
f 4798 4799 5126
f 4799 4800 5127
f 4800 4801 5128
f 4801 4802 5129
f 4802 4803 5130
f 4803 4804 5131
f 4804 4805 5132
f 4805 4806 5133
f 4806 4807 5134
f 4807 4808 5135
f 4808 4809 5136
f 4809 4810 5137
f 4810 4811 5138
f 4811 4812 5139
f 4812 4813 5140
f 4813 4814 5141
f 4814 4815 5142
f 4815 4816 5143
f 4816 4817 5144
f 4817 4818 5145
f 4818 4819 5146
f 4819 4820 5147
f 4820 4821 5148
f 4821 4822 5149
f 4822 4823 5150
f 4823 4824 5151
f 4824 4825 5152
f 4825 4826 5153
f 4826 4827 5154
f 4827 4828 5155
f 4828 4829 5156
f 4829 4830 5157
f 4830 4831 5158
f 4831 4832 5159
f 4832 4783 5160
f 5112 4784 5161
f 4785 5113 4834
f 5161 4833 5163
f 4836 5164 4837
f 4834 5162 4836
f 4837 5165 4838
f 4838 5166 4839
f 4839 5167 4840
f 4840 5168 4841
f 4841 5169 4842
f 4842 5170 4843
f 4843 5171 4844
f 4844 5172 4845
f 4845 5173 4846
f 4846 5174 4847
f 4847 5175 4848
f 4848 5176 4849
f 4849 5177 4850
f 4850 5178 4851
f 4851 5179 4852
f 4852 5180 4853
f 4853 5181 4854
f 4854 5182 4855
f 4855 5183 4856
f 4856 5184 4857
f 4857 5185 4858
f 4858 5186 4859
f 4859 5187 4860
f 4860 5188 4861
f 4861 5189 4862
f 4862 5190 4863
f 4863 5191 4864
f 4864 5192 4865
f 4865 5193 4866
f 4866 5194 4867
f 4867 5195 4868
f 4868 5196 4869
f 4869 5197 4870
f 4870 5198 4871
f 4871 5199 4872
f 4872 5200 4873
f 4873 5201 4874
f 4874 5202 4875
f 4875 5203 4876
f 4876 5204 4877
f 4877 5205 4878
f 4878 5206 4879
f 4879 5207 4880
f 4880 5208 4881
f 4881 5209 4882
f 4882 5210 4883
f 4883 5211 4884
f 4884 5212 4885
f 4885 5213 4886
f 4886 5214 4887
f 4887 5215 4888
f 5163 4835 5216
f 4890 4889 5218
f 4890 5218 4891
f 4889 4892 5217
f 4892 4893 5220
f 4893 4894 5221
f 4894 4895 5222
f 4895 4896 5223
f 4896 4897 5224
f 4897 4898 5225
f 4898 4899 5226
f 4899 4900 5227
f 4900 4901 5228
f 4901 4902 5229
f 4902 4903 5230
f 4903 4904 5231
f 4904 4905 5232
f 4905 4906 5233
f 4906 4907 5234
f 4907 4908 5235
f 4908 4909 5236
f 4909 4910 5237
f 4910 4911 5238
f 4911 4912 5239
f 4912 4913 5240
f 4913 4914 5241
f 4914 4915 5242
f 4915 4916 5243
f 4916 4917 5244
f 4917 4918 5245
f 4918 4919 5246
f 4919 4920 5247
f 4920 4921 5248
f 4921 4922 5249
f 4922 4923 5250
f 4923 4924 5251
f 4924 4925 5252
f 4925 4926 5253
f 4926 4927 5254
f 4927 4928 5255
f 4928 4929 5256
f 4929 4930 5257
f 4930 4931 5258
f 4931 4932 5259
f 4932 4933 5260
f 4933 4934 5261
f 4934 4935 5262
f 4935 4936 5263
f 4936 4937 5264
f 4937 4938 5265
f 4938 4939 5266
f 4939 4940 5267
f 4940 4941 5268
f 4941 4942 5269
f 5270 4942 5271
f 4891 5219 4944
f 5271 4943 5273
f 4944 5272 4946
f 4947 5275 4948
f 4948 5276 4949
f 4949 5277 4950
f 4950 5278 4951
f 4951 5279 4952
f 4952 5280 4953
f 4953 5281 4954
f 4954 5282 4955
f 4955 5283 4956
f 4956 5284 4957
f 4957 5285 4958
f 4958 5286 4959
f 4959 5287 4960
f 4960 5288 4961
f 4961 5289 4962
f 4962 5290 4963
f 4963 5291 4964
f 4964 5292 4965
f 4965 5293 4966
f 4966 5294 4967
f 4967 5295 4968
f 4968 5296 4969
f 4969 5297 4970
f 4970 5298 4971
f 4971 5299 4972
f 4972 5300 4973
f 4973 5301 4974
f 4974 5302 4975
f 4975 5303 4976
f 4976 5304 4977
f 4977 5305 4978
f 4978 5306 4979
f 4979 5307 4980
f 4980 5308 4981
f 4981 5309 4982
f 4982 5310 4983
f 4983 5311 4984
f 4984 5312 4985
f 4985 5313 4986
f 4986 5314 4987
f 4987 5315 4988
f 4988 5316 4989
f 4989 5317 4990
f 4990 5318 4991
f 4991 5319 4992
f 4992 5320 4993
f 4993 5321 4994
f 4994 5322 4995
f 5273 4945 5324
f 4946 5274 4997
f 5275 4947 5326
f 4995 5323 4999
f 5324 4996 5328
f 4997 5325 5001
f 5326 4998 5330
f 4999 5327 5003
f 5328 5000 5332
f 5001 5329 5005
f 5330 5002 5334
f 5003 5331 5007
f 5332 5004 5336
f 5005 5333 5009
f 5334 5006 5338
f 5007 5335 5011
f 5336 5008 5340
f 5009 5337 5013
f 5338 5010 5342
f 5011 5339 5015
f 5340 5012 5344
f 5013 5341 5017
f 5342 5014 5346
f 5015 5343 5019
f 5344 5016 5348
f 5017 5345 5021
f 5346 5018 5350
f 5019 5347 5023
f 5348 5020 5352
f 5021 5349 5025
f 5350 5022 5354
f 5023 5351 5027
f 5352 5024 5356
f 5025 5353 5029
f 5354 5026 5358
f 5027 5355 5031
f 5356 5028 5360
f 5029 5357 5033
f 5358 5030 5362
f 5031 5359 5035
f 5360 5032 5364
f 5033 5361 5037
f 5362 5034 5366
f 5035 5363 5039
f 5364 5036 5368
f 5037 5365 5041
f 5366 5038 5370
f 5039 5367 5043
f 5368 5040 5372
f 5041 5369 5045
f 5370 5042 5374
f 5043 5371 5047
f 5372 5044 5376
f 5045 5373 5049
f 5374 5046 5378
f 5047 5375 5051
f 5376 5048 5380
f 5049 5377 5053
f 5378 5050 5382
f 5051 5379 5055
f 5380 5052 5384
f 5053 5381 5057
f 5382 5054 5386
f 5055 5383 5059
f 5384 5056 5388
f 5057 5385 5061
f 5386 5058 5390
f 5059 5387 5063
f 5388 5060 5392
f 5061 5389 5065
f 5390 5062 5394
f 5063 5391 5067
f 5392 5064 5396
f 5065 5393 5069
f 5394 5066 5398
f 5067 5395 5071
f 5396 5068 5400
f 5069 5397 5073
f 5398 5070 5402
f 5071 5399 5075
f 5400 5072 5404
f 5073 5401 5077
f 5402 5074 5406
f 5075 5403 5079
f 5404 5076 5408
f 5077 5405 5081
f 5406 5078 5410
f 5079 5407 5083
f 5408 5080 5412
f 5081 5409 5085
f 5410 5082 5414
f 5083 5411 5087
f 5412 5084 5416
f 5085 5413 5089
f 5414 5086 5418
f 5087 5415 5091
f 5416 5088 5420
f 5089 5417 5093
f 5418 5090 5422
f 5091 5419 5095
f 5420 5092 5424
f 5093 5421 5097
f 5422 5094 5426
f 5095 5423 5099
f 5424 5096 5428
f 5097 5425 5101
f 5426 5098 5430
f 5099 5427 5103
f 5428 5100 5432
f 5101 5429 5105
f 5430 5102 5434
f 5103 5431 5107
f 5432 5104 5436
f 5105 5433 5109
f 5434 5106 5438
f 5107 5435 5111
f 5436 5108 5440
f 5109 5437 5113
f 5110 5114 5438
f 5114 5115 5442
f 5115 5116 5443
f 5116 5117 5444
f 5117 5118 5445
f 5118 5119 5446
f 5119 5120 5447
f 5120 5121 5448
f 5121 5122 5449
f 5122 5123 5450
f 5123 5124 5451
f 5124 5125 5452
f 5125 5126 5453
f 5126 5127 5454
f 5127 5128 5455
f 5128 5129 5456
f 5129 5130 5457
f 5130 5131 5458
f 5131 5132 5459
f 5132 5133 5460
f 5133 5134 5461
f 5134 5135 5462
f 5135 5136 5463
f 5136 5137 5464
f 5137 5138 5465
f 5138 5139 5466
f 5139 5140 5467
f 5140 5141 5468
f 5141 5142 5469
f 5142 5143 5470
f 5143 5144 5471
f 5144 5145 5472
f 5145 5146 5473
f 5146 5147 5474
f 5147 5148 5475
f 5148 5149 5476
f 5149 5150 5477
f 5150 5151 5478
f 5151 5152 5479
f 5152 5153 5480
f 5153 5154 5481
f 5154 5155 5482
f 5155 5156 5483
f 5156 5157 5484
f 5157 5158 5485
f 5158 5159 5486
f 5159 5160 5487
f 5160 5111 5488
f 5440 5112 5489
f 5113 5441 5162
f 5489 5161 5491
f 5164 5492 5165
f 5162 5490 5164
f 5165 5493 5166
f 5166 5494 5167
f 5167 5495 5168
f 5168 5496 5169
f 5169 5497 5170
f 5170 5498 5171
f 5171 5499 5172
f 5172 5500 5173
f 5173 5501 5174
f 5174 5502 5175
f 5175 5503 5176
f 5176 5504 5177
f 5177 5505 5178
f 5178 5506 5179
f 5179 5507 5180
f 5180 5508 5181
f 5181 5509 5182
f 5182 5510 5183
f 5183 5511 5184
f 5184 5512 5185
f 5185 5513 5186
f 5186 5514 5187
f 5187 5515 5188
f 5188 5516 5189
f 5189 5517 5190
f 5190 5518 5191
f 5191 5519 5192
f 5192 5520 5193
f 5193 5521 5194
f 5194 5522 5195
f 5195 5523 5196
f 5196 5524 5197
f 5197 5525 5198
f 5198 5526 5199
f 5199 5527 5200
f 5200 5528 5201
f 5201 5529 5202
f 5202 5530 5203
f 5203 5531 5204
f 5204 5532 5205
f 5205 5533 5206
f 5206 5534 5207
f 5207 5535 5208
f 5208 5536 5209
f 5209 5537 5210
f 5210 5538 5211
f 5211 5539 5212
f 5212 5540 5213
f 5213 5541 5214
f 5214 5542 5215
f 5215 5543 5216
f 5491 5163 5544
f 5218 5217 5546
f 5218 5546 5219
f 5217 5220 5545
f 5220 5221 5548
f 5221 5222 5549
f 5222 5223 5550
f 5223 5224 5551
f 5224 5225 5552
f 5225 5226 5553
f 5226 5227 5554
f 5227 5228 5555
f 5228 5229 5556
f 5229 5230 5557
f 5230 5231 5558
f 5231 5232 5559
f 5232 5233 5560
f 5233 5234 5561
f 5234 5235 5562
f 5235 5236 5563
f 5236 5237 5564
f 5237 5238 5565
f 5238 5239 5566
f 5239 5240 5567
f 5240 5241 5568
f 5241 5242 5569
f 5242 5243 5570
f 5243 5244 5571
f 5244 5245 5572
f 5245 5246 5573
f 5246 5247 5574
f 5247 5248 5575
f 5248 5249 5576
f 5249 5250 5577
f 5250 5251 5578
f 5251 5252 5579
f 5252 5253 5580
f 5253 5254 5581
f 5254 5255 5582
f 5255 5256 5583
f 5256 5257 5584
f 5257 5258 5585
f 5258 5259 5586
f 5259 5260 5587
f 5260 5261 5588
f 5261 5262 5589
f 5262 5263 5590
f 5263 5264 5591
f 5264 5265 5592
f 5265 5266 5593
f 5266 5267 5594
f 5267 5268 5595
f 5268 5269 5596
f 5269 5270 5597
f 5598 5270 5599
f 5219 5547 5272
f 5599 5271 5601
f 5272 5600 5274
f 5275 5603 5276
f 5276 5604 5277
f 5277 5605 5278
f 5278 5606 5279
f 5279 5607 5280
f 5280 5608 5281
f 5281 5609 5282
f 5282 5610 5283
f 5283 5611 5284
f 5284 5612 5285
f 5285 5613 5286
f 5286 5614 5287
f 5287 5615 5288
f 5288 5616 5289
f 5289 5617 5290
f 5290 5618 5291
f 5291 5619 5292
f 5292 5620 5293
f 5293 5621 5294
f 5294 5622 5295
f 5295 5623 5296
f 5296 5624 5297
f 5297 5625 5298
f 5298 5626 5299
f 5299 5627 5300
f 5300 5628 5301
f 5301 5629 5302
f 5302 5630 5303
f 5303 5631 5304
f 5304 5632 5305
f 5305 5633 5306
f 5306 5634 5307
f 5307 5635 5308
f 5308 5636 5309
f 5309 5637 5310
f 5310 5638 5311
f 5311 5639 5312
f 5312 5640 5313
f 5313 5641 5314
f 5314 5642 5315
f 5315 5643 5316
f 5316 5644 5317
f 5317 5645 5318
f 5318 5646 5319
f 5319 5647 5320
f 5320 5648 5321
f 5321 5649 5322
f 5322 5650 5323
f 5601 5273 5652
f 5274 5602 5325
f 5603 5275 5654
f 5323 5651 5327
f 5652 5324 5656
f 5325 5653 5329
f 5654 5326 5658
f 5327 5655 5331
f 5656 5328 5660
f 5329 5657 5333
f 5658 5330 5662
f 5331 5659 5335
f 5660 5332 5664
f 5333 5661 5337
f 5662 5334 5666
f 5335 5663 5339
f 5664 5336 5668
f 5337 5665 5341
f 5666 5338 5670
f 5339 5667 5343
f 5668 5340 5672
f 5341 5669 5345
f 5670 5342 5674
f 5343 5671 5347
f 5672 5344 5676
f 5345 5673 5349
f 5674 5346 5678
f 5347 5675 5351
f 5676 5348 5680
f 5349 5677 5353
f 5678 5350 5682
f 5351 5679 5355
f 5680 5352 5684
f 5353 5681 5357
f 5682 5354 5686
f 5355 5683 5359
f 5684 5356 5688
f 5357 5685 5361
f 5686 5358 5690
f 5359 5687 5363
f 5688 5360 5692
f 5361 5689 5365
f 5690 5362 5694
f 5363 5691 5367
f 5692 5364 5696
f 5365 5693 5369
f 5694 5366 5698
f 5367 5695 5371
f 5696 5368 5700
f 5369 5697 5373
f 5698 5370 5702
f 5371 5699 5375
f 5700 5372 5704
f 5373 5701 5377
f 5702 5374 5706
f 5375 5703 5379
f 5704 5376 5708
f 5377 5705 5381
f 5706 5378 5710
f 5379 5707 5383
f 5708 5380 5712
f 5381 5709 5385
f 5710 5382 5714
f 5383 5711 5387
f 5712 5384 5716
f 5385 5713 5389
f 5714 5386 5718
f 5387 5715 5391
f 5716 5388 5720
f 5389 5717 5393
f 5718 5390 5722
f 5391 5719 5395
f 5720 5392 5724
f 5393 5721 5397
f 5722 5394 5726
f 5395 5723 5399
f 5724 5396 5728
f 5397 5725 5401
f 5726 5398 5730
f 5399 5727 5403
f 5728 5400 5732
f 5401 5729 5405
f 5730 5402 5734
f 5403 5731 5407
f 5732 5404 5736
f 5405 5733 5409
f 5734 5406 5738
f 5407 5735 5411
f 5736 5408 5740
f 5409 5737 5413
f 5738 5410 5742
f 5411 5739 5415
f 5740 5412 5744
f 5413 5741 5417
f 5742 5414 5746
f 5415 5743 5419
f 5744 5416 5748
f 5417 5745 5421
f 5746 5418 5750
f 5419 5747 5423
f 5748 5420 5752
f 5421 5749 5425
f 5750 5422 5754
f 5423 5751 5427
f 5752 5424 5756
f 5425 5753 5429
f 5754 5426 5758
f 5427 5755 5431
f 5756 5428 5760
f 5429 5757 5433
f 5758 5430 5762
f 5431 5759 5435
f 5760 5432 5764
f 5433 5761 5437
f 5762 5434 5766
f 5435 5763 5439
f 5764 5436 5768
f 5437 5765 5441
f 5438 5442 5766
f 5442 5443 5770
f 5443 5444 5771
f 5444 5445 5772
f 5445 5446 5773
f 5446 5447 5774
f 5447 5448 5775
f 5448 5449 5776
f 5449 5450 5777
f 5450 5451 5778
f 5451 5452 5779
f 5452 5453 5780
f 5453 5454 5781
f 5454 5455 5782
f 5455 5456 5783
f 5456 5457 5784
f 5457 5458 5785
f 5458 5459 5786
f 5459 5460 5787
f 5460 5461 5788
f 5461 5462 5789
f 5462 5463 5790
f 5463 5464 5791
f 5464 5465 5792
f 5465 5466 5793
f 5466 5467 5794
f 5467 5468 5795
f 5468 5469 5796
f 5469 5470 5797
f 5470 5471 5798
f 5471 5472 5799
f 5472 5473 5800
f 5473 5474 5801
f 5474 5475 5802
f 5475 5476 5803
f 5476 5477 5804
f 5477 5478 5805
f 5478 5479 5806
f 5479 5480 5807
f 5480 5481 5808
f 5481 5482 5809
f 5482 5483 5810
f 5483 5484 5811
f 5484 5485 5812
f 5485 5486 5813
f 5486 5487 5814
f 5487 5488 5815
f 5488 5439 5816
f 5768 5440 5817
f 5441 5769 5490
f 5817 5489 5819
f 5492 5820 5493
f 5490 5818 5492
f 5493 5821 5494
f 5494 5822 5495
f 5495 5823 5496
f 5496 5824 5497
f 5497 5825 5498
f 5498 5826 5499
f 5499 5827 5500
f 5500 5828 5501
f 5501 5829 5502
f 5502 5830 5503
f 5503 5831 5504
f 5504 5832 5505
f 5505 5833 5506
f 5506 5834 5507
f 5507 5835 5508
f 5508 5836 5509
f 5509 5837 5510
f 5510 5838 5511
f 5511 5839 5512
f 5512 5840 5513
f 5513 5841 5514
f 5514 5842 5515
f 5515 5843 5516
f 5516 5844 5517
f 5517 5845 5518
f 5518 5846 5519
f 5519 5847 5520
f 5520 5848 5521
f 5521 5849 5522
f 5522 5850 5523
f 5523 5851 5524
f 5524 5852 5525
f 5525 5853 5526
f 5526 5854 5527
f 5527 5855 5528
f 5528 5856 5529
f 5529 5857 5530
f 5530 5858 5531
f 5531 5859 5532
f 5532 5860 5533
f 5533 5861 5534
f 5534 5862 5535
f 5535 5863 5536
f 5536 5864 5537
f 5537 5865 5538
f 5538 5866 5539
f 5539 5867 5540
f 5540 5868 5541
f 5541 5869 5542
f 5542 5870 5543
f 5543 5871 5544
f 5819 5491 5872
f 5546 5545 5874
f 5546 5874 5547
f 5545 5548 5873
f 5548 5549 5876
f 5549 5550 5877
f 5550 5551 5878
f 5551 5552 5879
f 5552 5553 5880
f 5553 5554 5881
f 5554 5555 5882
f 5555 5556 5883
f 5556 5557 5884
f 5557 5558 5885
f 5558 5559 5886
f 5559 5560 5887
f 5560 5561 5888
f 5561 5562 5889
f 5562 5563 5890
f 5563 5564 5891
f 5564 5565 5892
f 5565 5566 5893
f 5566 5567 5894
f 5567 5568 5895
f 5568 5569 5896
f 5569 5570 5897
f 5570 5571 5898
f 5571 5572 5899
f 5572 5573 5900
f 5573 5574 5901
f 5574 5575 5902
f 5575 5576 5903
f 5576 5577 5904
f 5577 5578 5905
f 5578 5579 5906
f 5579 5580 5907
f 5580 5581 5908
f 5581 5582 5909
f 5582 5583 5910
f 5583 5584 5911
f 5584 5585 5912
f 5585 5586 5913
f 5586 5587 5914
f 5587 5588 5915
f 5588 5589 5916
f 5589 5590 5917
f 5590 5591 5918
f 5591 5592 5919
f 5592 5593 5920
f 5593 5594 5921
f 5594 5595 5922
f 5595 5596 5923
f 5596 5597 5924
f 5597 5598 5925
f 5926 5598 5927
f 5547 5875 5600
f 5927 5599 5929
f 5600 5928 5602
f 5603 5931 5604
f 5604 5932 5605
f 5605 5933 5606
f 5606 5934 5607
f 5607 5935 5608
f 5608 5936 5609
f 5609 5937 5610
f 5610 5938 5611
f 5611 5939 5612
f 5612 5940 5613
f 5613 5941 5614
f 5614 5942 5615
f 5615 5943 5616
f 5616 5944 5617
f 5617 5945 5618
f 5618 5946 5619
f 5619 5947 5620
f 5620 5948 5621
f 5621 5949 5622
f 5622 5950 5623
f 5623 5951 5624
f 5624 5952 5625
f 5625 5953 5626
f 5626 5954 5627
f 5627 5955 5628
f 5628 5956 5629
f 5629 5957 5630
f 5630 5958 5631
f 5631 5959 5632
f 5632 5960 5633
f 5633 5961 5634
f 5634 5962 5635
f 5635 5963 5636
f 5636 5964 5637
f 5637 5965 5638
f 5638 5966 5639
f 5639 5967 5640
f 5640 5968 5641
f 5641 5969 5642
f 5642 5970 5643
f 5643 5971 5644
f 5644 5972 5645
f 5645 5973 5646
f 5646 5974 5647
f 5647 5975 5648
f 5648 5976 5649
f 5649 5977 5650
f 5650 5978 5651
f 5929 5601 5980
f 5602 5930 5653
f 5931 5603 5982
f 5651 5979 5655
f 5980 5652 5984
f 5653 5981 5657
f 5982 5654 5986
f 5655 5983 5659
f 5984 5656 5988
f 5657 5985 5661
f 5986 5658 5990
f 5659 5987 5663
f 5988 5660 5992
f 5661 5989 5665
f 5990 5662 5994
f 5663 5991 5667
f 5992 5664 5996
f 5665 5993 5669
f 5994 5666 5998
f 5667 5995 5671
f 5996 5668 6000
f 5669 5997 5673
f 5998 5670 6002
f 5671 5999 5675
f 6000 5672 6004
f 5673 6001 5677
f 6002 5674 6006
f 5675 6003 5679
f 6004 5676 6008
f 5677 6005 5681
f 6006 5678 6010
f 5679 6007 5683
f 6008 5680 6012
f 5681 6009 5685
f 6010 5682 6014
f 5683 6011 5687
f 6012 5684 6016
f 5685 6013 5689
f 6014 5686 6018
f 5687 6015 5691
f 6016 5688 6020
f 5689 6017 5693
f 6018 5690 6022
f 5691 6019 5695
f 6020 5692 6024
f 5693 6021 5697
f 6022 5694 6026
f 5695 6023 5699
f 6024 5696 6028
f 5697 6025 5701
f 6026 5698 6030
f 5699 6027 5703
f 6028 5700 6032
f 5701 6029 5705
f 6030 5702 6034
f 5703 6031 5707
f 6032 5704 6036
f 5705 6033 5709
f 6034 5706 6038
f 5707 6035 5711
f 6036 5708 6040
f 5709 6037 5713
f 6038 5710 6042
f 5711 6039 5715
f 6040 5712 6044
f 5713 6041 5717
f 6042 5714 6046
f 5715 6043 5719
f 6044 5716 6048
f 5717 6045 5721
f 6046 5718 6050
f 5719 6047 5723
f 6048 5720 6052
f 5721 6049 5725
f 6050 5722 6054
f 5723 6051 5727
f 6052 5724 6056
f 5725 6053 5729
f 6054 5726 6058
f 5727 6055 5731
f 6056 5728 6060
f 5729 6057 5733
f 6058 5730 6062
f 5731 6059 5735
f 6060 5732 6064
f 5733 6061 5737
f 6062 5734 6066
f 5735 6063 5739
f 6064 5736 6068
f 5737 6065 5741
f 6066 5738 6070
f 5739 6067 5743
f 6068 5740 6072
f 5741 6069 5745
f 6070 5742 6074
f 5743 6071 5747
f 6072 5744 6076
f 5745 6073 5749
f 6074 5746 6078
f 5747 6075 5751
f 6076 5748 6080
f 5749 6077 5753
f 6078 5750 6082
f 5751 6079 5755
f 6080 5752 6084
f 5753 6081 5757
f 6082 5754 6086
f 5755 6083 5759
f 6084 5756 6088
f 5757 6085 5761
f 6086 5758 6090
f 5759 6087 5763
f 6088 5760 6092
f 5761 6089 5765
f 6090 5762 6094
f 5763 6091 5767
f 6092 5764 6096
f 5765 6093 5769
f 5766 5770 6094
f 5770 5771 6098
f 5771 5772 6099
f 5772 5773 6100
f 5773 5774 6101
f 5774 5775 6102
f 5775 5776 6103
f 5776 5777 6104
f 5777 5778 6105
f 5778 5779 6106
f 5779 5780 6107
f 5780 5781 6108
f 5781 5782 6109
f 5782 5783 6110
f 5783 5784 6111
f 5784 5785 6112
f 5785 5786 6113
f 5786 5787 6114
f 5787 5788 6115
f 5788 5789 6116
f 5789 5790 6117
f 5790 5791 6118
f 5791 5792 6119
f 5792 5793 6120
f 5793 5794 6121
f 5794 5795 6122
f 5795 5796 6123
f 5796 5797 6124
f 5797 5798 6125
f 5798 5799 6126
f 5799 5800 6127
f 5800 5801 6128
f 5801 5802 6129
f 5802 5803 6130
f 5803 5804 6131
f 5804 5805 6132
f 5805 5806 6133
f 5806 5807 6134
f 5807 5808 6135
f 5808 5809 6136
f 5809 5810 6137
f 5810 5811 6138
f 5811 5812 6139
f 5812 5813 6140
f 5813 5814 6141
f 5814 5815 6142
f 5815 5816 6143
f 5816 5767 6144
f 6096 5768 6145
f 5769 6097 5818
f 6145 5817 6147
f 5820 6148 5821
f 5818 6146 5820
f 5821 6149 5822
f 5822 6150 5823
f 5823 6151 5824
f 5824 6152 5825
f 5825 6153 5826
f 5826 6154 5827
f 5827 6155 5828
f 5828 6156 5829
f 5829 6157 5830
f 5830 6158 5831
f 5831 6159 5832
f 5832 6160 5833
f 5833 6161 5834
f 5834 6162 5835
f 5835 6163 5836
f 5836 6164 5837
f 5837 6165 5838
f 5838 6166 5839
f 5839 6167 5840
f 5840 6168 5841
f 5841 6169 5842
f 5842 6170 5843
f 5843 6171 5844
f 5844 6172 5845
f 5845 6173 5846
f 5846 6174 5847
f 5847 6175 5848
f 5848 6176 5849
f 5849 6177 5850
f 5850 6178 5851
f 5851 6179 5852
f 5852 6180 5853
f 5853 6181 5854
f 5854 6182 5855
f 5855 6183 5856
f 5856 6184 5857
f 5857 6185 5858
f 5858 6186 5859
f 5859 6187 5860
f 5860 6188 5861
f 5861 6189 5862
f 5862 6190 5863
f 5863 6191 5864
f 5864 6192 5865
f 5865 6193 5866
f 5866 6194 5867
f 5867 6195 5868
f 5868 6196 5869
f 5869 6197 5870
f 5870 6198 5871
f 5871 6199 5872
f 6147 5819 6200
f 5874 5873 6202
f 5874 6202 5875
f 5873 5876 6201
f 5876 5877 6204
f 5877 5878 6205
f 5878 5879 6206
f 5879 5880 6207
f 5880 5881 6208
f 5881 5882 6209
f 5882 5883 6210
f 5883 5884 6211
f 5884 5885 6212
f 5885 5886 6213
f 5886 5887 6214
f 5887 5888 6215
f 5888 5889 6216
f 5889 5890 6217
f 5890 5891 6218
f 5891 5892 6219
f 5892 5893 6220
f 5893 5894 6221
f 5894 5895 6222
f 5895 5896 6223
f 5896 5897 6224
f 5897 5898 6225
f 5898 5899 6226
f 5899 5900 6227
f 5900 5901 6228
f 5901 5902 6229
f 5902 5903 6230
f 5903 5904 6231
f 5904 5905 6232
f 5905 5906 6233
f 5906 5907 6234
f 5907 5908 6235
f 5908 5909 6236
f 5909 5910 6237
f 5910 5911 6238
f 5911 5912 6239
f 5912 5913 6240
f 5913 5914 6241
f 5914 5915 6242
f 5915 5916 6243
f 5916 5917 6244
f 5917 5918 6245
f 5918 5919 6246
f 5919 5920 6247
f 5920 5921 6248
f 5921 5922 6249
f 5922 5923 6250
f 5923 5924 6251
f 5924 5925 6252
f 5925 5926 6253
f 6254 5926 6255
f 5875 6203 5928
f 6255 5927 6257
f 5928 6256 5930
f 5931 6259 5932
f 5932 6260 5933
f 5933 6261 5934
f 5934 6262 5935
f 5935 6263 5936
f 5936 6264 5937
f 5937 6265 5938
f 5938 6266 5939
f 5939 6267 5940
f 5940 6268 5941
f 5941 6269 5942
f 5942 6270 5943
f 5943 6271 5944
f 5944 6272 5945
f 5945 6273 5946
f 5946 6274 5947
f 5947 6275 5948
f 5948 6276 5949
f 5949 6277 5950
f 5950 6278 5951
f 5951 6279 5952
f 5952 6280 5953
f 5953 6281 5954
f 5954 6282 5955
f 5955 6283 5956
f 5956 6284 5957
f 5957 6285 5958
f 5958 6286 5959
f 5959 6287 5960
f 5960 6288 5961
f 5961 6289 5962
f 5962 6290 5963
f 5963 6291 5964
f 5964 6292 5965
f 5965 6293 5966
f 5966 6294 5967
f 5967 6295 5968
f 5968 6296 5969
f 5969 6297 5970
f 5970 6298 5971
f 5971 6299 5972
f 5972 6300 5973
f 5973 6301 5974
f 5974 6302 5975
f 5975 6303 5976
f 5976 6304 5977
f 5977 6305 5978
f 5978 6306 10579
f 6257 5929 6308
f 5930 6258 5981
f 6259 5931 10580
f 5979 6307 5983
f 6308 5980 6312
f 5981 6309 5985
f 6310 5982 6314
f 5983 6311 5987
f 6312 5984 6316
f 5985 6313 5989
f 6314 5986 6318
f 5987 6315 5991
f 6316 5988 6320
f 5989 6317 5993
f 6318 5990 6322
f 5991 6319 5995
f 6320 5992 6324
f 5993 6321 5997
f 6322 5994 6326
f 5995 6323 5999
f 6324 5996 6328
f 5997 6325 6001
f 6326 5998 6330
f 5999 6327 6003
f 6328 6000 6332
f 6001 6329 6005
f 6330 6002 6334
f 6003 6331 6007
f 6332 6004 6336
f 6005 6333 6009
f 6334 6006 6338
f 6007 6335 6011
f 6336 6008 6340
f 6009 6337 6013
f 6338 6010 6342
f 6011 6339 6015
f 6340 6012 6344
f 6013 6341 6017
f 6342 6014 6346
f 6015 6343 6019
f 6344 6016 6348
f 6017 6345 6021
f 6346 6018 6350
f 6019 6347 6023
f 6348 6020 6352
f 6021 6349 6025
f 6350 6022 6354
f 6023 6351 6027
f 6352 6024 6356
f 6025 6353 6029
f 6354 6026 6358
f 6027 6355 6031
f 6356 6028 6360
f 6029 6357 6033
f 6358 6030 6362
f 6031 6359 6035
f 6360 6032 6364
f 6033 6361 6037
f 6362 6034 6366
f 6035 6363 6039
f 6364 6036 6368
f 6037 6365 6041
f 6366 6038 6370
f 6039 6367 6043
f 6368 6040 6372
f 6041 6369 6045
f 6370 6042 6374
f 6043 6371 6047
f 6372 6044 6376
f 6045 6373 6049
f 6374 6046 6378
f 6047 6375 6051
f 6376 6048 6380
f 6049 6377 6053
f 6378 6050 6382
f 6051 6379 6055
f 6380 6052 6384
f 6053 6381 6057
f 6382 6054 6386
f 6055 6383 6059
f 6384 6056 6388
f 6057 6385 6061
f 6386 6058 6390
f 6059 6387 6063
f 6388 6060 6392
f 6061 6389 6065
f 6390 6062 6394
f 6063 6391 6067
f 6392 6064 6396
f 6065 6393 6069
f 6394 6066 6398
f 6067 6395 6071
f 6396 6068 6400
f 6069 6397 6073
f 6398 6070 6402
f 6071 6399 6075
f 6400 6072 6404
f 6073 6401 6077
f 6402 6074 6406
f 6075 6403 6079
f 6404 6076 6408
f 6077 6405 6081
f 6406 6078 6410
f 6079 6407 6083
f 6408 6080 6412
f 6081 6409 6085
f 6410 6082 6414
f 6083 6411 6087
f 6412 6084 6416
f 6085 6413 6089
f 6414 6086 6418
f 6087 6415 6091
f 6416 6088 6420
f 6089 6417 6093
f 6418 6090 6422
f 6091 6419 10581
f 6420 6092 6424
f 6093 6421 6097
f 6094 6098 6422
f 6098 6099 6426
f 6099 6100 6427
f 6100 6101 6428
f 6101 6102 6429
f 6102 6103 6430
f 6103 6104 6431
f 6104 6105 6432
f 6105 6106 6433
f 6106 6107 6434
f 6107 6108 6435
f 6108 6109 6436
f 6109 6110 6437
f 6110 6111 6438
f 6111 6112 6439
f 6112 6113 6440
f 6113 6114 6441
f 6114 6115 6442
f 6115 6116 6443
f 6116 6117 6444
f 6117 6118 6445
f 6118 6119 6446
f 6119 6120 6447
f 6120 6121 6448
f 6121 6122 6449
f 6122 6123 6450
f 6123 6124 6451
f 6124 6125 6452
f 6125 6126 6453
f 6126 6127 6454
f 6127 6128 6455
f 6128 6129 6456
f 6129 6130 6457
f 6130 6131 6458
f 6131 6132 6459
f 6132 6133 6460
f 6133 6134 6461
f 6134 6135 6462
f 6135 6136 6463
f 6136 6137 6464
f 6137 6138 6465
f 6138 6139 6466
f 6139 6140 6467
f 6140 6141 6468
f 6141 6142 6469
f 6142 6143 6470
f 6143 6144 6471
f 6144 6095 10582
f 6424 6096 6473
f 6097 6425 6146
f 6473 6145 6475
f 6148 6476 6149
f 6146 6474 6148
f 6149 6477 6150
f 6150 6478 6151
f 6151 6479 6152
f 6152 6480 6153
f 6153 6481 6154
f 6154 6482 6155
f 6155 6483 6156
f 6156 6484 6157
f 6157 6485 6158
f 6158 6486 6159
f 6159 6487 6160
f 6160 6488 6161
f 6161 6489 6162
f 6162 6490 6163
f 6163 6491 6164
f 6164 6492 6165
f 6165 6493 6166
f 6166 6494 6167
f 6167 6495 6168
f 6168 6496 6169
f 6169 6497 6170
f 6170 6498 6171
f 6171 6499 6172
f 6172 6500 6173
f 6173 6501 6174
f 6174 6502 6175
f 6175 6503 6176
f 6176 6504 6177
f 6177 6505 6178
f 6178 6506 6179
f 6179 6507 6180
f 6180 6508 6181
f 6181 6509 6182
f 6182 6510 6183
f 6183 6511 6184
f 6184 6512 6185
f 6185 6513 6186
f 6186 6514 6187
f 6187 6515 6188
f 6188 6516 6189
f 6189 6517 6190
f 6190 6518 6191
f 6191 6519 6192
f 6192 6520 6193
f 6193 6521 6194
f 6194 6522 6195
f 6195 6523 6196
f 6196 6524 6197
f 6197 6525 6198
f 6198 6526 6199
f 6199 6527 6200
f 6475 6147 6528
f 6202 6201 6530
f 6530 6529 10583
f 6202 6530 6203
f 6201 6204 6529
f 6529 6533 6531
f 6204 6205 6533
f 6533 6535 6534
f 6205 6206 6535
f 6535 6537 6536
f 6206 6207 6537
f 6537 6539 6538
f 6207 6208 6539
f 6539 6541 6540
f 6208 6209 6541
f 6541 6543 6542
f 6209 6210 6543
f 6543 6545 6544
f 6210 6211 6545
f 6545 6547 6546
f 6211 6212 6547
f 6547 6549 6548
f 6212 6213 6549
f 6549 6551 6550
f 6213 6214 6551
f 6551 6553 6552
f 6214 6215 6553
f 6553 6555 6554
f 6215 6216 6555
f 6555 6557 6556
f 6216 6217 6557
f 6557 6559 6558
f 6217 6218 6559
f 6559 6561 6560
f 6218 6219 6561
f 6561 6563 6562
f 6219 6220 6563
f 6563 6565 6564
f 6220 6221 6565
f 6565 6567 6566
f 6221 6222 6567
f 6567 6569 6568
f 6222 6223 6569
f 6569 6571 6570
f 6223 6224 6571
f 6571 6573 6572
f 6224 6225 6573
f 6573 6575 6574
f 6225 6226 6575
f 6575 6577 6576
f 6226 6227 6577
f 6577 6579 6578
f 6227 6228 6579
f 6579 6581 6580
f 6228 6229 6581
f 6581 6583 6582
f 6229 6230 6583
f 6583 6585 6584
f 6230 6231 6585
f 6585 6587 6586
f 6231 6232 6587
f 6587 6589 6588
f 6232 6233 6589
f 6589 6591 6590
f 6233 6234 6591
f 6591 6593 6592
f 6234 6235 6593
f 6593 6595 6594
f 6235 6236 6595
f 6595 6597 6596
f 6236 6237 6597
f 6597 6599 6598
f 6237 6238 6599
f 6599 6601 6600
f 6238 6239 6601
f 6601 6603 6602
f 6239 6240 6603
f 6603 6605 6604
f 6240 6241 6605
f 6605 6607 6606
f 6241 6242 6607
f 6607 6609 6608
f 6242 6243 6609
f 6609 6611 6610
f 6243 6244 6611
f 6611 6613 6612
f 6244 6245 6613
f 6613 6615 6614
f 6245 6246 6615
f 6615 6617 6616
f 6246 6247 6617
f 6617 6619 6618
f 6247 6248 6619
f 6619 6621 6620
f 6248 6249 6621
f 6621 6623 6622
f 6249 6250 6623
f 6623 6625 6624
f 6250 6251 6625
f 6625 6627 6626
f 6251 6252 6627
f 6627 6629 6628
f 6252 6253 6629
f 6629 6631 6630
f 6253 6254 10584
f 6631 6633 6632
f 6633 6254 10585
f 6532 6531 6636
f 6203 6532 6256
f 6531 6534 6635
f 6534 6536 6637
f 6536 6538 6638
f 6538 6540 6639
f 6540 6542 6640
f 6542 6544 6641
f 6544 6546 6642
f 6546 6548 6643
f 6548 6550 6644
f 6550 6552 6645
f 6552 6554 6646
f 6554 6556 6647
f 6556 6558 6648
f 6558 6560 6649
f 6560 6562 6650
f 6562 6564 6651
f 6564 6566 6652
f 6566 6568 6653
f 6568 6570 6654
f 6570 6572 6655
f 6572 6574 6656
f 6574 6576 6657
f 6576 6578 6658
f 6578 6580 6659
f 6580 6582 6660
f 6582 6584 6661
f 6584 6586 6662
f 6586 6588 6663
f 6588 6590 6664
f 6590 6592 6665
f 6592 6594 6666
f 6594 6596 6667
f 6596 6598 6668
f 6598 6600 6669
f 6600 6602 6670
f 6602 6604 6671
f 6604 6606 6672
f 6606 6608 6673
f 6608 6610 6674
f 6610 6612 6675
f 6612 6614 6676
f 6614 6616 6677
f 6616 6618 6678
f 6618 6620 6679
f 6620 6622 6680
f 6622 6624 6681
f 6624 6626 6682
f 6626 6628 6683
f 6628 6630 6684
f 6630 6632 6685
f 6632 6634 6686
f 6634 6255 6687
f 6636 6635 6689
f 6256 6636 6258
f 6635 6637 6688
f 6637 6638 6690
f 6638 6639 6691
f 6639 6640 6692
f 6640 6641 6693
f 6641 6642 6694
f 6642 6643 6695
f 6643 6644 6696
f 6644 6645 6697
f 6645 6646 6698
f 6646 6647 6699
f 6647 6648 6700
f 6648 6649 6701
f 6649 6650 6702
f 6650 6651 6703
f 6651 6652 6704
f 6652 6653 6705
f 6653 6654 6706
f 6654 6655 6707
f 6655 6656 6708
f 6656 6657 6709
f 6657 6658 6710
f 6658 6659 6711
f 6659 6660 6712
f 6660 6661 6713
f 6661 6662 6714
f 6662 6663 6715
f 6663 6664 6716
f 6664 6665 6717
f 6665 6666 6718
f 6666 6667 6719
f 6667 6668 6720
f 6668 6669 6721
f 6669 6670 6722
f 6670 6671 6723
f 6671 6672 6724
f 6672 6673 6725
f 6673 6674 6726
f 6674 6675 6727
f 6675 6676 6728
f 6676 6677 6729
f 6677 6678 6730
f 6678 6679 6731
f 6679 6680 6732
f 6680 6681 6733
f 6681 6682 6734
f 6682 6683 6735
f 6683 6684 6736
f 6684 6685 6737
f 6685 6686 6738
f 6686 6687 6739
f 6687 6257 6740
f 6689 6688 6742
f 6258 6689 6309
f 6688 6690 6741
f 6690 6691 6743
f 6260 6259 6745
f 6691 6692 6744
f 6261 6260 6746
f 6692 6693 146
f 6262 6261 6747
f 6693 6694 147
f 6263 6262 6748
f 6694 6695 151
f 6264 6263 6750
f 6695 6696 6749
f 6265 6264 6752
f 6696 6697 6751
f 6266 6265 6754
f 6697 6698 6753
f 6267 6266 6756
f 6698 6699 6755
f 6268 6267 6758
f 6699 6700 6757
f 6269 6268 6759
f 6700 6701 158
f 6270 6269 6760
f 6701 6702 159
f 6271 6270 6761
f 6702 6703 161
f 6272 6271 6763
f 6703 6704 6762
f 6273 6272 6765
f 6704 6705 6764
f 6274 6273 6767
f 6705 6706 6766
f 6275 6274 6769
f 6706 6707 6768
f 6276 6275 6771
f 6707 6708 6770
f 6277 6276 6773
f 6708 6709 6772
f 6278 6277 6774
f 6709 6710 166
f 6279 6278 6775
f 6710 6711 167
f 6280 6279 6776
f 6711 6712 171
f 6281 6280 6778
f 6712 6713 6777
f 6282 6281 6780
f 6713 6714 6779
f 6283 6282 6782
f 6714 6715 6781
f 6284 6283 6784
f 6715 6716 6783
f 6285 6284 6786
f 6716 6717 6785
f 6286 6285 6787
f 6717 6718 178
f 6287 6286 6788
f 6718 6719 179
f 6288 6287 6789
f 6719 6720 181
f 6289 6288 6791
f 6720 6721 6790
f 6290 6289 6793
f 6721 6722 6792
f 6291 6290 6795
f 6722 6723 6794
f 6292 6291 6797
f 6723 6724 6796
f 6293 6292 6799
f 6724 6725 6798
f 6294 6293 6801
f 6725 6726 6800
f 6295 6294 6802
f 6726 6727 186
f 6296 6295 6803
f 6727 6728 187
f 6297 6296 6804
f 6728 6729 191
f 6298 6297 6806
f 6729 6730 6805
f 6299 6298 6808
f 6730 6731 6807
f 6300 6299 6810
f 6731 6732 6809
f 6301 6300 6812
f 6732 6733 6811
f 6302 6301 6814
f 6733 6734 6813
f 6303 6302 6815
f 6734 6735 198
f 6304 6303 6816
f 6735 6736 199
f 6305 6304 6817
f 6736 6737 201
f 6306 6305 6819
f 6737 6738 6818
f 6307 6306 10586
f 6738 6739 6820
f 6739 6740 6821
f 6740 6308 6822
f 6742 6741 6824
f 6309 6742 6313
f 6741 6743 6823
f 6743 6744 6825
f 6745 6310 6827
f 6744 146 6826
f 6746 6745 6828
f 6747 6746 6829
f 6829 2 6830
f 6748 6747 6830
f 6830 1 6832
f 6750 6748 6832
f 6832 6831 6834
f 6752 6750 6834
f 6834 6833 6836
f 6754 6752 6836
f 6836 6835 6838
f 6756 6754 6838
f 6838 6837 6840
f 6758 6756 6840
f 6840 6839 6841
f 6759 6758 6841
f 6841 6 6842
f 6760 6759 6842
f 6761 6760 6843
f 161 6762 163
f 6763 6761 6845
f 6762 6764 6844
f 6765 6763 6847
f 6764 6766 6846
f 6767 6765 6849
f 6766 6768 6848
f 6769 6767 6851
f 6768 6770 6850
f 6771 6769 6853
f 6770 6772 6852
f 6773 6771 6855
f 6772 166 6854
f 6774 6773 6856
f 6775 6774 6857
f 6857 10 6858
f 6776 6775 6858
f 6858 9 6860
f 6778 6776 6860
f 6860 6859 6862
f 6780 6778 6862
f 6862 6861 6864
f 6782 6780 6864
f 6864 6863 6866
f 6784 6782 6866
f 6866 6865 6868
f 6786 6784 6868
f 6868 6867 6869
f 6787 6786 6869
f 6869 14 6870
f 6788 6787 6870
f 6789 6788 6871
f 181 6790 183
f 6791 6789 6873
f 6790 6792 6872
f 6793 6791 6875
f 6792 6794 6874
f 6795 6793 6877
f 6794 6796 6876
f 6797 6795 6879
f 6796 6798 6878
f 6799 6797 6881
f 6798 6800 6880
f 6801 6799 6883
f 6800 186 6882
f 6802 6801 6884
f 6803 6802 6885
f 6885 18 6886
f 6804 6803 6886
f 6886 17 6888
f 6806 6804 6888
f 6888 6887 6890
f 6808 6806 6890
f 6890 6889 6892
f 6810 6808 6892
f 6892 6891 6894
f 6812 6810 6894
f 6894 6893 6896
f 6814 6812 6896
f 6896 6895 6897
f 6815 6814 6897
f 6897 22 6898
f 6816 6815 6898
f 6817 6816 6899
f 201 6818 203
f 6819 6817 6901
f 6818 6820 6900
f 6311 6819 6315
f 6820 6821 6902
f 6821 6822 6903
f 6822 6312 6904
f 6824 6823 6906
f 6313 6824 6317
f 6823 6825 6905
f 6825 6826 6907
f 6827 6314 6909
f 6826 149 6908
f 6828 6827 6910
f 6829 6828 6911
f 2 6829 25
f 6843 6842 6913
f 6842 5 6912
f 163 6844 211
f 6845 6843 6915
f 6844 6846 6914
f 6847 6845 6917
f 6846 6848 6916
f 6849 6847 6919
f 6848 6850 6918
f 6851 6849 6921
f 6850 6852 6920
f 6853 6851 6923
f 6852 6854 6922
f 6855 6853 6925
f 6854 169 6924
f 6856 6855 6926
f 6857 6856 6927
f 10 6857 29
f 6871 6870 6929
f 6870 13 6928
f 183 6872 219
f 6873 6871 6931
f 6872 6874 6930
f 6875 6873 6933
f 6874 6876 6932
f 6877 6875 6935
f 6876 6878 6934
f 6879 6877 6937
f 6878 6880 6936
f 6881 6879 6939
f 6880 6882 6938
f 6883 6881 6941
f 6882 189 6940
f 6884 6883 6942
f 6885 6884 6943
f 18 6885 33
f 6899 6898 6945
f 6898 21 6944
f 203 6900 227
f 6901 6899 6947
f 6900 6902 6946
f 6315 6901 6319
f 6902 6903 6948
f 6903 6904 6949
f 6904 6316 6950
f 6906 6905 6952
f 6317 6906 6321
f 6905 6907 6951
f 6907 6908 6953
f 6909 6318 6955
f 6908 207 6954
f 6910 6909 6957
f 6911 6910 6958
f 25 6911 6959
f 6913 6912 6961
f 6912 27 6960
f 211 6914 6964
f 6915 6913 6965
f 6914 6916 6963
f 6917 6915 6967
f 6916 6918 6966
f 6919 6917 6969
f 6918 6920 6968
f 6921 6919 6971
f 6920 6922 6970
f 6923 6921 6973
f 6922 6924 6972
f 6925 6923 6975
f 6924 215 6974
f 6926 6925 6977
f 6927 6926 6978
f 29 6927 6979
f 6929 6928 6981
f 6928 31 6980
f 219 6930 6984
f 6931 6929 6985
f 6930 6932 6983
f 6933 6931 6987
f 6932 6934 6986
f 6935 6933 6989
f 6934 6936 6988
f 6937 6935 6991
f 6936 6938 6990
f 6939 6937 6993
f 6938 6940 6992
f 6941 6939 6995
f 6940 223 6994
f 6942 6941 6997
f 6943 6942 6998
f 33 6943 6999
f 6945 6944 7001
f 6944 35 7000
f 227 6946 7004
f 6947 6945 7005
f 6946 6948 7003
f 6319 6947 6323
f 6948 6949 7006
f 6949 6950 7007
f 6950 6320 7008
f 6952 6951 7010
f 6321 6952 6325
f 6951 6953 7009
f 6953 6954 7011
f 6955 6322 7013
f 6954 6956 7012
f 6957 6955 7015
f 6958 6957 7016
f 6959 6958 7017
f 6961 6960 7019
f 6960 6962 7018
f 6964 6963 7022
f 6965 6961 7023
f 6963 6966 7021
f 6967 6965 7025
f 6966 6968 7024
f 6969 6967 7027
f 6968 6970 7026
f 6971 6969 7029
f 6970 6972 7028
f 6973 6971 7031
f 6972 6974 7030
f 6975 6973 7033
f 6974 6976 7032
f 6977 6975 7035
f 6978 6977 7036
f 6979 6978 7037
f 6981 6980 7039
f 6980 6982 7038
f 6984 6983 7042
f 6985 6981 7043
f 6983 6986 7041
f 6987 6985 7045
f 6986 6988 7044
f 6989 6987 7047
f 6988 6990 7046
f 6991 6989 7049
f 6990 6992 7048
f 6993 6991 7051
f 6992 6994 7050
f 6995 6993 7053
f 6994 6996 7052
f 6997 6995 7055
f 6998 6997 7056
f 6999 6998 7057
f 7001 7000 7059
f 7000 7002 7058
f 7004 7003 7062
f 7005 7001 7063
f 7003 7006 7061
f 6323 7005 6327
f 7006 7007 7064
f 7007 7008 7065
f 7008 6324 7066
f 7010 7009 7068
f 6325 7010 6329
f 7009 7011 7067
f 7011 7012 7069
f 7013 6326 7071
f 7012 7014 7070
f 7015 7013 7073
f 7016 7015 7074
f 7017 7016 7075
f 7019 7018 7077
f 7018 7020 7076
f 7022 7021 7080
f 7023 7019 7081
f 7021 7024 7079
f 7025 7023 7083
f 7024 7026 7082
f 7027 7025 7085
f 7026 7028 7084
f 7029 7027 7087
f 7028 7030 7086
f 7031 7029 7089
f 7030 7032 7088
f 7033 7031 7091
f 7032 7034 7090
f 7035 7033 7093
f 7036 7035 7094
f 7037 7036 7095
f 7039 7038 7097
f 7038 7040 7096
f 7042 7041 7100
f 7043 7039 7101
f 7041 7044 7099
f 7045 7043 7103
f 7044 7046 7102
f 7047 7045 7105
f 7046 7048 7104
f 7049 7047 7107
f 7048 7050 7106
f 7051 7049 7109
f 7050 7052 7108
f 7053 7051 7111
f 7052 7054 7110
f 7055 7053 7113
f 7056 7055 7114
f 7057 7056 7115
f 7059 7058 7117
f 7058 7060 7116
f 7062 7061 7120
f 7063 7059 7121
f 7061 7064 7119
f 6327 7063 6331
f 7064 7065 7122
f 7065 7066 7123
f 7066 6328 7124
f 7068 7067 7126
f 6329 7068 6333
f 7067 7069 7125
f 7069 7070 7127
f 7071 6330 7129
f 7070 7072 7128
f 7073 7071 7131
f 7074 7073 7132
f 7075 7074 7133
f 7077 7076 7135
f 7076 7078 7134
f 7080 7079 7138
f 7081 7077 7139
f 7079 7082 7137
f 7083 7081 7141
f 7082 7084 7140
f 7085 7083 7143
f 7084 7086 7142
f 7087 7085 7145
f 7086 7088 7144
f 7089 7087 7147
f 7088 7090 7146
f 7091 7089 7149
f 7090 7092 7148
f 7093 7091 7151
f 7094 7093 7152
f 7095 7094 7153
f 7097 7096 7155
f 7096 7098 7154
f 7100 7099 7158
f 7101 7097 7159
f 7099 7102 7157
f 7103 7101 7161
f 7102 7104 7160
f 7105 7103 7163
f 7104 7106 7162
f 7107 7105 7165
f 7106 7108 7164
f 7109 7107 7167
f 7108 7110 7166
f 7111 7109 7169
f 7110 7112 7168
f 7113 7111 7171
f 7114 7113 7172
f 7115 7114 7173
f 7117 7116 7175
f 7116 7118 7174
f 7120 7119 7178
f 7121 7117 7179
f 7119 7122 7177
f 6331 7121 6335
f 7122 7123 7180
f 7123 7124 7181
f 7124 6332 7182
f 7126 7125 7184
f 6333 7126 6337
f 7125 7127 7183
f 7127 7128 7185
f 7129 6334 7187
f 7128 7130 7186
f 7131 7129 7189
f 7132 7131 7190
f 7133 7132 7191
f 7135 7134 7193
f 7134 7136 7192
f 7138 7137 7196
f 7139 7135 7197
f 7137 7140 7195
f 7141 7139 7199
f 7140 7142 7198
f 7143 7141 7201
f 7142 7144 7200
f 7145 7143 7203
f 7144 7146 7202
f 7147 7145 7205
f 7146 7148 7204
f 7149 7147 7207
f 7148 7150 7206
f 7151 7149 7209
f 7152 7151 7210
f 7153 7152 7211
f 7155 7154 7213
f 7154 7156 7212
f 7158 7157 7216
f 7159 7155 7217
f 7157 7160 7215
f 7161 7159 7219
f 7160 7162 7218
f 7163 7161 7221
f 7162 7164 7220
f 7165 7163 7223
f 7164 7166 7222
f 7167 7165 7225
f 7166 7168 7224
f 7169 7167 7227
f 7168 7170 7226
f 7171 7169 7229
f 7172 7171 7230
f 7173 7172 7231
f 7175 7174 7233
f 7174 7176 7232
f 7178 7177 7236
f 7179 7175 7237
f 7177 7180 7235
f 6335 7179 6339
f 7180 7181 7238
f 7181 7182 7239
f 7182 6336 7240
f 7184 7183 7242
f 6337 7184 6341
f 7183 7185 7241
f 7185 7186 7243
f 7187 6338 7245
f 7186 7188 7244
f 7189 7187 7246
f 7190 7189 7247
f 7191 7190 37
f 7193 7192 7249
f 7192 7194 7248
f 7196 7195 246
f 7197 7193 7251
f 7195 7198 7250
f 7199 7197 7253
f 7198 7200 7252
f 7201 7199 7255
f 7200 7202 7254
f 7203 7201 7257
f 7202 7204 7256
f 7205 7203 7259
f 7204 7206 7258
f 7207 7205 7261
f 7206 7208 7260
f 7209 7207 7262
f 7210 7209 7263
f 7211 7210 45
f 7213 7212 7265
f 7212 7214 7264
f 7216 7215 254
f 7217 7213 7267
f 7215 7218 7266
f 7219 7217 7269
f 7218 7220 7268
f 7221 7219 7271
f 7220 7222 7270
f 7223 7221 7273
f 7222 7224 7272
f 7225 7223 7275
f 7224 7226 7274
f 7227 7225 7277
f 7226 7228 7276
f 7229 7227 7278
f 7230 7229 7279
f 7231 7230 53
f 7233 7232 7281
f 7232 7234 7280
f 7236 7235 262
f 7237 7233 7283
f 7235 7238 7282
f 6339 7237 6343
f 7238 7239 7284
f 7239 7240 7285
f 7240 6340 7286
f 7242 7241 7288
f 6341 7242 6345
f 7241 7243 7287
f 7243 7244 7289
f 7245 6342 7291
f 7244 242 7290
f 7246 7245 7292
f 7247 7246 7293
f 37 7247 38
f 7249 7248 7295
f 7248 42 7294
f 246 7250 247
f 7251 7249 7297
f 7250 7252 7296
f 7253 7251 7299
f 7252 7254 7298
f 7255 7253 7301
f 7254 7256 7300
f 7257 7255 7303
f 7256 7258 7302
f 7259 7257 7305
f 7258 7260 7304
f 7261 7259 7307
f 7260 250 7306
f 7262 7261 7308
f 7263 7262 7309
f 45 7263 46
f 7265 7264 7311
f 7264 50 7310
f 254 7266 255
f 7267 7265 7313
f 7266 7268 7312
f 7269 7267 7315
f 7268 7270 7314
f 7271 7269 7317
f 7270 7272 7316
f 7273 7271 7319
f 7272 7274 7318
f 7275 7273 7321
f 7274 7276 7320
f 7277 7275 7323
f 7276 258 7322
f 7278 7277 7324
f 7279 7278 7325
f 53 7279 54
f 7281 7280 7327
f 7280 58 7326
f 262 7282 263
f 7283 7281 7329
f 7282 7284 7328
f 6343 7283 6347
f 7284 7285 7330
f 7285 7286 7331
f 7286 6344 7332
f 7288 7287 7334
f 6345 7288 6349
f 7287 7289 7333
f 7289 7290 7335
f 7291 6346 7337
f 7290 241 7336
f 7292 7291 7338
f 7293 7292 7339
f 7293 7340 38
f 7340 7293 7341
f 7340 7342 61
f 7342 7340 7344
f 7342 7345 7343
f 7345 7342 7347
f 7345 7348 7346
f 7348 7345 7350
f 7348 7351 7349
f 7351 7348 7353
f 7351 7354 7352
f 7354 7351 7356
f 7354 7357 7355
f 7357 7354 7358
f 7357 7294 63
f 7294 7357 7359
f 7295 7294 7360
f 247 7296 280
f 7297 7295 7362
f 7296 7298 7361
f 7299 7297 7364
f 7298 7300 7363
f 7301 7299 7366
f 7300 7302 7365
f 7303 7301 7368
f 7302 7304 7367
f 7305 7303 7370
f 7304 7306 7369
f 7307 7305 7372
f 7306 249 7371
f 7308 7307 7373
f 7309 7308 7374
f 7309 7375 46
f 7375 7309 7376
f 7375 7377 65
f 7377 7375 7379
f 7377 7380 7378
f 7380 7377 7382
f 7380 7383 7381
f 7383 7380 7385
f 7383 7386 7384
f 7386 7383 7388
f 7386 7389 7387
f 7389 7386 7391
f 7389 7392 7390
f 7392 7389 7393
f 7392 7310 67
f 7310 7392 7394
f 7311 7310 7395
f 255 7312 296
f 7313 7311 7397
f 7312 7314 7396
f 7315 7313 7399
f 7314 7316 7398
f 7317 7315 7401
f 7316 7318 7400
f 7319 7317 7403
f 7318 7320 7402
f 7321 7319 7405
f 7320 7322 7404
f 7323 7321 7407
f 7322 257 7406
f 7324 7323 7408
f 7325 7324 7409
f 7325 7410 54
f 7410 7325 7411
f 7410 7412 69
f 7412 7410 7414
f 7412 7415 7413
f 7415 7412 7417
f 7415 7418 7416
f 7418 7415 7420
f 7418 7421 7419
f 7421 7418 7423
f 7421 7424 7422
f 7424 7421 7426
f 7424 7427 7425
f 7427 7424 7428
f 7427 7326 71
f 7326 7427 7429
f 7327 7326 7430
f 263 7328 312
f 7329 7327 7432
f 7328 7330 7431
f 6347 7329 6351
f 7330 7331 7433
f 7331 7332 7434
f 7332 6348 7435
f 7334 7333 7437
f 6349 7334 6353
f 7333 7335 7436
f 7335 7336 7438
f 7337 6350 7440
f 7336 265 7439
f 7338 7337 7442
f 265 268 7441
f 7339 7338 7444
f 268 270 7443
f 7341 7339 7446
f 270 7447 7445
f 7344 7341 7449
f 7447 7450 7448
f 7347 7344 7452
f 7450 7453 7451
f 7350 7347 7455
f 7453 7456 7454
f 7353 7350 7458
f 7456 7459 7457
f 7356 7353 7461
f 7459 275 7460
f 7358 7356 7463
f 275 278 7462
f 7359 7358 7465
f 278 280 7464
f 7360 7359 7467
f 280 7361 7466
f 7362 7360 7469
f 7361 7363 7468
f 7364 7362 7471
f 7363 7365 7470
f 7366 7364 7473
f 7365 7367 7472
f 7368 7366 7475
f 7367 7369 7474
f 7370 7368 7477
f 7369 7371 7476
f 7372 7370 7479
f 7371 281 7478
f 7373 7372 7481
f 281 284 7480
f 7374 7373 7483
f 284 286 7482
f 7376 7374 7485
f 286 7486 7484
f 7379 7376 7488
f 7486 7489 7487
f 7382 7379 7491
f 7489 7492 7490
f 7385 7382 7494
f 7492 7495 7493
f 7388 7385 7497
f 7495 7498 7496
f 7391 7388 7500
f 7498 291 7499
f 7393 7391 7502
f 291 294 7501
f 7394 7393 7504
f 294 296 7503
f 7395 7394 7506
f 296 7396 7505
f 7397 7395 7508
f 7396 7398 7507
f 7399 7397 7510
f 7398 7400 7509
f 7401 7399 7512
f 7400 7402 7511
f 7403 7401 7514
f 7402 7404 7513
f 7405 7403 7516
f 7404 7406 7515
f 7407 7405 7518
f 7406 297 7517
f 7408 7407 7520
f 297 300 7519
f 7409 7408 7522
f 300 302 7521
f 7411 7409 7524
f 302 7525 7523
f 7414 7411 7527
f 7525 7528 7526
f 7417 7414 7530
f 7528 7531 7529
f 7420 7417 7533
f 7531 7534 7532
f 7423 7420 7536
f 7534 7537 7535
f 7426 7423 7539
f 7537 307 7538
f 7428 7426 7541
f 307 310 7540
f 7429 7428 7543
f 310 312 7542
f 7430 7429 7545
f 312 7431 7544
f 7432 7430 7547
f 7431 7433 7546
f 6351 7432 6355
f 7433 7434 7548
f 7434 7435 7549
f 7435 6352 7550
f 7437 7436 7552
f 6353 7437 6357
f 7436 7438 7551
f 7438 7439 7553
f 7440 6354 7555
f 7439 7441 7554
f 7442 7440 7557
f 7441 7443 7556
f 7444 7442 7559
f 7443 7445 7558
f 7446 7444 7561
f 7445 7448 7560
f 7449 7446 7563
f 7448 7451 7562
f 7452 7449 7565
f 7451 7454 7564
f 7455 7452 7567
f 7454 7457 7566
f 7458 7455 7569
f 7457 7460 7568
f 7461 7458 7571
f 7460 7462 7570
f 7463 7461 7573
f 7462 7464 7572
f 7465 7463 7575
f 7464 7466 7574
f 7467 7465 7577
f 7466 7468 7576
f 7469 7467 7579
f 7468 7470 7578
f 7471 7469 7581
f 7470 7472 7580
f 7473 7471 7583
f 7472 7474 7582
f 7475 7473 7585
f 7474 7476 7584
f 7477 7475 7587
f 7476 7478 7586
f 7479 7477 7589
f 7478 7480 7588
f 7481 7479 7591
f 7480 7482 7590
f 7483 7481 7593
f 7482 7484 7592
f 7485 7483 7595
f 7484 7487 7594
f 7488 7485 7597
f 7487 7490 7596
f 7491 7488 7599
f 7490 7493 7598
f 7494 7491 7601
f 7493 7496 7600
f 7497 7494 7603
f 7496 7499 7602
f 7500 7497 7605
f 7499 7501 7604
f 7502 7500 7607
f 7501 7503 7606
f 7504 7502 7609
f 7503 7505 7608
f 7506 7504 7611
f 7505 7507 7610
f 7508 7506 7613
f 7507 7509 7612
f 7510 7508 7615
f 7509 7511 7614
f 7512 7510 7617
f 7511 7513 7616
f 7514 7512 7619
f 7513 7515 7618
f 7516 7514 7621
f 7515 7517 7620
f 7518 7516 7623
f 7517 7519 7622
f 7520 7518 7625
f 7519 7521 7624
f 7522 7520 7627
f 7521 7523 7626
f 7524 7522 7629
f 7523 7526 7628
f 7527 7524 7631
f 7526 7529 7630
f 7530 7527 7633
f 7529 7532 7632
f 7533 7530 7635
f 7532 7535 7634
f 7536 7533 7637
f 7535 7538 7636
f 7539 7536 7639
f 7538 7540 7638
f 7541 7539 7641
f 7540 7542 7640
f 7543 7541 7643
f 7542 7544 7642
f 7545 7543 7645
f 7544 7546 7644
f 7547 7545 7647
f 7546 7548 7646
f 6355 7547 6359
f 7548 7549 7648
f 7549 7550 7649
f 7550 6356 7650
f 7552 7551 7652
f 6357 7552 6361
f 7551 7553 7651
f 7553 7554 7653
f 7555 6358 7655
f 7554 7556 7654
f 7557 7555 7657
f 7556 7558 7656
f 7559 7557 7659
f 7558 7560 7658
f 7561 7559 7661
f 7560 7562 7660
f 7563 7561 7663
f 7562 7564 7662
f 7565 7563 7665
f 7564 7566 7664
f 7567 7565 7667
f 7566 7568 7666
f 7569 7567 7669
f 7568 7570 7668
f 7571 7569 7671
f 7570 7572 7670
f 7573 7571 7673
f 7572 7574 7672
f 7575 7573 7675
f 7574 7576 7674
f 7577 7575 7677
f 7576 7578 7676
f 7579 7577 7679
f 7578 7580 7678
f 7581 7579 7681
f 7580 7582 7680
f 7583 7581 7683
f 7582 7584 7682
f 7585 7583 7685
f 7584 7586 7684
f 7587 7585 7687
f 7586 7588 7686
f 7589 7587 7689
f 7588 7590 7688
f 7591 7589 7691
f 7590 7592 7690
f 7593 7591 7693
f 7592 7594 7692
f 7595 7593 7695
f 7594 7596 7694
f 7597 7595 7697
f 7596 7598 7696
f 7599 7597 7699
f 7598 7600 7698
f 7601 7599 7701
f 7600 7602 7700
f 7603 7601 7703
f 7602 7604 7702
f 7605 7603 7705
f 7604 7606 7704
f 7607 7605 7707
f 7606 7608 7706
f 7609 7607 7709
f 7608 7610 7708
f 7611 7609 7711
f 7610 7612 7710
f 7613 7611 7713
f 7612 7614 7712
f 7615 7613 7715
f 7614 7616 7714
f 7617 7615 7717
f 7616 7618 7716
f 7619 7617 7719
f 7618 7620 7718
f 7621 7619 7721
f 7620 7622 7720
f 7623 7621 7723
f 7622 7624 7722
f 7625 7623 7725
f 7624 7626 7724
f 7627 7625 7727
f 7626 7628 7726
f 7629 7627 7729
f 7628 7630 7728
f 7631 7629 7731
f 7630 7632 7730
f 7633 7631 7733
f 7632 7634 7732
f 7635 7633 7735
f 7634 7636 7734
f 7637 7635 7737
f 7636 7638 7736
f 7639 7637 7739
f 7638 7640 7738
f 7641 7639 7741
f 7640 7642 7740
f 7643 7641 7743
f 7642 7644 7742
f 7645 7643 7745
f 7644 7646 7744
f 7647 7645 7747
f 7646 7648 7746
f 6359 7647 6363
f 7648 7649 7748
f 7649 7650 7749
f 7650 6360 7750
f 7652 7651 7752
f 6361 7652 6365
f 7651 7653 7751
f 7653 7654 7753
f 7655 6362 7755
f 7654 7656 7754
f 7657 7655 7757
f 7656 7658 7756
f 7659 7657 7759
f 7658 7660 7758
f 7661 7659 7761
f 7660 7662 7760
f 7663 7661 7763
f 7662 7664 7762
f 7665 7663 7765
f 7664 7666 7764
f 7667 7665 7767
f 7666 7668 7766
f 7669 7667 7769
f 7668 7670 7768
f 7671 7669 7771
f 7670 7672 7770
f 7673 7671 7773
f 7672 7674 7772
f 7675 7673 7775
f 7674 7676 7774
f 7677 7675 7777
f 7676 7678 7776
f 7679 7677 7779
f 7678 7680 7778
f 7681 7679 7781
f 7680 7682 7780
f 7683 7681 7783
f 7682 7684 7782
f 7685 7683 7785
f 7684 7686 7784
f 7687 7685 7787
f 7686 7688 7786
f 7689 7687 7789
f 7688 7690 7788
f 7691 7689 7791
f 7690 7692 7790
f 7693 7691 7793
f 7692 7694 7792
f 7695 7693 7795
f 7694 7696 7794
f 7697 7695 7797
f 7696 7698 7796
f 7699 7697 7799
f 7698 7700 7798
f 7701 7699 7801
f 7700 7702 7800
f 7703 7701 7803
f 7702 7704 7802
f 7705 7703 7805
f 7704 7706 7804
f 7707 7705 7807
f 7706 7708 7806
f 7709 7707 7809
f 7708 7710 7808
f 7711 7709 7811
f 7710 7712 7810
f 7713 7711 7813
f 7712 7714 7812
f 7715 7713 7815
f 7714 7716 7814
f 7717 7715 7817
f 7716 7718 7816
f 7719 7717 7819
f 7718 7720 7818
f 7721 7719 7821
f 7720 7722 7820
f 7723 7721 7823
f 7722 7724 7822
f 7725 7723 7825
f 7724 7726 7824
f 7727 7725 7827
f 7726 7728 7826
f 7729 7727 7829
f 7728 7730 7828
f 7731 7729 7831
f 7730 7732 7830
f 7733 7731 7833
f 7732 7734 7832
f 7735 7733 7835
f 7734 7736 7834
f 7737 7735 7837
f 7736 7738 7836
f 7739 7737 7839
f 7738 7740 7838
f 7741 7739 7841
f 7740 7742 7840
f 7743 7741 7843
f 7742 7744 7842
f 7745 7743 7845
f 7744 7746 7844
f 7747 7745 7847
f 7746 7748 7846
f 6363 7747 6367
f 7748 7749 7848
f 7749 7750 7849
f 7750 6364 7850
f 7752 7751 7852
f 6365 7752 6369
f 7751 7753 7851
f 7753 7754 7853
f 7755 6366 7855
f 7754 7756 7854
f 7757 7755 7857
f 7756 7758 7856
f 7759 7757 7859
f 7758 7760 7858
f 7761 7759 7861
f 7760 7762 7860
f 7763 7761 7863
f 7762 7764 7862
f 7765 7763 7865
f 7764 7766 7864
f 7767 7765 7867
f 7766 7768 7866
f 7769 7767 7869
f 7768 7770 7868
f 7771 7769 7871
f 7770 7772 7870
f 7773 7771 7873
f 7772 7774 7872
f 7775 7773 7875
f 7774 7776 7874
f 7777 7775 7877
f 7776 7778 7876
f 7779 7777 7879
f 7778 7780 7878
f 7781 7779 7881
f 7780 7782 7880
f 7783 7781 7883
f 7782 7784 7882
f 7785 7783 7885
f 7784 7786 7884
f 7787 7785 7887
f 7786 7788 7886
f 7789 7787 7889
f 7788 7790 7888
f 7791 7789 7891
f 7790 7792 7890
f 7793 7791 7893
f 7792 7794 7892
f 7795 7793 7895
f 7794 7796 7894
f 7797 7795 7897
f 7796 7798 7896
f 7799 7797 7899
f 7798 7800 7898
f 7801 7799 7901
f 7800 7802 7900
f 7803 7801 7903
f 7802 7804 7902
f 7805 7803 7905
f 7804 7806 7904
f 7807 7805 7907
f 7806 7808 7906
f 7809 7807 7909
f 7808 7810 7908
f 7811 7809 7911
f 7810 7812 7910
f 7813 7811 7913
f 7812 7814 7912
f 7815 7813 7915
f 7814 7816 7914
f 7817 7815 7917
f 7816 7818 7916
f 7819 7817 7919
f 7818 7820 7918
f 7821 7819 7921
f 7820 7822 7920
f 7823 7821 7923
f 7822 7824 7922
f 7825 7823 7925
f 7824 7826 7924
f 7827 7825 7927
f 7826 7828 7926
f 7829 7827 7929
f 7828 7830 7928
f 7831 7829 7931
f 7830 7832 7930
f 7833 7831 7933
f 7832 7834 7932
f 7835 7833 7935
f 7834 7836 7934
f 7837 7835 7937
f 7836 7838 7936
f 7839 7837 7939
f 7838 7840 7938
f 7841 7839 7941
f 7840 7842 7940
f 7843 7841 7943
f 7842 7844 7942
f 7845 7843 7945
f 7844 7846 7944
f 7847 7845 7947
f 7846 7848 7946
f 6367 7847 6371
f 7848 7849 7948
f 7849 7850 7949
f 7850 6368 7950
f 7852 7851 7952
f 6369 7852 6373
f 7851 7853 7951
f 7853 7854 7953
f 7855 6370 7955
f 7854 7856 7954
f 7857 7855 7957
f 7856 7858 7956
f 7859 7857 7959
f 7858 7860 7958
f 7861 7859 7961
f 7860 7862 7960
f 7863 7861 7963
f 7862 7864 7962
f 7865 7863 7965
f 7864 7866 7964
f 7867 7865 7967
f 7866 7868 7966
f 7869 7867 7969
f 7868 7870 7968
f 7871 7869 7971
f 7870 7872 7970
f 7873 7871 7973
f 7872 7874 7972
f 7875 7873 7975
f 7874 7876 7974
f 7877 7875 7977
f 7876 7878 7976
f 7879 7877 7979
f 7878 7880 7978
f 7881 7879 7981
f 7880 7882 7980
f 7883 7881 7983
f 7882 7884 7982
f 7885 7883 7985
f 7884 7886 7984
f 7887 7885 7987
f 7886 7888 7986
f 7889 7887 7989
f 7888 7890 7988
f 7891 7889 7991
f 7890 7892 7990
f 7893 7891 7993
f 7892 7894 7992
f 7895 7893 7995
f 7894 7896 7994
f 7897 7895 7997
f 7896 7898 7996
f 7899 7897 7999
f 7898 7900 7998
f 7901 7899 8001
f 7900 7902 8000
f 7903 7901 8003
f 7902 7904 8002
f 7905 7903 8005
f 7904 7906 8004
f 7907 7905 8007
f 7906 7908 8006
f 7909 7907 8009
f 7908 7910 8008
f 7911 7909 8011
f 7910 7912 8010
f 7913 7911 8013
f 7912 7914 8012
f 7915 7913 8015
f 7914 7916 8014
f 7917 7915 8017
f 7916 7918 8016
f 7919 7917 8019
f 7918 7920 8018
f 7921 7919 8021
f 7920 7922 8020
f 7923 7921 8023
f 7922 7924 8022
f 7925 7923 8025
f 7924 7926 8024
f 7927 7925 8027
f 7926 7928 8026
f 7929 7927 8029
f 7928 7930 8028
f 7931 7929 8031
f 7930 7932 8030
f 7933 7931 8033
f 7932 7934 8032
f 7935 7933 8035
f 7934 7936 8034
f 7937 7935 8037
f 7936 7938 8036
f 7939 7937 8039
f 7938 7940 8038
f 7941 7939 8041
f 7940 7942 8040
f 7943 7941 8043
f 7942 7944 8042
f 7945 7943 8045
f 7944 7946 8044
f 7947 7945 8047
f 7946 7948 8046
f 6371 7947 6375
f 7948 7949 8048
f 7949 7950 8049
f 7950 6372 8050
f 7952 7951 8052
f 6373 7952 6377
f 7951 7953 8051
f 7953 7954 8053
f 7955 6374 8055
f 7954 7956 8054
f 7957 7955 8056
f 7956 7958 314
f 7959 7957 8057
f 7958 7960 315
f 7961 7959 8058
f 7960 7962 319
f 7963 7961 8060
f 7962 7964 8059
f 7965 7963 8062
f 7964 7966 8061
f 7967 7965 8064
f 7966 7968 8063
f 7969 7967 8066
f 7968 7970 8065
f 7971 7969 8068
f 7970 7972 8067
f 7973 7971 8069
f 7972 7974 326
f 7975 7973 8070
f 7974 7976 327
f 7977 7975 8071
f 7976 7978 329
f 7979 7977 8073
f 7978 7980 8072
f 7981 7979 8075
f 7980 7982 8074
f 7983 7981 8077
f 7982 7984 8076
f 7985 7983 8079
f 7984 7986 8078
f 7987 7985 8081
f 7986 7988 8080
f 7989 7987 8083
f 7988 7990 8082
f 7991 7989 8084
f 7990 7992 334
f 7993 7991 8085
f 7992 7994 335
f 7995 7993 8086
f 7994 7996 339
f 7997 7995 8088
f 7996 7998 8087
f 7999 7997 8090
f 7998 8000 8089
f 8001 7999 8092
f 8000 8002 8091
f 8003 8001 8094
f 8002 8004 8093
f 8005 8003 8096
f 8004 8006 8095
f 8007 8005 8097
f 8006 8008 346
f 8009 8007 8098
f 8008 8010 347
f 8011 8009 8099
f 8010 8012 349
f 8013 8011 8101
f 8012 8014 8100
f 8015 8013 8103
f 8014 8016 8102
f 8017 8015 8105
f 8016 8018 8104
f 8019 8017 8107
f 8018 8020 8106
f 8021 8019 8109
f 8020 8022 8108
f 8023 8021 8111
f 8022 8024 8110
f 8025 8023 8112
f 8024 8026 354
f 8027 8025 8113
f 8026 8028 355
f 8029 8027 8114
f 8028 8030 359
f 8031 8029 8116
f 8030 8032 8115
f 8033 8031 8118
f 8032 8034 8117
f 8035 8033 8120
f 8034 8036 8119
f 8037 8035 8122
f 8036 8038 8121
f 8039 8037 8124
f 8038 8040 8123
f 8041 8039 8125
f 8040 8042 366
f 8043 8041 8126
f 8042 8044 367
f 8045 8043 8127
f 8044 8046 369
f 8047 8045 8129
f 8046 8048 8128
f 6375 8047 6379
f 8048 8049 8130
f 8049 8050 8131
f 8050 6376 8132
f 8052 8051 8134
f 6377 8052 6381
f 8051 8053 8133
f 8053 8054 8135
f 8055 6378 8137
f 8054 314 8136
f 8056 8055 8138
f 8057 8056 8139
f 8139 74 8140
f 8058 8057 8140
f 8140 73 8142
f 8060 8058 8142
f 8142 8141 8144
f 8062 8060 8144
f 8144 8143 8146
f 8064 8062 8146
f 8146 8145 8148
f 8066 8064 8148
f 8148 8147 8150
f 8068 8066 8150
f 8150 8149 8151
f 8069 8068 8151
f 8151 78 8152
f 8070 8069 8152
f 8071 8070 8153
f 329 8072 331
f 8073 8071 8155
f 8072 8074 8154
f 8075 8073 8157
f 8074 8076 8156
f 8077 8075 8159
f 8076 8078 8158
f 8079 8077 8161
f 8078 8080 8160
f 8081 8079 8163
f 8080 8082 8162
f 8083 8081 8165
f 8082 334 8164
f 8084 8083 8166
f 8085 8084 8167
f 8167 82 8168
f 8086 8085 8168
f 8168 81 8170
f 8088 8086 8170
f 8170 8169 8172
f 8090 8088 8172
f 8172 8171 8174
f 8092 8090 8174
f 8174 8173 8176
f 8094 8092 8176
f 8176 8175 8178
f 8096 8094 8178
f 8178 8177 8179
f 8097 8096 8179
f 8179 86 8180
f 8098 8097 8180
f 8099 8098 8181
f 349 8100 351
f 8101 8099 8183
f 8100 8102 8182
f 8103 8101 8185
f 8102 8104 8184
f 8105 8103 8187
f 8104 8106 8186
f 8107 8105 8189
f 8106 8108 8188
f 8109 8107 8191
f 8108 8110 8190
f 8111 8109 8193
f 8110 354 8192
f 8112 8111 8194
f 8113 8112 8195
f 8195 90 8196
f 8114 8113 8196
f 8196 89 8198
f 8116 8114 8198
f 8198 8197 8200
f 8118 8116 8200
f 8200 8199 8202
f 8120 8118 8202
f 8202 8201 8204
f 8122 8120 8204
f 8204 8203 8206
f 8124 8122 8206
f 8206 8205 8207
f 8125 8124 8207
f 8207 94 8208
f 8126 8125 8208
f 8127 8126 8209
f 369 8128 371
f 8129 8127 8211
f 8128 8130 8210
f 6379 8129 6383
f 8130 8131 8212
f 8131 8132 8213
f 8132 6380 8214
f 8134 8133 8216
f 6381 8134 6385
f 8133 8135 8215
f 8135 8136 8217
f 8137 6382 8219
f 8136 317 8218
f 8138 8137 8220
f 8139 8138 8221
f 74 8139 97
f 8153 8152 8223
f 8152 77 8222
f 331 8154 379
f 8155 8153 8225
f 8154 8156 8224
f 8157 8155 8227
f 8156 8158 8226
f 8159 8157 8229
f 8158 8160 8228
f 8161 8159 8231
f 8160 8162 8230
f 8163 8161 8233
f 8162 8164 8232
f 8165 8163 8235
f 8164 337 8234
f 8166 8165 8236
f 8167 8166 8237
f 82 8167 101
f 8181 8180 8239
f 8180 85 8238
f 351 8182 387
f 8183 8181 8241
f 8182 8184 8240
f 8185 8183 8243
f 8184 8186 8242
f 8187 8185 8245
f 8186 8188 8244
f 8189 8187 8247
f 8188 8190 8246
f 8191 8189 8249
f 8190 8192 8248
f 8193 8191 8251
f 8192 357 8250
f 8194 8193 8252
f 8195 8194 8253
f 90 8195 105
f 8209 8208 8255
f 8208 93 8254
f 371 8210 395
f 8211 8209 8257
f 8210 8212 8256
f 6383 8211 6387
f 8212 8213 8258
f 8213 8214 8259
f 8214 6384 8260
f 8216 8215 8262
f 6385 8216 6389
f 8215 8217 8261
f 8217 8218 8263
f 8219 6386 8265
f 8218 375 8264
f 8220 8219 8267
f 8221 8220 8268
f 97 8221 8269
f 8223 8222 8271
f 8222 99 8270
f 379 8224 8274
f 8225 8223 8275
f 8224 8226 8273
f 8227 8225 8277
f 8226 8228 8276
f 8229 8227 8279
f 8228 8230 8278
f 8231 8229 8281
f 8230 8232 8280
f 8233 8231 8283
f 8232 8234 8282
f 8235 8233 8285
f 8234 383 8284
f 8236 8235 8287
f 8237 8236 8288
f 101 8237 8289
f 8239 8238 8291
f 8238 103 8290
f 387 8240 8294
f 8241 8239 8295
f 8240 8242 8293
f 8243 8241 8297
f 8242 8244 8296
f 8245 8243 8299
f 8244 8246 8298
f 8247 8245 8301
f 8246 8248 8300
f 8249 8247 8303
f 8248 8250 8302
f 8251 8249 8305
f 8250 391 8304
f 8252 8251 8307
f 8253 8252 8308
f 105 8253 8309
f 8255 8254 8311
f 8254 107 8310
f 395 8256 8314
f 8257 8255 8315
f 8256 8258 8313
f 6387 8257 6391
f 8258 8259 8316
f 8259 8260 8317
f 8260 6388 8318
f 8262 8261 8320
f 6389 8262 6393
f 8261 8263 8319
f 8263 8264 8321
f 8265 6390 8323
f 8264 8266 8322
f 8267 8265 8325
f 8268 8267 8326
f 8269 8268 8327
f 8271 8270 8329
f 8270 8272 8328
f 8274 8273 8332
f 8275 8271 8333
f 8273 8276 8331
f 8277 8275 8335
f 8276 8278 8334
f 8279 8277 8337
f 8278 8280 8336
f 8281 8279 8339
f 8280 8282 8338
f 8283 8281 8341
f 8282 8284 8340
f 8285 8283 8343
f 8284 8286 8342
f 8287 8285 8345
f 8288 8287 8346
f 8289 8288 8347
f 8291 8290 8349
f 8290 8292 8348
f 8294 8293 8352
f 8295 8291 8353
f 8293 8296 8351
f 8297 8295 8355
f 8296 8298 8354
f 8299 8297 8357
f 8298 8300 8356
f 8301 8299 8359
f 8300 8302 8358
f 8303 8301 8361
f 8302 8304 8360
f 8305 8303 8363
f 8304 8306 8362
f 8307 8305 8365
f 8308 8307 8366
f 8309 8308 8367
f 8311 8310 8369
f 8310 8312 8368
f 8314 8313 8372
f 8315 8311 8373
f 8313 8316 8371
f 6391 8315 6395
f 8316 8317 8374
f 8317 8318 8375
f 8318 6392 8376
f 8320 8319 8378
f 6393 8320 6397
f 8319 8321 8377
f 8321 8322 8379
f 8323 6394 8381
f 8322 8324 8380
f 8325 8323 8383
f 8326 8325 8384
f 8327 8326 8385
f 8329 8328 8387
f 8328 8330 8386
f 8332 8331 8390
f 8333 8329 8391
f 8331 8334 8389
f 8335 8333 8393
f 8334 8336 8392
f 8337 8335 8395
f 8336 8338 8394
f 8339 8337 8397
f 8338 8340 8396
f 8341 8339 8399
f 8340 8342 8398
f 8343 8341 8401
f 8342 8344 8400
f 8345 8343 8403
f 8346 8345 8404
f 8347 8346 8405
f 8349 8348 8407
f 8348 8350 8406
f 8352 8351 8410
f 8353 8349 8411
f 8351 8354 8409
f 8355 8353 8413
f 8354 8356 8412
f 8357 8355 8415
f 8356 8358 8414
f 8359 8357 8417
f 8358 8360 8416
f 8361 8359 8419
f 8360 8362 8418
f 8363 8361 8421
f 8362 8364 8420
f 8365 8363 8423
f 8366 8365 8424
f 8367 8366 8425
f 8369 8368 8427
f 8368 8370 8426
f 8372 8371 8430
f 8373 8369 8431
f 8371 8374 8429
f 6395 8373 6399
f 8374 8375 8432
f 8375 8376 8433
f 8376 6396 8434
f 8378 8377 8436
f 6397 8378 6401
f 8377 8379 8435
f 8379 8380 8437
f 8381 6398 8439
f 8380 8382 8438
f 8383 8381 8441
f 8384 8383 8442
f 8385 8384 8443
f 8387 8386 8445
f 8386 8388 8444
f 8390 8389 8448
f 8391 8387 8449
f 8389 8392 8447
f 8393 8391 8451
f 8392 8394 8450
f 8395 8393 8453
f 8394 8396 8452
f 8397 8395 8455
f 8396 8398 8454
f 8399 8397 8457
f 8398 8400 8456
f 8401 8399 8459
f 8400 8402 8458
f 8403 8401 8461
f 8404 8403 8462
f 8405 8404 8463
f 8407 8406 8465
f 8406 8408 8464
f 8410 8409 8468
f 8411 8407 8469
f 8409 8412 8467
f 8413 8411 8471
f 8412 8414 8470
f 8415 8413 8473
f 8414 8416 8472
f 8417 8415 8475
f 8416 8418 8474
f 8419 8417 8477
f 8418 8420 8476
f 8421 8419 8479
f 8420 8422 8478
f 8423 8421 8481
f 8424 8423 8482
f 8425 8424 8483
f 8427 8426 8485
f 8426 8428 8484
f 8430 8429 8488
f 8431 8427 8489
f 8429 8432 8487
f 6399 8431 6403
f 8432 8433 8490
f 8433 8434 8491
f 8434 6400 8492
f 8436 8435 8494
f 6401 8436 6405
f 8435 8437 8493
f 8437 8438 8495
f 8439 6402 8497
f 8438 8440 8496
f 8441 8439 8499
f 8442 8441 8500
f 8443 8442 8501
f 8445 8444 8503
f 8444 8446 8502
f 8448 8447 8506
f 8449 8445 8507
f 8447 8450 8505
f 8451 8449 8509
f 8450 8452 8508
f 8453 8451 8511
f 8452 8454 8510
f 8455 8453 8513
f 8454 8456 8512
f 8457 8455 8515
f 8456 8458 8514
f 8459 8457 8517
f 8458 8460 8516
f 8461 8459 8519
f 8462 8461 8520
f 8463 8462 8521
f 8465 8464 8523
f 8464 8466 8522
f 8468 8467 8526
f 8469 8465 8527
f 8467 8470 8525
f 8471 8469 8529
f 8470 8472 8528
f 8473 8471 8531
f 8472 8474 8530
f 8475 8473 8533
f 8474 8476 8532
f 8477 8475 8535
f 8476 8478 8534
f 8479 8477 8537
f 8478 8480 8536
f 8481 8479 8539
f 8482 8481 8540
f 8483 8482 8541
f 8485 8484 8543
f 8484 8486 8542
f 8488 8487 8546
f 8489 8485 8547
f 8487 8490 8545
f 6403 8489 6407
f 8490 8491 8548
f 8491 8492 8549
f 8492 6404 8550
f 8494 8493 8552
f 6405 8494 6409
f 8493 8495 8551
f 8495 8496 8553
f 8497 6406 8555
f 8496 8498 8554
f 8499 8497 8556
f 8500 8499 8557
f 8501 8500 109
f 8503 8502 8559
f 8502 8504 8558
f 8506 8505 414
f 8507 8503 8561
f 8505 8508 8560
f 8509 8507 8563
f 8508 8510 8562
f 8511 8509 8565
f 8510 8512 8564
f 8513 8511 8567
f 8512 8514 8566
f 8515 8513 8569
f 8514 8516 8568
f 8517 8515 8571
f 8516 8518 8570
f 8519 8517 8572
f 8520 8519 8573
f 8521 8520 117
f 8523 8522 8575
f 8522 8524 8574
f 8526 8525 422
f 8527 8523 8577
f 8525 8528 8576
f 8529 8527 8579
f 8528 8530 8578
f 8531 8529 8581
f 8530 8532 8580
f 8533 8531 8583
f 8532 8534 8582
f 8535 8533 8585
f 8534 8536 8584
f 8537 8535 8587
f 8536 8538 8586
f 8539 8537 8588
f 8540 8539 8589
f 8541 8540 125
f 8543 8542 8591
f 8542 8544 8590
f 8546 8545 430
f 8547 8543 8593
f 8545 8548 8592
f 6407 8547 6411
f 8548 8549 8594
f 8549 8550 8595
f 8550 6408 8596
f 8552 8551 8598
f 6409 8552 6413
f 8551 8553 8597
f 8553 8554 8599
f 8555 6410 8601
f 8554 410 8600
f 8556 8555 8602
f 8557 8556 8603
f 109 8557 110
f 8559 8558 8605
f 8558 114 8604
f 414 8560 415
f 8561 8559 8607
f 8560 8562 8606
f 8563 8561 8609
f 8562 8564 8608
f 8565 8563 8611
f 8564 8566 8610
f 8567 8565 8613
f 8566 8568 8612
f 8569 8567 8615
f 8568 8570 8614
f 8571 8569 8617
f 8570 418 8616
f 8572 8571 8618
f 8573 8572 8619
f 117 8573 118
f 8575 8574 8621
f 8574 122 8620
f 422 8576 423
f 8577 8575 8623
f 8576 8578 8622
f 8579 8577 8625
f 8578 8580 8624
f 8581 8579 8627
f 8580 8582 8626
f 8583 8581 8629
f 8582 8584 8628
f 8585 8583 8631
f 8584 8586 8630
f 8587 8585 8633
f 8586 426 8632
f 8588 8587 8634
f 8589 8588 8635
f 125 8589 126
f 8591 8590 8637
f 8590 130 8636
f 430 8592 431
f 8593 8591 8639
f 8592 8594 8638
f 6411 8593 6415
f 8594 8595 8640
f 8595 8596 8641
f 8596 6412 8642
f 8598 8597 8644
f 6413 8598 6417
f 8597 8599 8643
f 8599 8600 8645
f 8601 6414 8647
f 8600 409 8646
f 8602 8601 8648
f 8603 8602 8649
f 8603 8650 110
f 8650 8603 8651
f 8650 8652 133
f 8652 8650 8654
f 8652 8655 8653
f 8655 8652 8657
f 8655 8658 8656
f 8658 8655 8660
f 8658 8661 8659
f 8661 8658 8663
f 8661 8664 8662
f 8664 8661 8666
f 8664 8667 8665
f 8667 8664 8668
f 8667 8604 135
f 8604 8667 8669
f 8605 8604 8670
f 415 8606 448
f 8607 8605 8672
f 8606 8608 8671
f 8609 8607 8674
f 8608 8610 8673
f 8611 8609 8676
f 8610 8612 8675
f 8613 8611 8678
f 8612 8614 8677
f 8615 8613 8680
f 8614 8616 8679
f 8617 8615 8682
f 8616 417 8681
f 8618 8617 8683
f 8619 8618 8684
f 8619 8685 118
f 8685 8619 8686
f 8685 8687 137
f 8687 8685 8689
f 8687 8690 8688
f 8690 8687 8692
f 8690 8693 8691
f 8693 8690 8695
f 8693 8696 8694
f 8696 8693 8698
f 8696 8699 8697
f 8699 8696 8701
f 8699 8702 8700
f 8702 8699 8703
f 8702 8620 139
f 8620 8702 8704
f 8621 8620 8705
f 423 8622 464
f 8623 8621 8707
f 8622 8624 8706
f 8625 8623 8709
f 8624 8626 8708
f 8627 8625 8711
f 8626 8628 8710
f 8629 8627 8713
f 8628 8630 8712
f 8631 8629 8715
f 8630 8632 8714
f 8633 8631 8717
f 8632 425 8716
f 8634 8633 8718
f 8635 8634 8719
f 8635 8720 126
f 8720 8635 8721
f 8720 8722 141
f 8722 8720 8724
f 8722 8725 8723
f 8725 8722 8727
f 8725 8728 8726
f 8728 8725 8730
f 8728 8731 8729
f 8731 8728 8733
f 8731 8734 8732
f 8734 8731 8736
f 8734 8737 8735
f 8737 8734 8738
f 8737 8636 143
f 8636 8737 8739
f 8637 8636 8740
f 431 8638 480
f 8639 8637 8742
f 8638 8640 8741
f 6415 8639 6419
f 8640 8641 8743
f 8641 8642 8744
f 8642 6416 8745
f 8644 8643 8747
f 6417 8644 6421
f 8643 8645 8746
f 8645 8646 8748
f 8647 6418 10587
f 8646 433 8749
f 8648 8647 6427
f 433 436 8750
f 8649 8648 6428
f 436 438 8751
f 8651 8649 6429
f 438 8753 8752
f 8654 8651 6430
f 8753 8755 8754
f 8657 8654 6431
f 8755 8757 8756
f 8660 8657 6432
f 8757 8759 8758
f 8663 8660 6433
f 8759 8761 8760
f 8666 8663 6434
f 8761 443 8762
f 8668 8666 6435
f 443 446 8763
f 8669 8668 6436
f 446 448 8764
f 8670 8669 6437
f 448 8671 8765
f 8672 8670 6438
f 8671 8673 8766
f 8674 8672 6439
f 8673 8675 8767
f 8676 8674 6440
f 8675 8677 8768
f 8678 8676 6441
f 8677 8679 8769
f 8680 8678 6442
f 8679 8681 8770
f 8682 8680 6443
f 8681 449 8771
f 8683 8682 6444
f 449 452 8772
f 8684 8683 6445
f 452 454 8773
f 8686 8684 6446
f 454 8775 8774
f 8689 8686 6447
f 8775 8777 8776
f 8692 8689 6448
f 8777 8779 8778
f 8695 8692 6449
f 8779 8781 8780
f 8698 8695 6450
f 8781 8783 8782
f 8701 8698 6451
f 8783 459 8784
f 8703 8701 6452
f 459 462 8785
f 8704 8703 6453
f 462 464 8786
f 8705 8704 6454
f 464 8706 8787
f 8707 8705 6455
f 8706 8708 8788
f 8709 8707 6456
f 8708 8710 8789
f 8711 8709 6457
f 8710 8712 8790
f 8713 8711 6458
f 8712 8714 8791
f 8715 8713 6459
f 8714 8716 8792
f 8717 8715 6460
f 8716 465 8793
f 8718 8717 6461
f 465 468 8794
f 8719 8718 6462
f 468 470 8795
f 8721 8719 6463
f 470 8797 8796
f 8724 8721 6464
f 8797 8799 8798
f 8727 8724 6465
f 8799 8801 8800
f 8730 8727 6466
f 8801 8803 8802
f 8733 8730 6467
f 8803 8805 8804
f 8736 8733 6468
f 8805 475 8806
f 8738 8736 6469
f 475 478 8807
f 8739 8738 6470
f 478 480 8808
f 8740 8739 6471
f 480 8741 8809
f 8742 8740 6472
f 8741 8743 8810
f 6419 8742 6423
f 8743 8744 8811
f 8744 8745 8812
f 8745 6420 8813
f 8747 8746 8815
f 6421 8747 6425
f 8746 8748 8814
f 8748 8749 8816
f 8749 8750 8817
f 8750 8751 8818
f 8751 8752 8819
f 8752 8754 8820
f 8754 8756 8821
f 8756 8758 8822
f 8758 8760 8823
f 8760 8762 8824
f 8762 8763 8825
f 8763 8764 8826
f 8764 8765 8827
f 8765 8766 8828
f 8766 8767 8829
f 8767 8768 8830
f 8768 8769 8831
f 8769 8770 8832
f 8770 8771 8833
f 8771 8772 8834
f 8772 8773 8835
f 8773 8774 8836
f 8774 8776 8837
f 8776 8778 8838
f 8778 8780 8839
f 8780 8782 8840
f 8782 8784 8841
f 8784 8785 8842
f 8785 8786 8843
f 8786 8787 8844
f 8787 8788 8845
f 8788 8789 8846
f 8789 8790 8847
f 8790 8791 8848
f 8791 8792 8849
f 8792 8793 8850
f 8793 8794 8851
f 8794 8795 8852
f 8795 8796 8853
f 8796 8798 8854
f 8798 8800 8855
f 8800 8802 8856
f 8802 8804 8857
f 8804 8806 8858
f 8806 8807 8859
f 8807 8808 8860
f 8808 8809 8861
f 8809 8810 8862
f 8810 8811 8863
f 8811 8812 8864
f 8812 8813 8865
f 8813 6424 8866
f 8815 8814 8868
f 6425 8815 6474
f 8814 8816 8867
f 8816 8817 8869
f 8817 8818 8870
f 8818 8819 8871
f 8819 8820 8872
f 8820 8821 8873
f 8821 8822 8874
f 8822 8823 8875
f 8823 8824 8876
f 8824 8825 8877
f 8825 8826 8878
f 8826 8827 8879
f 8827 8828 8880
f 8828 8829 8881
f 8829 8830 8882
f 8830 8831 8883
f 8831 8832 8884
f 8832 8833 8885
f 8833 8834 8886
f 8834 8835 8887
f 8835 8836 8888
f 8836 8837 8889
f 8837 8838 8890
f 8838 8839 8891
f 8839 8840 8892
f 8840 8841 8893
f 8841 8842 8894
f 8842 8843 8895
f 8843 8844 8896
f 8844 8845 8897
f 8845 8846 8898
f 8846 8847 8899
f 8847 8848 8900
f 8848 8849 8901
f 8849 8850 8902
f 8850 8851 8903
f 8851 8852 8904
f 8852 8853 8905
f 8853 8854 8906
f 8854 8855 8907
f 8855 8856 8908
f 8856 8857 8909
f 8857 8858 8910
f 8858 8859 8911
f 8859 8860 8912
f 8860 8861 8913
f 8861 8862 8914
f 8862 8863 8915
f 8863 8864 8916
f 8864 8865 8917
f 8865 8866 8918
f 8866 6473 8919
f 8868 8867 8921
f 6476 8921 6477
f 6474 8868 10588
f 8867 8869 8920
f 6477 8920 6478
f 8869 8870 8922
f 6478 8922 6479
f 8870 8871 8923
f 6479 8923 6480
f 8871 8872 8924
f 6480 8924 6481
f 8872 8873 8925
f 6481 8925 6482
f 8873 8874 8926
f 6482 8926 6483
f 8874 8875 8927
f 6483 8927 6484
f 8875 8876 8928
f 6484 8928 6485
f 8876 8877 8929
f 6485 8929 6486
f 8877 8878 8930
f 6486 8930 6487
f 8878 8879 8931
f 6487 8931 6488
f 8879 8880 8932
f 6488 8932 6489
f 8880 8881 8933
f 6489 8933 6490
f 8881 8882 8934
f 6490 8934 6491
f 8882 8883 8935
f 6491 8935 6492
f 8883 8884 8936
f 6492 8936 6493
f 8884 8885 8937
f 6493 8937 6494
f 8885 8886 8938
f 6494 8938 6495
f 8886 8887 8939
f 6495 8939 6496
f 8887 8888 8940
f 6496 8940 6497
f 8888 8889 8941
f 6497 8941 6498
f 8889 8890 8942
f 6498 8942 6499
f 8890 8891 8943
f 6499 8943 6500
f 8891 8892 8944
f 6500 8944 6501
f 8892 8893 8945
f 6501 8945 6502
f 8893 8894 8946
f 6502 8946 6503
f 8894 8895 8947
f 6503 8947 6504
f 8895 8896 8948
f 6504 8948 6505
f 8896 8897 8949
f 6505 8949 6506
f 8897 8898 8950
f 6506 8950 6507
f 8898 8899 8951
f 6507 8951 6508
f 8899 8900 8952
f 6508 8952 6509
f 8900 8901 8953
f 6509 8953 6510
f 8901 8902 8954
f 6510 8954 6511
f 8902 8903 8955
f 6511 8955 6512
f 8903 8904 8956
f 6512 8956 6513
f 8904 8905 8957
f 6513 8957 6514
f 8905 8906 8958
f 6514 8958 6515
f 8906 8907 8959
f 6515 8959 6516
f 8907 8908 8960
f 6516 8960 6517
f 8908 8909 8961
f 6517 8961 6518
f 8909 8910 8962
f 6518 8962 6519
f 8910 8911 8963
f 6519 8963 6520
f 8911 8912 8964
f 6520 8964 6521
f 8912 8913 8965
f 6521 8965 6522
f 8913 8914 8966
f 6522 8966 6523
f 8914 8915 8967
f 6523 8967 6524
f 8915 8916 8968
f 6524 8968 6525
f 8916 8917 8969
f 6525 8969 6526
f 8917 8918 8970
f 6526 8970 6527
f 8918 8919 10589
f 6527 8971 10590
f 8919 6475 8972
f 3 8973 4
f 151 6749 152
f 1 154 6831
f 6749 6751 8974
f 6831 8975 6833
f 6751 6753 8976
f 6833 8977 6835
f 6753 6755 8978
f 6835 8979 6837
f 6755 6757 8980
f 6837 8981 6839
f 6757 158 8982
f 6839 8983 6
f 7 156 8
f 11 8985 12
f 171 6777 172
f 9 174 6859
f 6777 6779 8986
f 6859 8987 6861
f 6779 6781 8988
f 6861 8989 6863
f 6781 6783 8990
f 6863 8991 6865
f 6783 6785 8992
f 6865 8993 6867
f 6785 178 8994
f 6867 8995 14
f 15 176 16
f 19 8997 20
f 191 6805 192
f 17 194 6887
f 6805 6807 8998
f 6887 8999 6889
f 6807 6809 9000
f 6889 9001 6891
f 6809 6811 9002
f 6891 9003 6893
f 6811 6813 9004
f 6893 9005 6895
f 6813 198 9006
f 6895 9007 22
f 23 196 24
f 8973 3 205
f 8 8984 28
f 8985 11 213
f 16 8996 32
f 8997 19 221
f 24 9008 36
f 207 208 6956
f 206 25 9010
f 27 210 6962
f 212 211 9012
f 215 216 6976
f 214 29 9014
f 31 218 6982
f 220 219 9016
f 223 224 6996
f 222 33 9018
f 35 226 7002
f 228 227 9020
f 6956 9009 7014
f 9010 6959 9022
f 6962 9011 7020
f 9012 6964 9024
f 6976 9013 7034
f 9014 6979 9026
f 6982 9015 7040
f 9016 6984 9028
f 6996 9017 7054
f 9018 6999 9030
f 7002 9019 7060
f 9020 7004 9032
f 7014 9021 7072
f 9022 7017 9034
f 7020 9023 7078
f 9024 7022 9036
f 7034 9025 7092
f 9026 7037 9038
f 7040 9027 7098
f 9028 7042 9040
f 7054 9029 7112
f 9030 7057 9042
f 7060 9031 7118
f 9032 7062 9044
f 7072 9033 7130
f 9034 7075 9046
f 7078 9035 7136
f 9036 7080 9048
f 7092 9037 7150
f 9038 7095 9050
f 7098 9039 7156
f 9040 7100 9052
f 7112 9041 7170
f 9042 7115 9054
f 7118 9043 7176
f 9044 7120 9056
f 7130 9045 7188
f 9046 7133 9058
f 7136 9047 7194
f 9048 7138 9060
f 7150 9049 7208
f 9050 7153 9062
f 7156 9051 7214
f 9052 7158 9064
f 7170 9053 7228
f 9054 7173 9066
f 7176 9055 7234
f 9056 7178 9068
f 7188 9057 242
f 9058 7191 229
f 7194 9059 42
f 9060 7196 245
f 7208 9061 250
f 9062 7211 233
f 7214 9063 50
f 9064 7216 253
f 7228 9065 258
f 9066 7231 237
f 7234 9067 58
f 9068 7236 261
f 230 40 9069
f 43 232 44
f 234 48 9071
f 51 236 52
f 238 56 9073
f 59 240 60
f 39 62 9069
f 61 7343 272
f 270 269 7447
f 7343 7346 9075
f 7447 9076 7450
f 7346 7349 9077
f 7450 9078 7453
f 7349 7352 9079
f 7453 9080 7456
f 7352 7355 9081
f 7456 9082 7459
f 7355 63 9083
f 7459 9084 275
f 64 44 274
f 47 66 9071
f 65 7378 288
f 286 285 7486
f 7378 7381 9085
f 7486 9086 7489
f 7381 7384 9087
f 7489 9088 7492
f 7384 7387 9089
f 7492 9090 7495
f 7387 7390 9091
f 7495 9092 7498
f 7390 67 9093
f 7498 9094 291
f 68 52 290
f 55 70 9073
f 69 7413 304
f 302 301 7525
f 7413 7416 9095
f 7525 9096 7528
f 7416 7419 9097
f 7528 9098 7531
f 7419 7422 9099
f 7531 9100 7534
f 7422 7425 9101
f 7534 9102 7537
f 7425 71 9103
f 7537 9104 307
f 72 60 306
f 75 9105 76
f 319 8059 320
f 73 322 8141
f 8059 8061 9106
f 8141 9107 8143
f 8061 8063 9108
f 8143 9109 8145
f 8063 8065 9110
f 8145 9111 8147
f 8065 8067 9112
f 8147 9113 8149
f 8067 326 9114
f 8149 9115 78
f 79 324 80
f 83 9117 84
f 339 8087 340
f 81 342 8169
f 8087 8089 9118
f 8169 9119 8171
f 8089 8091 9120
f 8171 9121 8173
f 8091 8093 9122
f 8173 9123 8175
f 8093 8095 9124
f 8175 9125 8177
f 8095 346 9126
f 8177 9127 86
f 87 344 88
f 91 9129 92
f 359 8115 360
f 89 362 8197
f 8115 8117 9130
f 8197 9131 8199
f 8117 8119 9132
f 8199 9133 8201
f 8119 8121 9134
f 8201 9135 8203
f 8121 8123 9136
f 8203 9137 8205
f 8123 366 9138
f 8205 9139 94
f 95 364 96
f 9105 75 373
f 80 9116 100
f 9117 83 381
f 88 9128 104
f 9129 91 389
f 96 9140 108
f 375 376 8266
f 374 97 9142
f 99 378 8272
f 380 379 9144
f 383 384 8286
f 382 101 9146
f 103 386 8292
f 388 387 9148
f 391 392 8306
f 390 105 9150
f 107 394 8312
f 396 395 9152
f 8266 9141 8324
f 9142 8269 9154
f 8272 9143 8330
f 9144 8274 9156
f 8286 9145 8344
f 9146 8289 9158
f 8292 9147 8350
f 9148 8294 9160
f 8306 9149 8364
f 9150 8309 9162
f 8312 9151 8370
f 9152 8314 9164
f 8324 9153 8382
f 9154 8327 9166
f 8330 9155 8388
f 9156 8332 9168
f 8344 9157 8402
f 9158 8347 9170
f 8350 9159 8408
f 9160 8352 9172
f 8364 9161 8422
f 9162 8367 9174
f 8370 9163 8428
f 9164 8372 9176
f 8382 9165 8440
f 9166 8385 9178
f 8388 9167 8446
f 9168 8390 9180
f 8402 9169 8460
f 9170 8405 9182
f 8408 9171 8466
f 9172 8410 9184
f 8422 9173 8480
f 9174 8425 9186
f 8428 9175 8486
f 9176 8430 9188
f 8440 9177 8498
f 9178 8443 9190
f 8446 9179 8504
f 9180 8448 9192
f 8460 9181 8518
f 9182 8463 9194
f 8466 9183 8524
f 9184 8468 9196
f 8480 9185 8538
f 9186 8483 9198
f 8486 9187 8544
f 9188 8488 9200
f 8498 9189 410
f 9190 8501 397
f 8504 9191 114
f 9192 8506 413
f 8518 9193 418
f 9194 8521 401
f 8524 9195 122
f 9196 8526 421
f 8538 9197 426
f 9198 8541 405
f 8544 9199 130
f 9200 8546 429
f 398 112 9201
f 115 400 116
f 402 120 9203
f 123 404 124
f 406 128 9205
f 131 408 132
f 111 134 9201
f 133 8653 440
f 438 437 8753
f 8653 8656 9207
f 8753 9208 8755
f 8656 8659 9209
f 8755 9210 8757
f 8659 8662 9211
f 8757 9212 8759
f 8662 8665 9213
f 8759 9214 8761
f 8665 135 9215
f 8761 9216 443
f 136 116 442
f 119 138 9203
f 137 8688 456
f 454 453 8775
f 8688 8691 9217
f 8775 9218 8777
f 8691 8694 9219
f 8777 9220 8779
f 8694 8697 9221
f 8779 9222 8781
f 8697 8700 9223
f 8781 9224 8783
f 8700 139 9225
f 8783 9226 459
f 140 124 458
f 127 142 9205
f 141 8723 472
f 470 469 8797
f 8723 8726 9227
f 8797 9228 8799
f 8726 8729 9229
f 8799 9230 8801
f 8729 8732 9231
f 8801 9232 8803
f 8732 8735 9233
f 8803 9234 8805
f 8735 143 9235
f 8805 9236 475
f 144 132 474
f 8973 9237 153
f 152 8974 484
f 154 486 8975
f 8974 8976 9238
f 8975 9239 8977
f 8976 8978 9240
f 8977 9241 8979
f 8978 8980 9242
f 8979 9243 8981
f 8980 8982 9244
f 8981 9245 8983
f 8982 157 9246
f 8983 9247 155
f 156 488 8984
f 8985 9249 173
f 172 8986 496
f 174 498 8987
f 8986 8988 9250
f 8987 9251 8989
f 8988 8990 9252
f 8989 9253 8991
f 8990 8992 9254
f 8991 9255 8993
f 8992 8994 9256
f 8993 9257 8995
f 8994 177 9258
f 8995 9259 175
f 176 500 8996
f 8997 9261 193
f 192 8998 508
f 194 510 8999
f 8998 9000 9262
f 8999 9263 9001
f 9000 9002 9264
f 9001 9265 9003
f 9002 9004 9266
f 9003 9267 9005
f 9004 9006 9268
f 9005 9269 9007
f 9006 197 9270
f 9007 9271 195
f 196 512 9008
f 9237 8973 517
f 8984 9248 209
f 9249 8985 523
f 8996 9260 217
f 9261 8997 529
f 9008 9272 225
f 208 519 9009
f 518 206 9274
f 210 521 9011
f 522 212 9276
f 216 525 9013
f 524 214 9278
f 218 527 9015
f 528 220 9280
f 224 531 9017
f 530 222 9282
f 226 533 9019
f 534 228 9284
f 9009 9273 9021
f 9274 9010 9286
f 9011 9275 9023
f 9276 9012 9288
f 9013 9277 9025
f 9278 9014 9290
f 9015 9279 9027
f 9280 9016 9292
f 9017 9281 9029
f 9282 9018 9294
f 9019 9283 9031
f 9284 9020 9296
f 9021 9285 9033
f 9286 9022 9298
f 9023 9287 9035
f 9288 9024 9300
f 9025 9289 9037
f 9290 9026 9302
f 9027 9291 9039
f 9292 9028 9304
f 9029 9293 9041
f 9294 9030 9306
f 9031 9295 9043
f 9296 9032 9308
f 9033 9297 9045
f 9298 9034 9310
f 9035 9299 9047
f 9300 9036 9312
f 9037 9301 9049
f 9302 9038 9314
f 9039 9303 9051
f 9304 9040 9316
f 9041 9305 9053
f 9306 9042 9318
f 9043 9307 9055
f 9308 9044 9320
f 9045 9309 9057
f 9310 9046 9322
f 9047 9311 9059
f 9312 9048 9324
f 9049 9313 9061
f 9314 9050 9326
f 9051 9315 9063
f 9316 9052 9328
f 9053 9317 9065
f 9318 9054 9330
f 9055 9319 9067
f 9320 9056 9332
f 9057 9321 243
f 9322 9058 535
f 9059 9323 231
f 9324 9060 549
f 9061 9325 251
f 9326 9062 539
f 9063 9327 235
f 9328 9064 553
f 9065 9329 259
f 9330 9066 543
f 9067 9331 239
f 9332 9068 557
f 536 230 9333
f 232 538 9070
f 540 234 9335
f 236 542 9072
f 544 238 9337
f 240 546 9074
f 9069 271 9333
f 272 9075 563
f 269 561 9076
f 9075 9077 9339
f 9076 9340 9078
f 9077 9079 9341
f 9078 9342 9080
f 9079 9081 9343
f 9080 9344 9082
f 9081 9083 9345
f 9082 9346 9084
f 9083 273 9347
f 9084 9348 276
f 274 9070 565
f 9071 287 9335
f 288 9085 573
f 285 571 9086
f 9085 9087 9349
f 9086 9350 9088
f 9087 9089 9351
f 9088 9352 9090
f 9089 9091 9353
f 9090 9354 9092
f 9091 9093 9355
f 9092 9356 9094
f 9093 289 9357
f 9094 9358 292
f 290 9072 575
f 9073 303 9337
f 304 9095 583
f 301 581 9096
f 9095 9097 9359
f 9096 9360 9098
f 9097 9099 9361
f 9098 9362 9100
f 9099 9101 9363
f 9100 9364 9102
f 9101 9103 9365
f 9102 9366 9104
f 9103 305 9367
f 9104 9368 308
f 306 9074 585
f 9105 9369 321
f 320 9106 592
f 322 594 9107
f 9106 9108 9370
f 9107 9371 9109
f 9108 9110 9372
f 9109 9373 9111
f 9110 9112 9374
f 9111 9375 9113
f 9112 9114 9376
f 9113 9377 9115
f 9114 325 9378
f 9115 9379 323
f 324 596 9116
f 9117 9381 341
f 340 9118 604
f 342 606 9119
f 9118 9120 9382
f 9119 9383 9121
f 9120 9122 9384
f 9121 9385 9123
f 9122 9124 9386
f 9123 9387 9125
f 9124 9126 9388
f 9125 9389 9127
f 9126 345 9390
f 9127 9391 343
f 344 608 9128
f 9129 9393 361
f 360 9130 616
f 362 618 9131
f 9130 9132 9394
f 9131 9395 9133
f 9132 9134 9396
f 9133 9397 9135
f 9134 9136 9398
f 9135 9399 9137
f 9136 9138 9400
f 9137 9401 9139
f 9138 365 9402
f 9139 9403 363
f 364 620 9140
f 9369 9105 625
f 9116 9380 377
f 9381 9117 631
f 9128 9392 385
f 9393 9129 637
f 9140 9404 393
f 376 627 9141
f 626 374 9406
f 378 629 9143
f 630 380 9408
f 384 633 9145
f 632 382 9410
f 386 635 9147
f 636 388 9412
f 392 639 9149
f 638 390 9414
f 394 641 9151
f 642 396 9416
f 9141 9405 9153
f 9406 9142 9418
f 9143 9407 9155
f 9408 9144 9420
f 9145 9409 9157
f 9410 9146 9422
f 9147 9411 9159
f 9412 9148 9424
f 9149 9413 9161
f 9414 9150 9426
f 9151 9415 9163
f 9416 9152 9428
f 9153 9417 9165
f 9418 9154 9430
f 9155 9419 9167
f 9420 9156 9432
f 9157 9421 9169
f 9422 9158 9434
f 9159 9423 9171
f 9424 9160 9436
f 9161 9425 9173
f 9426 9162 9438
f 9163 9427 9175
f 9428 9164 9440
f 9165 9429 9177
f 9430 9166 9442
f 9167 9431 9179
f 9432 9168 9444
f 9169 9433 9181
f 9434 9170 9446
f 9171 9435 9183
f 9436 9172 9448
f 9173 9437 9185
f 9438 9174 9450
f 9175 9439 9187
f 9440 9176 9452
f 9177 9441 9189
f 9442 9178 9454
f 9179 9443 9191
f 9444 9180 9456
f 9181 9445 9193
f 9446 9182 9458
f 9183 9447 9195
f 9448 9184 9460
f 9185 9449 9197
f 9450 9186 9462
f 9187 9451 9199
f 9452 9188 9464
f 9189 9453 411
f 9454 9190 643
f 9191 9455 399
f 9456 9192 657
f 9193 9457 419
f 9458 9194 647
f 9195 9459 403
f 9460 9196 661
f 9197 9461 427
f 9462 9198 651
f 9199 9463 407
f 9464 9200 665
f 644 398 9465
f 400 646 9202
f 648 402 9467
f 404 650 9204
f 652 406 9469
f 408 654 9206
f 9201 439 9465
f 440 9207 671
f 437 669 9208
f 9207 9209 9471
f 9208 9472 9210
f 9209 9211 9473
f 9210 9474 9212
f 9211 9213 9475
f 9212 9476 9214
f 9213 9215 9477
f 9214 9478 9216
f 9215 441 9479
f 9216 9480 444
f 442 9202 673
f 9203 455 9467
f 456 9217 681
f 453 679 9218
f 9217 9219 9481
f 9218 9482 9220
f 9219 9221 9483
f 9220 9484 9222
f 9221 9223 9485
f 9222 9486 9224
f 9223 9225 9487
f 9224 9488 9226
f 9225 457 9489
f 9226 9490 460
f 458 9204 683
f 9205 471 9469
f 472 9227 691
f 469 689 9228
f 9227 9229 9491
f 9228 9492 9230
f 9229 9231 9493
f 9230 9494 9232
f 9231 9233 9495
f 9232 9496 9234
f 9233 9235 9497
f 9234 9498 9236
f 9235 473 9499
f 9236 9500 476
f 474 9206 693
f 9237 9501 485
f 484 9238 700
f 486 702 9239
f 9238 9240 9502
f 9239 9503 9241
f 9240 9242 9504
f 9241 9505 9243
f 9242 9244 9506
f 9243 9507 9245
f 9244 9246 9508
f 9245 9509 9247
f 9246 489 9510
f 9247 9511 487
f 488 704 9248
f 9249 9513 497
f 496 9250 712
f 498 714 9251
f 9250 9252 9514
f 9251 9515 9253
f 9252 9254 9516
f 9253 9517 9255
f 9254 9256 9518
f 9255 9519 9257
f 9256 9258 9520
f 9257 9521 9259
f 9258 501 9522
f 9259 9523 499
f 500 716 9260
f 9261 9525 509
f 508 9262 724
f 510 726 9263
f 9262 9264 9526
f 9263 9527 9265
f 9264 9266 9528
f 9265 9529 9267
f 9266 9268 9530
f 9267 9531 9269
f 9268 9270 9532
f 9269 9533 9271
f 9270 513 9534
f 9271 9535 511
f 512 728 9272
f 9501 9237 733
f 9248 9512 520
f 9513 9249 739
f 9260 9524 526
f 9525 9261 745
f 9272 9536 532
f 519 735 9273
f 734 518 9538
f 521 737 9275
f 738 522 9540
f 525 741 9277
f 740 524 9542
f 527 743 9279
f 744 528 9544
f 531 747 9281
f 746 530 9546
f 533 749 9283
f 750 534 9548
f 9273 9537 9285
f 9538 9274 9550
f 9275 9539 9287
f 9540 9276 9552
f 9277 9541 9289
f 9542 9278 9554
f 9279 9543 9291
f 9544 9280 9556
f 9281 9545 9293
f 9546 9282 9558
f 9283 9547 9295
f 9548 9284 9560
f 9285 9549 9297
f 9550 9286 9562
f 9287 9551 9299
f 9552 9288 9564
f 9289 9553 9301
f 9554 9290 9566
f 9291 9555 9303
f 9556 9292 9568
f 9293 9557 9305
f 9558 9294 9570
f 9295 9559 9307
f 9560 9296 9572
f 9297 9561 9309
f 9562 9298 9574
f 9299 9563 9311
f 9564 9300 9576
f 9301 9565 9313
f 9566 9302 9578
f 9303 9567 9315
f 9568 9304 9580
f 9305 9569 9317
f 9570 9306 9582
f 9307 9571 9319
f 9572 9308 9584
f 9309 9573 9321
f 9574 9310 9586
f 9311 9575 9323
f 9576 9312 9588
f 9313 9577 9325
f 9578 9314 9590
f 9315 9579 9327
f 9580 9316 9592
f 9317 9581 9329
f 9582 9318 9594
f 9319 9583 9331
f 9584 9320 9596
f 9321 9585 547
f 9586 9322 751
f 9323 9587 537
f 9588 9324 765
f 9325 9589 551
f 9590 9326 755
f 9327 9591 541
f 9592 9328 769
f 9329 9593 555
f 9594 9330 759
f 9331 9595 545
f 9596 9332 773
f 752 536 9597
f 538 754 9334
f 756 540 9599
f 542 758 9336
f 760 544 9601
f 546 762 9338
f 9333 562 9597
f 563 9339 779
f 561 777 9340
f 9339 9341 9603
f 9340 9604 9342
f 9341 9343 9605
f 9342 9606 9344
f 9343 9345 9607
f 9344 9608 9346
f 9345 9347 9609
f 9346 9610 9348
f 9347 564 9611
f 9348 9612 566
f 565 9334 781
f 9335 572 9599
f 573 9349 789
f 571 787 9350
f 9349 9351 9613
f 9350 9614 9352
f 9351 9353 9615
f 9352 9616 9354
f 9353 9355 9617
f 9354 9618 9356
f 9355 9357 9619
f 9356 9620 9358
f 9357 574 9621
f 9358 9622 576
f 575 9336 791
f 9337 582 9601
f 583 9359 799
f 581 797 9360
f 9359 9361 9623
f 9360 9624 9362
f 9361 9363 9625
f 9362 9626 9364
f 9363 9365 9627
f 9364 9628 9366
f 9365 9367 9629
f 9366 9630 9368
f 9367 584 9631
f 9368 9632 586
f 585 9338 801
f 9369 9633 593
f 592 9370 808
f 594 810 9371
f 9370 9372 9634
f 9371 9635 9373
f 9372 9374 9636
f 9373 9637 9375
f 9374 9376 9638
f 9375 9639 9377
f 9376 9378 9640
f 9377 9641 9379
f 9378 597 9642
f 9379 9643 595
f 596 812 9380
f 9381 9645 605
f 604 9382 820
f 606 822 9383
f 9382 9384 9646
f 9383 9647 9385
f 9384 9386 9648
f 9385 9649 9387
f 9386 9388 9650
f 9387 9651 9389
f 9388 9390 9652
f 9389 9653 9391
f 9390 609 9654
f 9391 9655 607
f 608 824 9392
f 9393 9657 617
f 616 9394 832
f 618 834 9395
f 9394 9396 9658
f 9395 9659 9397
f 9396 9398 9660
f 9397 9661 9399
f 9398 9400 9662
f 9399 9663 9401
f 9400 9402 9664
f 9401 9665 9403
f 9402 621 9666
f 9403 9667 619
f 620 836 9404
f 9633 9369 841
f 9380 9644 628
f 9645 9381 847
f 9392 9656 634
f 9657 9393 853
f 9404 9668 640
f 627 843 9405
f 842 626 9670
f 629 845 9407
f 846 630 9672
f 633 849 9409
f 848 632 9674
f 635 851 9411
f 852 636 9676
f 639 855 9413
f 854 638 9678
f 641 857 9415
f 858 642 9680
f 9405 9669 9417
f 9670 9406 9682
f 9407 9671 9419
f 9672 9408 9684
f 9409 9673 9421
f 9674 9410 9686
f 9411 9675 9423
f 9676 9412 9688
f 9413 9677 9425
f 9678 9414 9690
f 9415 9679 9427
f 9680 9416 9692
f 9417 9681 9429
f 9682 9418 9694
f 9419 9683 9431
f 9684 9420 9696
f 9421 9685 9433
f 9686 9422 9698
f 9423 9687 9435
f 9688 9424 9700
f 9425 9689 9437
f 9690 9426 9702
f 9427 9691 9439
f 9692 9428 9704
f 9429 9693 9441
f 9694 9430 9706
f 9431 9695 9443
f 9696 9432 9708
f 9433 9697 9445
f 9698 9434 9710
f 9435 9699 9447
f 9700 9436 9712
f 9437 9701 9449
f 9702 9438 9714
f 9439 9703 9451
f 9704 9440 9716
f 9441 9705 9453
f 9706 9442 9718
f 9443 9707 9455
f 9708 9444 9720
f 9445 9709 9457
f 9710 9446 9722
f 9447 9711 9459
f 9712 9448 9724
f 9449 9713 9461
f 9714 9450 9726
f 9451 9715 9463
f 9716 9452 9728
f 9453 9717 655
f 9718 9454 859
f 9455 9719 645
f 9720 9456 873
f 9457 9721 659
f 9722 9458 863
f 9459 9723 649
f 9724 9460 877
f 9461 9725 663
f 9726 9462 867
f 9463 9727 653
f 9728 9464 881
f 860 644 9729
f 646 862 9466
f 864 648 9731
f 650 866 9468
f 868 652 9733
f 654 870 9470
f 9465 670 9729
f 671 9471 887
f 669 885 9472
f 9471 9473 9735
f 9472 9736 9474
f 9473 9475 9737
f 9474 9738 9476
f 9475 9477 9739
f 9476 9740 9478
f 9477 9479 9741
f 9478 9742 9480
f 9479 672 9743
f 9480 9744 674
f 673 9466 889
f 9467 680 9731
f 681 9481 897
f 679 895 9482
f 9481 9483 9745
f 9482 9746 9484
f 9483 9485 9747
f 9484 9748 9486
f 9485 9487 9749
f 9486 9750 9488
f 9487 9489 9751
f 9488 9752 9490
f 9489 682 9753
f 9490 9754 684
f 683 9468 899
f 9469 690 9733
f 691 9491 907
f 689 905 9492
f 9491 9493 9755
f 9492 9756 9494
f 9493 9495 9757
f 9494 9758 9496
f 9495 9497 9759
f 9496 9760 9498
f 9497 9499 9761
f 9498 9762 9500
f 9499 692 9763
f 9500 9764 694
f 693 9470 909
f 916 915 918
f 915 920 9765
f 700 9502 919
f 919 9766 922
f 9502 9504 9766
f 9766 9768 9767
f 9504 9506 9768
f 9768 9770 9769
f 9506 9508 9770
f 9770 9772 9771
f 9508 9510 9772
f 9772 9774 9773
f 9510 705 9774
f 9774 924 9775
f 925 928 926
f 928 930 9776
f 936 935 938
f 935 940 9777
f 712 9514 939
f 939 9778 942
f 9514 9516 9778
f 9778 9780 9779
f 9516 9518 9780
f 9780 9782 9781
f 9518 9520 9782
f 9782 9784 9783
f 9520 9522 9784
f 9784 9786 9785
f 9522 717 9786
f 9786 944 9787
f 945 948 946
f 948 950 9788
f 956 955 958
f 955 960 9789
f 724 9526 959
f 959 9790 962
f 9526 9528 9790
f 9790 9792 9791
f 9528 9530 9792
f 9792 9794 9793
f 9530 9532 9794
f 9794 9796 9795
f 9532 9534 9796
f 9796 9798 9797
f 9534 729 9798
f 9798 964 9799
f 965 968 966
f 968 970 9800
f 918 9765 973
f 9765 921 974
f 701 9501 979
f 922 9767 978
f 9503 702 9802
f 9767 9769 9801
f 9505 9503 9804
f 9769 9771 9803
f 9507 9505 9806
f 9771 9773 9805
f 9509 9507 9808
f 9773 9775 9807
f 9511 9509 9810
f 9775 923 9809
f 703 9511 981
f 926 9776 984
f 9512 704 10591
f 9776 932 985
f 938 9777 989
f 9777 941 990
f 713 9513 995
f 942 9779 994
f 9515 714 9812
f 9779 9781 9811
f 9517 9515 9814
f 9781 9783 9813
f 9519 9517 9816
f 9783 9785 9815
f 9521 9519 9818
f 9785 9787 9817
f 9523 9521 9820
f 9787 943 9819
f 715 9523 997
f 946 9788 1000
f 9524 716 10592
f 9788 952 1001
f 958 9789 1005
f 9789 961 1006
f 725 9525 1011
f 962 9791 1010
f 9527 726 9822
f 9791 9793 9821
f 9529 9527 9824
f 9793 9795 9823
f 9531 9529 9826
f 9795 9797 9825
f 9533 9531 9828
f 9797 9799 9827
f 9535 9533 9830
f 9799 963 9829
f 727 9535 1013
f 966 9800 1016
f 9536 728 10593
f 9800 972 1017
f 976 975 9832
f 735 976 9537
f 975 978 9831
f 980 734 9834
f 978 9801 9833
f 9802 980 9836
f 9801 9803 9835
f 9804 9802 9838
f 9803 9805 9837
f 9806 9804 9840
f 9805 9807 9839
f 9808 9806 9842
f 9807 9809 9841
f 9810 9808 9844
f 9809 983 9843
f 981 9810 9846
f 983 986 9845
f 737 981 9539
f 986 988 9847
f 988 738 9848
f 992 991 9850
f 741 992 9541
f 991 994 9849
f 996 740 9852
f 994 9811 9851
f 9812 996 9854
f 9811 9813 9853
f 9814 9812 9856
f 9813 9815 9855
f 9816 9814 9858
f 9815 9817 9857
f 9818 9816 9860
f 9817 9819 9859
f 9820 9818 9862
f 9819 999 9861
f 997 9820 9864
f 999 1002 9863
f 743 997 9543
f 1002 1004 9865
f 1004 744 9866
f 1008 1007 9868
f 747 1008 9545
f 1007 1010 9867
f 1012 746 9870
f 1010 9821 9869
f 9822 1012 9872
f 9821 9823 9871
f 9824 9822 9874
f 9823 9825 9873
f 9826 9824 9876
f 9825 9827 9875
f 9828 9826 9878
f 9827 9829 9877
f 9830 9828 9880
f 9829 1015 9879
f 1013 9830 9882
f 1015 1018 9881
f 749 1013 9547
f 1018 1020 9883
f 1020 750 9884
f 9832 9831 9886
f 9537 9832 9549
f 9831 9833 9885
f 9834 9538 9888
f 9833 9835 9887
f 9836 9834 9890
f 9835 9837 9889
f 9838 9836 9892
f 9837 9839 9891
f 9840 9838 9894
f 9839 9841 9893
f 9842 9840 9896
f 9841 9843 9895
f 9844 9842 9898
f 9843 9845 9897
f 9846 9844 9900
f 9845 9847 9899
f 9539 9846 9551
f 9847 9848 9901
f 9848 9540 9902
f 9850 9849 9904
f 9541 9850 9553
f 9849 9851 9903
f 9852 9542 9906
f 9851 9853 9905
f 9854 9852 9908
f 9853 9855 9907
f 9856 9854 9910
f 9855 9857 9909
f 9858 9856 9912
f 9857 9859 9911
f 9860 9858 9914
f 9859 9861 9913
f 9862 9860 9916
f 9861 9863 9915
f 9864 9862 9918
f 9863 9865 9917
f 9543 9864 9555
f 9865 9866 9919
f 9866 9544 9920
f 9868 9867 9922
f 9545 9868 9557
f 9867 9869 9921
f 9870 9546 9924
f 9869 9871 9923
f 9872 9870 9926
f 9871 9873 9925
f 9874 9872 9928
f 9873 9875 9927
f 9876 9874 9930
f 9875 9877 9929
f 9878 9876 9932
f 9877 9879 9931
f 9880 9878 9934
f 9879 9881 9933
f 9882 9880 9936
f 9881 9883 9935
f 9547 9882 9559
f 9883 9884 9937
f 9884 9548 9938
f 9886 9885 9940
f 9549 9886 9561
f 9885 9887 9939
f 9888 9550 9942
f 9887 9889 9941
f 9890 9888 9944
f 9889 9891 9943
f 9892 9890 9946
f 9891 9893 9945
f 9894 9892 9948
f 9893 9895 9947
f 9896 9894 9950
f 9895 9897 9949
f 9898 9896 9952
f 9897 9899 9951
f 9900 9898 9954
f 9899 9901 9953
f 9551 9900 9563
f 9901 9902 9955
f 9902 9552 9956
f 9904 9903 9958
f 9553 9904 9565
f 9903 9905 9957
f 9906 9554 9960
f 9905 9907 9959
f 9908 9906 9962
f 9907 9909 9961
f 9910 9908 9964
f 9909 9911 9963
f 9912 9910 9966
f 9911 9913 9965
f 9914 9912 9968
f 9913 9915 9967
f 9916 9914 9970
f 9915 9917 9969
f 9918 9916 9972
f 9917 9919 9971
f 9555 9918 9567
f 9919 9920 9973
f 9920 9556 9974
f 9922 9921 9976
f 9557 9922 9569
f 9921 9923 9975
f 9924 9558 9978
f 9923 9925 9977
f 9926 9924 9980
f 9925 9927 9979
f 9928 9926 9982
f 9927 9929 9981
f 9930 9928 9984
f 9929 9931 9983
f 9932 9930 9986
f 9931 9933 9985
f 9934 9932 9988
f 9933 9935 9987
f 9936 9934 9990
f 9935 9937 9989
f 9559 9936 9571
f 9937 9938 9991
f 9938 9560 9992
f 9940 9939 9994
f 9561 9940 9573
f 9939 9941 9993
f 9942 9562 9996
f 9941 9943 9995
f 9944 9942 9998
f 9943 9945 9997
f 9946 9944 10000
f 9945 9947 9999
f 9948 9946 10002
f 9947 9949 10001
f 9950 9948 10004
f 9949 9951 10003
f 9952 9950 10006
f 9951 9953 10005
f 9954 9952 10008
f 9953 9955 10007
f 9563 9954 9575
f 9955 9956 10009
f 9956 9564 10010
f 9958 9957 10012
f 9565 9958 9577
f 9957 9959 10011
f 9960 9566 10014
f 9959 9961 10013
f 9962 9960 10016
f 9961 9963 10015
f 9964 9962 10018
f 9963 9965 10017
f 9966 9964 10020
f 9965 9967 10019
f 9968 9966 10022
f 9967 9969 10021
f 9970 9968 10024
f 9969 9971 10023
f 9972 9970 10026
f 9971 9973 10025
f 9567 9972 9579
f 9973 9974 10027
f 9974 9568 10028
f 9976 9975 10030
f 9569 9976 9581
f 9975 9977 10029
f 9978 9570 10032
f 9977 9979 10031
f 9980 9978 10034
f 9979 9981 10033
f 9982 9980 10036
f 9981 9983 10035
f 9984 9982 10038
f 9983 9985 10037
f 9986 9984 10040
f 9985 9987 10039
f 9988 9986 10042
f 9987 9989 10041
f 9990 9988 10044
f 9989 9991 10043
f 9571 9990 9583
f 9991 9992 10045
f 9992 9572 10046
f 9994 9993 10048
f 9573 9994 9585
f 9993 9995 10047
f 9996 9574 10050
f 9995 9997 10049
f 9998 9996 10052
f 9997 9999 10051
f 10000 9998 10054
f 9999 10001 10053
f 10002 10000 10056
f 10001 10003 10055
f 10004 10002 10058
f 10003 10005 10057
f 10006 10004 10060
f 10005 10007 10059
f 10008 10006 10062
f 10007 10009 10061
f 9575 10008 9587
f 10009 10010 10063
f 10010 9576 10064
f 10012 10011 10066
f 9577 10012 9589
f 10011 10013 10065
f 10014 9578 10068
f 10013 10015 10067
f 10016 10014 10070
f 10015 10017 10069
f 10018 10016 10072
f 10017 10019 10071
f 10020 10018 10074
f 10019 10021 10073
f 10022 10020 10076
f 10021 10023 10075
f 10024 10022 10078
f 10023 10025 10077
f 10026 10024 10080
f 10025 10027 10079
f 9579 10026 9591
f 10027 10028 10081
f 10028 9580 10082
f 10030 10029 10084
f 9581 10030 9593
f 10029 10031 10083
f 10032 9582 10086
f 10031 10033 10085
f 10034 10032 10088
f 10033 10035 10087
f 10036 10034 10090
f 10035 10037 10089
f 10038 10036 10092
f 10037 10039 10091
f 10040 10038 10094
f 10039 10041 10093
f 10042 10040 10096
f 10041 10043 10095
f 10044 10042 10098
f 10043 10045 10097
f 9583 10044 9595
f 10045 10046 10099
f 10046 9584 10100
f 10048 10047 1021
f 9585 10048 763
f 10047 10049 1022
f 10050 9586 1027
f 10049 10051 1025
f 10052 10050 10102
f 10051 10053 10101
f 10054 10052 10104
f 10053 10055 10103
f 10056 10054 10106
f 10055 10057 10105
f 10058 10056 10108
f 10057 10059 10107
f 10060 10058 10110
f 10059 10061 10109
f 10062 10060 1033
f 10061 10063 1029
f 9587 10062 753
f 10063 10064 1030
f 10064 9588 1035
f 10066 10065 1037
f 9589 10066 767
f 10065 10067 1038
f 10068 9590 1043
f 10067 10069 1041
f 10070 10068 10112
f 10069 10071 10111
f 10072 10070 10114
f 10071 10073 10113
f 10074 10072 10116
f 10073 10075 10115
f 10076 10074 10118
f 10075 10077 10117
f 10078 10076 10120
f 10077 10079 10119
f 10080 10078 1049
f 10079 10081 1045
f 9591 10080 757
f 10081 10082 1046
f 10082 9592 1051
f 10084 10083 1053
f 9593 10084 771
f 10083 10085 1054
f 10086 9594 1059
f 10085 10087 1057
f 10088 10086 10122
f 10087 10089 10121
f 10090 10088 10124
f 10089 10091 10123
f 10092 10090 10126
f 10091 10093 10125
f 10094 10092 10128
f 10093 10095 10127
f 10096 10094 10130
f 10095 10097 10129
f 10098 10096 1065
f 10097 10099 1061
f 9595 10098 761
f 10099 10100 1062
f 10100 9596 1067
f 1024 1023 1070
f 1023 1026 10131
f 1028 752 10594
f 1025 10101 1072
f 10102 1027 9603
f 10101 10103 10132
f 10104 10102 9605
f 10103 10105 10133
f 10106 10104 9607
f 10105 10107 10134
f 10108 10106 9609
f 10107 10109 10135
f 10110 10108 9611
f 10109 1029 10136
f 1033 10110 780
f 1032 1031 1074
f 754 1034 9598
f 1031 1036 10137
f 1040 1039 1078
f 1039 1042 10138
f 1044 756 10595
f 1041 10111 1080
f 10112 1043 9613
f 10111 10113 10139
f 10114 10112 9615
f 10113 10115 10140
f 10116 10114 9617
f 10115 10117 10141
f 10118 10116 9619
f 10117 10119 10142
f 10120 10118 9621
f 10119 1045 10143
f 1049 10120 790
f 1048 1047 1082
f 758 1050 9600
f 1047 1052 10144
f 1056 1055 1086
f 1055 1058 10145
f 1060 760 10596
f 1057 10121 1088
f 10122 1059 9623
f 10121 10123 10146
f 10124 10122 9625
f 10123 10125 10147
f 10126 10124 9627
f 10125 10127 10148
f 10128 10126 9629
f 10127 10129 10149
f 10130 10128 9631
f 10129 1061 10150
f 1065 10130 800
f 1064 1063 1090
f 762 1066 9602
f 1063 1068 10151
f 1070 10131 1093
f 10131 1071 1094
f 1072 10132 1098
f 777 1098 9604
f 10132 10133 10152
f 9604 10152 9606
f 10133 10134 10153
f 9606 10153 9608
f 10134 10135 10154
f 9608 10154 9610
f 10135 10136 10155
f 9610 10155 9612
f 10136 1073 10156
f 9612 10156 782
f 1074 10137 1100
f 10137 1076 1101
f 1078 10138 1105
f 10138 1079 1106
f 1080 10139 1110
f 787 1110 9614
f 10139 10140 10157
f 9614 10157 9616
f 10140 10141 10158
f 9616 10158 9618
f 10141 10142 10159
f 9618 10159 9620
f 10142 10143 10160
f 9620 10160 9622
f 10143 1081 10161
f 9622 10161 792
f 1082 10144 1112
f 10144 1084 1113
f 1086 10145 1117
f 10145 1087 1118
f 1088 10146 1122
f 797 1122 9624
f 10146 10147 10162
f 9624 10162 9626
f 10147 10148 10163
f 9626 10163 9628
f 10148 10149 10164
f 9628 10164 9630
f 10149 10150 10165
f 9630 10165 9632
f 10150 1089 10166
f 9632 10166 802
f 1090 10151 1124
f 10151 1092 1125
f 1132 1131 1134
f 1131 1136 10167
f 808 9634 1135
f 1135 10168 1138
f 9634 9636 10168
f 10168 10170 10169
f 9636 9638 10170
f 10170 10172 10171
f 9638 9640 10172
f 10172 10174 10173
f 9640 9642 10174
f 10174 10176 10175
f 9642 813 10176
f 10176 1140 10177
f 1141 1144 1142
f 1144 1146 10178
f 1152 1151 1154
f 1151 1156 10179
f 820 9646 1155
f 1155 10180 1158
f 9646 9648 10180
f 10180 10182 10181
f 9648 9650 10182
f 10182 10184 10183
f 9650 9652 10184
f 10184 10186 10185
f 9652 9654 10186
f 10186 10188 10187
f 9654 825 10188
f 10188 1160 10189
f 1161 1164 1162
f 1164 1166 10190
f 1172 1171 1174
f 1171 1176 10191
f 832 9658 1175
f 1175 10192 1178
f 9658 9660 10192
f 10192 10194 10193
f 9660 9662 10194
f 10194 10196 10195
f 9662 9664 10196
f 10196 10198 10197
f 9664 9666 10198
f 10198 10200 10199
f 9666 837 10200
f 10200 1180 10201
f 1181 1184 1182
f 1184 1186 10202
f 1134 10167 1189
f 10167 1137 1190
f 809 9633 1195
f 1138 10169 1194
f 9635 810 10204
f 10169 10171 10203
f 9637 9635 10206
f 10171 10173 10205
f 9639 9637 10208
f 10173 10175 10207
f 9641 9639 10210
f 10175 10177 10209
f 9643 9641 10212
f 10177 1139 10211
f 811 9643 1197
f 1142 10178 1200
f 9644 812 10597
f 10178 1148 1201
f 1154 10179 1205
f 10179 1157 1206
f 821 9645 1211
f 1158 10181 1210
f 9647 822 10214
f 10181 10183 10213
f 9649 9647 10216
f 10183 10185 10215
f 9651 9649 10218
f 10185 10187 10217
f 9653 9651 10220
f 10187 10189 10219
f 9655 9653 10222
f 10189 1159 10221
f 823 9655 1213
f 1162 10190 1216
f 9656 824 10598
f 10190 1168 1217
f 1174 10191 1221
f 10191 1177 1222
f 833 9657 1227
f 1178 10193 1226
f 9659 834 10224
f 10193 10195 10223
f 9661 9659 10226
f 10195 10197 10225
f 9663 9661 10228
f 10197 10199 10227
f 9665 9663 10230
f 10199 10201 10229
f 9667 9665 10232
f 10201 1179 10231
f 835 9667 1229
f 1182 10202 1232
f 9668 836 10599
f 10202 1188 1233
f 1192 1191 10234
f 843 1192 9669
f 1191 1194 10233
f 1196 842 10236
f 1194 10203 10235
f 10204 1196 10238
f 10203 10205 10237
f 10206 10204 10240
f 10205 10207 10239
f 10208 10206 10242
f 10207 10209 10241
f 10210 10208 10244
f 10209 10211 10243
f 10212 10210 10246
f 10211 1199 10245
f 1197 10212 10248
f 1199 1202 10247
f 845 1197 9671
f 1202 1204 10249
f 1204 846 10250
f 1208 1207 10252
f 849 1208 9673
f 1207 1210 10251
f 1212 848 10254
f 1210 10213 10253
f 10214 1212 10256
f 10213 10215 10255
f 10216 10214 10258
f 10215 10217 10257
f 10218 10216 10260
f 10217 10219 10259
f 10220 10218 10262
f 10219 10221 10261
f 10222 10220 10264
f 10221 1215 10263
f 1213 10222 10266
f 1215 1218 10265
f 851 1213 9675
f 1218 1220 10267
f 1220 852 10268
f 1224 1223 10270
f 855 1224 9677
f 1223 1226 10269
f 1228 854 10272
f 1226 10223 10271
f 10224 1228 10274
f 10223 10225 10273
f 10226 10224 10276
f 10225 10227 10275
f 10228 10226 10278
f 10227 10229 10277
f 10230 10228 10280
f 10229 10231 10279
f 10232 10230 10282
f 10231 1231 10281
f 1229 10232 10284
f 1231 1234 10283
f 857 1229 9679
f 1234 1236 10285
f 1236 858 10286
f 10234 10233 10288
f 9669 10234 9681
f 10233 10235 10287
f 10236 9670 10290
f 10235 10237 10289
f 10238 10236 10292
f 10237 10239 10291
f 10240 10238 10294
f 10239 10241 10293
f 10242 10240 10296
f 10241 10243 10295
f 10244 10242 10298
f 10243 10245 10297
f 10246 10244 10300
f 10245 10247 10299
f 10248 10246 10302
f 10247 10249 10301
f 9671 10248 9683
f 10249 10250 10303
f 10250 9672 10304
f 10252 10251 10306
f 9673 10252 9685
f 10251 10253 10305
f 10254 9674 10308
f 10253 10255 10307
f 10256 10254 10310
f 10255 10257 10309
f 10258 10256 10312
f 10257 10259 10311
f 10260 10258 10314
f 10259 10261 10313
f 10262 10260 10316
f 10261 10263 10315
f 10264 10262 10318
f 10263 10265 10317
f 10266 10264 10320
f 10265 10267 10319
f 9675 10266 9687
f 10267 10268 10321
f 10268 9676 10322
f 10270 10269 10324
f 9677 10270 9689
f 10269 10271 10323
f 10272 9678 10326
f 10271 10273 10325
f 10274 10272 10328
f 10273 10275 10327
f 10276 10274 10330
f 10275 10277 10329
f 10278 10276 10332
f 10277 10279 10331
f 10280 10278 10334
f 10279 10281 10333
f 10282 10280 10336
f 10281 10283 10335
f 10284 10282 10338
f 10283 10285 10337
f 9679 10284 9691
f 10285 10286 10339
f 10286 9680 10340
f 10288 10287 10342
f 9681 10288 9693
f 10287 10289 10341
f 10290 9682 10344
f 10289 10291 10343
f 10292 10290 10346
f 10291 10293 10345
f 10294 10292 10348
f 10293 10295 10347
f 10296 10294 10350
f 10295 10297 10349
f 10298 10296 10352
f 10297 10299 10351
f 10300 10298 10354
f 10299 10301 10353
f 10302 10300 10356
f 10301 10303 10355
f 9683 10302 9695
f 10303 10304 10357
f 10304 9684 10358
f 10306 10305 10360
f 9685 10306 9697
f 10305 10307 10359
f 10308 9686 10362
f 10307 10309 10361
f 10310 10308 10364
f 10309 10311 10363
f 10312 10310 10366
f 10311 10313 10365
f 10314 10312 10368
f 10313 10315 10367
f 10316 10314 10370
f 10315 10317 10369
f 10318 10316 10372
f 10317 10319 10371
f 10320 10318 10374
f 10319 10321 10373
f 9687 10320 9699
f 10321 10322 10375
f 10322 9688 10376
f 10324 10323 10378
f 9689 10324 9701
f 10323 10325 10377
f 10326 9690 10380
f 10325 10327 10379
f 10328 10326 10382
f 10327 10329 10381
f 10330 10328 10384
f 10329 10331 10383
f 10332 10330 10386
f 10331 10333 10385
f 10334 10332 10388
f 10333 10335 10387
f 10336 10334 10390
f 10335 10337 10389
f 10338 10336 10392
f 10337 10339 10391
f 9691 10338 9703
f 10339 10340 10393
f 10340 9692 10394
f 10342 10341 10396
f 9693 10342 9705
f 10341 10343 10395
f 10344 9694 10398
f 10343 10345 10397
f 10346 10344 10400
f 10345 10347 10399
f 10348 10346 10402
f 10347 10349 10401
f 10350 10348 10404
f 10349 10351 10403
f 10352 10350 10406
f 10351 10353 10405
f 10354 10352 10408
f 10353 10355 10407
f 10356 10354 10410
f 10355 10357 10409
f 9695 10356 9707
f 10357 10358 10411
f 10358 9696 10412
f 10360 10359 10414
f 9697 10360 9709
f 10359 10361 10413
f 10362 9698 10416
f 10361 10363 10415
f 10364 10362 10418
f 10363 10365 10417
f 10366 10364 10420
f 10365 10367 10419
f 10368 10366 10422
f 10367 10369 10421
f 10370 10368 10424
f 10369 10371 10423
f 10372 10370 10426
f 10371 10373 10425
f 10374 10372 10428
f 10373 10375 10427
f 9699 10374 9711
f 10375 10376 10429
f 10376 9700 10430
f 10378 10377 10432
f 9701 10378 9713
f 10377 10379 10431
f 10380 9702 10434
f 10379 10381 10433
f 10382 10380 10436
f 10381 10383 10435
f 10384 10382 10438
f 10383 10385 10437
f 10386 10384 10440
f 10385 10387 10439
f 10388 10386 10442
f 10387 10389 10441
f 10390 10388 10444
f 10389 10391 10443
f 10392 10390 10446
f 10391 10393 10445
f 9703 10392 9715
f 10393 10394 10447
f 10394 9704 10448
f 10396 10395 10450
f 9705 10396 9717
f 10395 10397 10449
f 10398 9706 10452
f 10397 10399 10451
f 10400 10398 10454
f 10399 10401 10453
f 10402 10400 10456
f 10401 10403 10455
f 10404 10402 10458
f 10403 10405 10457
f 10406 10404 10460
f 10405 10407 10459
f 10408 10406 10462
f 10407 10409 10461
f 10410 10408 10464
f 10409 10411 10463
f 9707 10410 9719
f 10411 10412 10465
f 10412 9708 10466
f 10414 10413 10468
f 9709 10414 9721
f 10413 10415 10467
f 10416 9710 10470
f 10415 10417 10469
f 10418 10416 10472
f 10417 10419 10471
f 10420 10418 10474
f 10419 10421 10473
f 10422 10420 10476
f 10421 10423 10475
f 10424 10422 10478
f 10423 10425 10477
f 10426 10424 10480
f 10425 10427 10479
f 10428 10426 10482
f 10427 10429 10481
f 9711 10428 9723
f 10429 10430 10483
f 10430 9712 10484
f 10432 10431 10486
f 9713 10432 9725
f 10431 10433 10485
f 10434 9714 10488
f 10433 10435 10487
f 10436 10434 10490
f 10435 10437 10489
f 10438 10436 10492
f 10437 10439 10491
f 10440 10438 10494
f 10439 10441 10493
f 10442 10440 10496
f 10441 10443 10495
f 10444 10442 10498
f 10443 10445 10497
f 10446 10444 10500
f 10445 10447 10499
f 9715 10446 9727
f 10447 10448 10501
f 10448 9716 10502
f 10450 10449 1237
f 9717 10450 871
f 10449 10451 1238
f 10452 9718 1243
f 10451 10453 1241
f 10454 10452 10504
f 10453 10455 10503
f 10456 10454 10506
f 10455 10457 10505
f 10458 10456 10508
f 10457 10459 10507
f 10460 10458 10510
f 10459 10461 10509
f 10462 10460 10512
f 10461 10463 10511
f 10464 10462 1249
f 10463 10465 1245
f 9719 10464 861
f 10465 10466 1246
f 10466 9720 1251
f 10468 10467 1253
f 9721 10468 875
f 10467 10469 1254
f 10470 9722 1259
f 10469 10471 1257
f 10472 10470 10514
f 10471 10473 10513
f 10474 10472 10516
f 10473 10475 10515
f 10476 10474 10518
f 10475 10477 10517
f 10478 10476 10520
f 10477 10479 10519
f 10480 10478 10522
f 10479 10481 10521
f 10482 10480 1265
f 10481 10483 1261
f 9723 10482 865
f 10483 10484 1262
f 10484 9724 1267
f 10486 10485 1269
f 9725 10486 879
f 10485 10487 1270
f 10488 9726 1275
f 10487 10489 1273
f 10490 10488 10524
f 10489 10491 10523
f 10492 10490 10526
f 10491 10493 10525
f 10494 10492 10528
f 10493 10495 10527
f 10496 10494 10530
f 10495 10497 10529
f 10498 10496 10532
f 10497 10499 10531
f 10500 10498 1281
f 10499 10501 1277
f 9727 10500 869
f 10501 10502 1278
f 10502 9728 1283
f 1240 1239 1286
f 1239 1242 10533
f 1244 860 10600
f 1241 10503 1288
f 10504 1243 9735
f 10503 10505 10534
f 10506 10504 9737
f 10505 10507 10535
f 10508 10506 9739
f 10507 10509 10536
f 10510 10508 9741
f 10509 10511 10537
f 10512 10510 9743
f 10511 1245 10538
f 1249 10512 888
f 1248 1247 1290
f 862 1250 9730
f 1247 1252 10539
f 1256 1255 1294
f 1255 1258 10540
f 1260 864 10601
f 1257 10513 1296
f 10514 1259 9745
f 10513 10515 10541
f 10516 10514 9747
f 10515 10517 10542
f 10518 10516 9749
f 10517 10519 10543
f 10520 10518 9751
f 10519 10521 10544
f 10522 10520 9753
f 10521 1261 10545
f 1265 10522 898
f 1264 1263 1298
f 866 1266 9732
f 1263 1268 10546
f 1272 1271 1302
f 1271 1274 10547
f 1276 868 10602
f 1273 10523 1304
f 10524 1275 9755
f 10523 10525 10548
f 10526 10524 9757
f 10525 10527 10549
f 10528 10526 9759
f 10527 10529 10550
f 10530 10528 9761
f 10529 10531 10551
f 10532 10530 9763
f 10531 1277 10552
f 1281 10532 908
f 1280 1279 1306
f 870 1282 9734
f 1279 1284 10553
f 1286 10533 1309
f 10533 1287 1310
f 1288 10534 1314
f 885 1314 9736
f 10534 10535 10554
f 9736 10554 9738
f 10535 10536 10555
f 9738 10555 9740
f 10536 10537 10556
f 9740 10556 9742
f 10537 10538 10557
f 9742 10557 9744
f 10538 1289 10558
f 9744 10558 890
f 1290 10539 1316
f 10539 1292 1317
f 1294 10540 1321
f 10540 1295 1322
f 1296 10541 1326
f 895 1326 9746
f 10541 10542 10559
f 9746 10559 9748
f 10542 10543 10560
f 9748 10560 9750
f 10543 10544 10561
f 9750 10561 9752
f 10544 10545 10562
f 9752 10562 9754
f 10545 1297 10563
f 9754 10563 900
f 1298 10546 1328
f 10546 1300 1329
f 1302 10547 1333
f 10547 1303 1334
f 1304 10548 1338
f 905 1338 9756
f 10548 10549 10564
f 9756 10564 9758
f 10549 10550 10565
f 9758 10565 9760
f 10550 10551 10566
f 9760 10566 9762
f 10551 10552 10567
f 9762 10567 9764
f 10552 1305 10568
f 9764 10568 910
f 1306 10553 1340
f 10553 1308 1341
f 2 3 4
f 6 7 8
f 10 11 12
f 14 15 16
f 18 19 20
f 22 23 24
f 25 26 3
f 5 8 28
f 29 30 11
f 13 16 32
f 33 34 19
f 21 24 36
f 38 39 40
f 42 43 44
f 46 47 48
f 50 51 52
f 54 55 56
f 58 59 60
f 61 62 39
f 41 44 64
f 65 66 47
f 49 52 68
f 69 70 55
f 57 60 72
f 74 75 76
f 78 79 80
f 82 83 84
f 86 87 88
f 90 91 92
f 94 95 96
f 97 98 75
f 77 80 100
f 101 102 83
f 85 88 104
f 105 106 91
f 93 96 108
f 110 111 112
f 114 115 116
f 118 119 120
f 122 123 124
f 126 127 128
f 130 131 132
f 133 134 111
f 113 116 136
f 137 138 119
f 121 124 140
f 141 142 127
f 129 132 144
f 146 147 148
f 146 145 150
f 147 151 152
f 153 154 1
f 155 156 7
f 158 159 160
f 159 161 162
f 161 163 164
f 166 167 168
f 166 165 170
f 167 171 172
f 173 174 9
f 175 176 15
f 178 179 180
f 179 181 182
f 181 183 184
f 186 187 188
f 186 185 190
f 187 191 192
f 193 194 17
f 195 196 23
f 198 199 200
f 199 201 202
f 201 203 204
f 26 25 206
f 149 150 208
f 209 210 27
f 163 211 212
f 30 29 214
f 169 170 216
f 217 218 31
f 183 219 220
f 34 33 222
f 189 190 224
f 225 226 35
f 203 227 228
f 37 40 230
f 231 232 43
f 45 48 234
f 235 236 51
f 53 56 238
f 239 240 59
f 242 243 244
f 246 247 248
f 250 251 252
f 254 255 256
f 258 259 260
f 262 263 264
f 266 267 268
f 241 244 266
f 267 269 270
f 62 61 272
f 63 64 274
f 276 277 278
f 277 279 280
f 247 280 279
f 282 283 284
f 249 252 282
f 283 285 286
f 66 65 288
f 67 68 290
f 292 293 294
f 293 295 296
f 255 296 295
f 298 299 300
f 257 260 298
f 299 301 302
f 70 69 304
f 71 72 306
f 308 309 310
f 309 311 312
f 263 312 311
f 314 315 316
f 314 313 318
f 315 319 320
f 321 322 73
f 323 324 79
f 326 327 328
f 327 329 330
f 329 331 332
f 334 335 336
f 334 333 338
f 335 339 340
f 341 342 81
f 343 344 87
f 346 347 348
f 347 349 350
f 349 351 352
f 354 355 356
f 354 353 358
f 355 359 360
f 361 362 89
f 363 364 95
f 366 367 368
f 367 369 370
f 369 371 372
f 98 97 374
f 317 318 376
f 377 378 99
f 331 379 380
f 102 101 382
f 337 338 384
f 385 386 103
f 351 387 388
f 106 105 390
f 357 358 392
f 393 394 107
f 371 395 396
f 109 112 398
f 399 400 115
f 117 120 402
f 403 404 123
f 125 128 406
f 407 408 131
f 410 411 412
f 414 415 416
f 418 419 420
f 422 423 424
f 426 427 428
f 430 431 432
f 434 435 436
f 409 412 434
f 435 437 438
f 134 133 440
f 135 136 442
f 444 445 446
f 445 447 448
f 415 448 447
f 450 451 452
f 417 420 450
f 451 453 454
f 138 137 456
f 139 140 458
f 460 461 462
f 461 463 464
f 423 464 463
f 466 467 468
f 425 428 466
f 467 469 470
f 142 141 472
f 143 144 474
f 476 477 478
f 477 479 480
f 431 480 479
f 145 148 482
f 145 481 483
f 148 152 484
f 485 486 154
f 487 488 156
f 157 160 490
f 160 162 491
f 162 164 492
f 165 168 494
f 165 493 495
f 168 172 496
f 497 498 174
f 499 500 176
f 177 180 502
f 180 182 503
f 182 184 504
f 185 188 506
f 185 505 507
f 188 192 508
f 509 510 194
f 511 512 196
f 197 200 514
f 200 202 515
f 202 204 516
f 205 206 518
f 150 483 519
f 520 521 210
f 164 212 522
f 213 214 524
f 170 495 525
f 526 527 218
f 184 220 528
f 221 222 530
f 190 507 531
f 532 533 226
f 204 228 534
f 229 230 536
f 537 538 232
f 233 234 540
f 541 542 236
f 237 238 544
f 545 546 240
f 243 547 548
f 245 248 550
f 251 551 552
f 253 256 554
f 259 555 556
f 261 264 558
f 559 560 267
f 244 548 559
f 560 561 269
f 271 272 563
f 273 274 565
f 566 567 277
f 567 568 279
f 248 279 568
f 569 570 283
f 252 552 569
f 570 571 285
f 287 288 573
f 289 290 575
f 576 577 293
f 577 578 295
f 256 295 578
f 579 580 299
f 260 556 579
f 580 581 301
f 303 304 583
f 305 306 585
f 586 587 309
f 587 588 311
f 264 311 588
f 313 316 590
f 313 589 591
f 316 320 592
f 593 594 322
f 595 596 324
f 325 328 598
f 328 330 599
f 330 332 600
f 333 336 602
f 333 601 603
f 336 340 604
f 605 606 342
f 607 608 344
f 345 348 610
f 348 350 611
f 350 352 612
f 353 356 614
f 353 613 615
f 356 360 616
f 617 618 362
f 619 620 364
f 365 368 622
f 368 370 623
f 370 372 624
f 373 374 626
f 318 591 627
f 628 629 378
f 332 380 630
f 381 382 632
f 338 603 633
f 634 635 386
f 352 388 636
f 389 390 638
f 358 615 639
f 640 641 394
f 372 396 642
f 397 398 644
f 645 646 400
f 401 402 648
f 649 650 404
f 405 406 652
f 653 654 408
f 411 655 656
f 413 416 658
f 419 659 660
f 421 424 662
f 427 663 664
f 429 432 666
f 667 668 435
f 412 656 667
f 668 669 437
f 439 440 671
f 441 442 673
f 674 675 445
f 675 676 447
f 416 447 676
f 677 678 451
f 420 660 677
f 678 679 453
f 455 456 681
f 457 458 683
f 684 685 461
f 685 686 463
f 424 463 686
f 687 688 467
f 428 664 687
f 688 689 469
f 471 472 691
f 473 474 693
f 694 695 477
f 695 696 479
f 432 479 696
f 481 482 698
f 481 697 699
f 482 484 700
f 701 702 486
f 703 704 488
f 489 490 706
f 490 491 707
f 491 492 708
f 493 494 710
f 493 709 711
f 494 496 712
f 713 714 498
f 715 716 500
f 501 502 718
f 502 503 719
f 503 504 720
f 505 506 722
f 505 721 723
f 506 508 724
f 725 726 510
f 727 728 512
f 513 514 730
f 514 515 731
f 515 516 732
f 517 518 734
f 483 699 735
f 736 737 521
f 492 522 738
f 523 524 740
f 495 711 741
f 742 743 527
f 504 528 744
f 529 530 746
f 507 723 747
f 748 749 533
f 516 534 750
f 535 536 752
f 753 754 538
f 539 540 756
f 757 758 542
f 543 544 760
f 761 762 546
f 547 763 764
f 549 550 766
f 551 767 768
f 553 554 770
f 555 771 772
f 557 558 774
f 775 776 560
f 548 764 775
f 776 777 561
f 562 563 779
f 564 565 781
f 782 783 567
f 783 784 568
f 550 568 784
f 785 786 570
f 552 768 785
f 786 787 571
f 572 573 789
f 574 575 791
f 792 793 577
f 793 794 578
f 554 578 794
f 795 796 580
f 556 772 795
f 796 797 581
f 582 583 799
f 584 585 801
f 802 803 587
f 803 804 588
f 558 588 804
f 589 590 806
f 589 805 807
f 590 592 808
f 809 810 594
f 811 812 596
f 597 598 814
f 598 599 815
f 599 600 816
f 601 602 818
f 601 817 819
f 602 604 820
f 821 822 606
f 823 824 608
f 609 610 826
f 610 611 827
f 611 612 828
f 613 614 830
f 613 829 831
f 614 616 832
f 833 834 618
f 835 836 620
f 621 622 838
f 622 623 839
f 623 624 840
f 625 626 842
f 591 807 843
f 844 845 629
f 600 630 846
f 631 632 848
f 603 819 849
f 850 851 635
f 612 636 852
f 637 638 854
f 615 831 855
f 856 857 641
f 624 642 858
f 643 644 860
f 861 862 646
f 647 648 864
f 865 866 650
f 651 652 868
f 869 870 654
f 655 871 872
f 657 658 874
f 659 875 876
f 661 662 878
f 663 879 880
f 665 666 882
f 883 884 668
f 656 872 883
f 884 885 669
f 670 671 887
f 672 673 889
f 890 891 675
f 891 892 676
f 658 676 892
f 893 894 678
f 660 876 893
f 894 895 679
f 680 681 897
f 682 683 899
f 900 901 685
f 901 902 686
f 662 686 902
f 903 904 688
f 664 880 903
f 904 905 689
f 690 691 907
f 692 693 909
f 910 911 695
f 911 912 696
f 666 696 912
f 697 698 914
f 914 915 916
f 697 913 917
f 913 916 918
f 698 700 919
f 919 920 915
f 920 919 922
f 924 925 926
f 705 706 927
f 927 928 925
f 706 707 929
f 929 930 928
f 707 708 931
f 930 929 931
f 709 710 934
f 934 935 936
f 709 933 937
f 933 936 938
f 710 712 939
f 939 940 935
f 940 939 942
f 944 945 946
f 717 718 947
f 947 948 945
f 718 719 949
f 949 950 948
f 719 720 951
f 950 949 951
f 721 722 954
f 954 955 956
f 721 953 957
f 953 956 958
f 722 724 959
f 959 960 955
f 960 959 962
f 964 965 966
f 729 730 967
f 967 968 965
f 730 731 969
f 969 970 968
f 731 732 971
f 970 969 971
f 974 975 976
f 699 917 976
f 917 918 973
f 977 978 975
f 733 734 980
f 979 980 702
f 921 922 978
f 981 982 704
f 923 926 984
f 985 986 983
f 982 981 737
f 987 988 986
f 708 738 988
f 932 931 988
f 990 991 992
f 711 937 992
f 937 938 989
f 993 994 991
f 739 740 996
f 995 996 714
f 941 942 994
f 997 998 716
f 943 946 1000
f 1001 1002 999
f 998 997 743
f 1003 1004 1002
f 720 744 1004
f 952 951 1004
f 1006 1007 1008
f 723 957 1008
f 957 958 1005
f 1009 1010 1007
f 745 746 1012
f 1011 1012 726
f 961 962 1010
f 1013 1014 728
f 963 966 1016
f 1017 1018 1015
f 1014 1013 749
f 1019 1020 1018
f 732 750 1020
f 972 971 1020
f 1022 1023 1024
f 1025 1026 1023
f 751 752 1028
f 1030 1031 1032
f 1033 1034 754
f 1035 1036 1031
f 1038 1039 1040
f 1041 1042 1039
f 755 756 1044
f 1046 1047 1048
f 1049 1050 758
f 1051 1052 1047
f 1054 1055 1056
f 1057 1058 1055
f 759 760 1060
f 1062 1063 1064
f 1065 1066 762
f 1067 1068 1063
f 763 1021 1069
f 1021 1024 1070
f 778 779 1027
f 1026 1025 1072
f 780 781 1034
f 1029 1032 1074
f 765 766 1075
f 1036 1035 1075
f 767 1037 1077
f 1037 1040 1078
f 788 789 1043
f 1042 1041 1080
f 790 791 1050
f 1045 1048 1082
f 769 770 1083
f 1052 1051 1083
f 771 1053 1085
f 1053 1056 1086
f 798 799 1059
f 1058 1057 1088
f 800 801 1066
f 1061 1064 1090
f 773 774 1091
f 1068 1067 1091
f 1094 1095 1096
f 1096 1095 776
f 764 1069 1096
f 1069 1070 1093
f 1097 1098 1095
f 1095 1098 777
f 1071 1072 1098
f 1073 1074 1100
f 1101 1102 1099
f 1099 1102 783
f 1103 1104 1102
f 1102 1104 784
f 766 784 1104
f 1076 1075 1104
f 1106 1107 1108
f 1108 1107 786
f 768 1077 1108
f 1077 1078 1105
f 1109 1110 1107
f 1107 1110 787
f 1079 1080 1110
f 1081 1082 1112
f 1113 1114 1111
f 1111 1114 793
f 1115 1116 1114
f 1114 1116 794
f 770 794 1116
f 1084 1083 1116
f 1118 1119 1120
f 1120 1119 796
f 772 1085 1120
f 1085 1086 1117
f 1121 1122 1119
f 1119 1122 797
f 1087 1088 1122
f 1089 1090 1124
f 1125 1126 1123
f 1123 1126 803
f 1127 1128 1126
f 1126 1128 804
f 774 804 1128
f 1092 1091 1128
f 805 806 1130
f 1130 1131 1132
f 805 1129 1133
f 1129 1132 1134
f 806 808 1135
f 1135 1136 1131
f 1136 1135 1138
f 1140 1141 1142
f 813 814 1143
f 1143 1144 1141
f 814 815 1145
f 1145 1146 1144
f 815 816 1147
f 1146 1145 1147
f 817 818 1150
f 1150 1151 1152
f 817 1149 1153
f 1149 1152 1154
f 818 820 1155
f 1155 1156 1151
f 1156 1155 1158
f 1160 1161 1162
f 825 826 1163
f 1163 1164 1161
f 826 827 1165
f 1165 1166 1164
f 827 828 1167
f 1166 1165 1167
f 829 830 1170
f 1170 1171 1172
f 829 1169 1173
f 1169 1172 1174
f 830 832 1175
f 1175 1176 1171
f 1176 1175 1178
f 1180 1181 1182
f 837 838 1183
f 1183 1184 1181
f 838 839 1185
f 1185 1186 1184
f 839 840 1187
f 1186 1185 1187
f 1190 1191 1192
f 807 1133 1192
f 1133 1134 1189
f 1193 1194 1191
f 841 842 1196
f 1195 1196 810
f 1137 1138 1194
f 1197 1198 812
f 1139 1142 1200
f 1201 1202 1199
f 1198 1197 845
f 1203 1204 1202
f 816 846 1204
f 1148 1147 1204
f 1206 1207 1208
f 819 1153 1208
f 1153 1154 1205
f 1209 1210 1207
f 847 848 1212
f 1211 1212 822
f 1157 1158 1210
f 1213 1214 824
f 1159 1162 1216
f 1217 1218 1215
f 1214 1213 851
f 1219 1220 1218
f 828 852 1220
f 1168 1167 1220
f 1222 1223 1224
f 831 1173 1224
f 1173 1174 1221
f 1225 1226 1223
f 853 854 1228
f 1227 1228 834
f 1177 1178 1226
f 1229 1230 836
f 1179 1182 1232
f 1233 1234 1231
f 1230 1229 857
f 1235 1236 1234
f 840 858 1236
f 1188 1187 1236
f 1238 1239 1240
f 1241 1242 1239
f 859 860 1244
f 1246 1247 1248
f 1249 1250 862
f 1251 1252 1247
f 1254 1255 1256
f 1257 1258 1255
f 863 864 1260
f 1262 1263 1264
f 1265 1266 866
f 1267 1268 1263
f 1270 1271 1272
f 1273 1274 1271
f 867 868 1276
f 1278 1279 1280
f 1281 1282 870
f 1283 1284 1279
f 871 1237 1285
f 1237 1240 1286
f 886 887 1243
f 1242 1241 1288
f 888 889 1250
f 1245 1248 1290
f 873 874 1291
f 1252 1251 1291
f 875 1253 1293
f 1253 1256 1294
f 896 897 1259
f 1258 1257 1296
f 898 899 1266
f 1261 1264 1298
f 877 878 1299
f 1268 1267 1299
f 879 1269 1301
f 1269 1272 1302
f 906 907 1275
f 1274 1273 1304
f 908 909 1282
f 1277 1280 1306
f 881 882 1307
f 1284 1283 1307
f 1310 1311 1312
f 1312 1311 884
f 872 1285 1312
f 1285 1286 1309
f 1313 1314 1311
f 1311 1314 885
f 1287 1288 1314
f 1289 1290 1316
f 1317 1318 1315
f 1315 1318 891
f 1319 1320 1318
f 1318 1320 892
f 874 892 1320
f 1292 1291 1320
f 1322 1323 1324
f 1324 1323 894
f 876 1293 1324
f 1293 1294 1321
f 1325 1326 1323
f 1323 1326 895
f 1295 1296 1326
f 1297 1298 1328
f 1329 1330 1327
f 1327 1330 901
f 1331 1332 1330
f 1330 1332 902
f 878 902 1332
f 1300 1299 1332
f 1334 1335 1336
f 1336 1335 904
f 880 1301 1336
f 1301 1302 1333
f 1337 1338 1335
f 1335 1338 905
f 1303 1304 1338
f 1305 1306 1340
f 1341 1342 1339
f 1339 1342 911
f 1343 1344 1342
f 1342 1344 912
f 882 912 1344
f 1308 1307 1344
f 1346 1347 10569
f 1345 1349 1350
f 1348 1351 10570
f 1352 1353 1347
f 1346 1350 1354
f 1355 1356 1353
f 1352 1354 1357
f 1358 1359 1356
f 1355 1357 1360
f 1361 1362 1359
f 1358 1360 1363
f 1364 1365 1362
f 1361 1363 1366
f 1367 1368 1365
f 1364 1366 1369
f 1370 1371 1368
f 1367 1369 1372
f 1373 1374 1371
f 1370 1372 1375
f 1376 1377 1374
f 1373 1375 1378
f 1379 1380 1377
f 1376 1378 1381
f 1382 1383 1380
f 1379 1381 1384
f 1385 1386 1383
f 1382 1384 1387
f 1388 1389 1386
f 1385 1387 1390
f 1391 1392 1389
f 1388 1390 1393
f 1394 1395 1392
f 1391 1393 1396
f 1397 1398 1395
f 1394 1396 1399
f 1400 1401 1398
f 1397 1399 1402
f 1403 1404 1401
f 1400 1402 1405
f 1406 1407 1404
f 1403 1405 1408
f 1409 1410 1407
f 1406 1408 1411
f 1412 1413 1410
f 1409 1411 1414
f 1415 1416 1413
f 1412 1414 1417
f 1418 1419 1416
f 1415 1417 1420
f 1421 1422 1419
f 1418 1420 1423
f 1424 1425 1422
f 1421 1423 1426
f 1427 1428 1425
f 1424 1426 1429
f 1430 1431 1428
f 1427 1429 1432
f 1433 1434 1431
f 1430 1432 1435
f 1436 1437 1434
f 1433 1435 1438
f 1439 1440 1437
f 1436 1438 1441
f 1442 1443 1440
f 1439 1441 1444
f 1445 1446 1443
f 1442 1444 1447
f 1448 1449 1446
f 1445 1447 1450
f 1451 1452 1449
f 1448 1450 1453
f 1454 1455 1452
f 1451 1453 1456
f 1457 1458 1455
f 1454 1456 1459
f 1460 1461 1458
f 1457 1459 1462
f 1463 1464 1461
f 1460 1462 1465
f 1466 1467 1464
f 1463 1465 1468
f 1469 1470 1467
f 1466 1468 1471
f 1472 1473 1470
f 1469 1471 1474
f 1475 1476 1473
f 1472 1474 1477
f 1478 1479 1476
f 1475 1477 1480
f 1481 1482 1479
f 1478 1480 1483
f 1484 1485 1482
f 1481 1483 1486
f 1487 1488 1485
f 1484 1486 1489
f 1490 1491 1488
f 1487 1489 1492
f 1493 1494 1491
f 1490 1492 1495
f 1496 1497 1494
f 1493 1495 1498
f 1499 1500 1497
f 1496 1498 1501
f 1502 1503 1500
f 1499 1501 10571
f 1502 1504 1505
f 1349 1506 1507
f 1351 1508 1506
f 1350 1507 1509
f 1354 1509 1510
f 1357 1510 1511
f 1360 1511 1512
f 1363 1512 1513
f 1366 1513 1514
f 1369 1514 1515
f 1372 1515 1516
f 1375 1516 1517
f 1378 1517 1518
f 1381 1518 1519
f 1384 1519 1520
f 1387 1520 1521
f 1390 1521 1522
f 1393 1522 1523
f 1396 1523 1524
f 1399 1524 1525
f 1402 1525 1526
f 1405 1526 1527
f 1408 1527 1528
f 1411 1528 1529
f 1414 1529 1530
f 1417 1530 1531
f 1420 1531 1532
f 1423 1532 1533
f 1426 1533 1534
f 1429 1534 1535
f 1432 1535 1536
f 1435 1536 1537
f 1438 1537 1538
f 1441 1538 1539
f 1444 1539 1540
f 1447 1540 1541
f 1450 1541 1542
f 1453 1542 1543
f 1456 1543 1544
f 1459 1544 1545
f 1462 1545 1546
f 1465 1546 1547
f 1468 1547 1548
f 1471 1548 1549
f 1474 1549 1550
f 1477 1550 1551
f 1480 1551 1552
f 1483 1552 1553
f 1486 1553 1554
f 1489 1554 1555
f 1492 1555 1556
f 1495 1556 1557
f 1498 1557 1558
f 1501 1558 1559
f 1504 1559 1560
f 1506 1561 1562
f 1508 1563 1561
f 1507 1562 1564
f 1565 1566 10572
f 1509 1564 1567
f 1566 1568 1569
f 1510 1567 1569
f 1568 1570 1571
f 1511 1569 1571
f 1570 1572 1573
f 1512 1571 1573
f 1572 1574 1575
f 1513 1573 1575
f 1574 1576 1577
f 1514 1575 1577
f 1576 1578 1579
f 1515 1577 1579
f 1578 1580 1581
f 1516 1579 1581
f 1580 1582 1583
f 1517 1581 1583
f 1582 1584 1585
f 1518 1583 1585
f 1584 1586 1587
f 1519 1585 1587
f 1586 1588 1589
f 1520 1587 1589
f 1588 1590 1591
f 1521 1589 1591
f 1590 1592 1593
f 1522 1591 1593
f 1592 1594 1595
f 1523 1593 1595
f 1594 1596 1597
f 1524 1595 1597
f 1596 1598 1599
f 1525 1597 1599
f 1598 1600 1601
f 1526 1599 1601
f 1600 1602 1603
f 1527 1601 1603
f 1602 1604 1605
f 1528 1603 1605
f 1604 1606 1607
f 1529 1605 1607
f 1606 1608 1609
f 1530 1607 1609
f 1608 1610 1611
f 1531 1609 1611
f 1610 1612 1613
f 1532 1611 1613
f 1612 1614 1615
f 1533 1613 1615
f 1614 1616 1617
f 1534 1615 1617
f 1616 1618 1619
f 1535 1617 1619
f 1618 1620 1621
f 1536 1619 1621
f 1620 1622 1623
f 1537 1621 1623
f 1622 1624 1625
f 1538 1623 1625
f 1624 1626 1627
f 1539 1625 1627
f 1626 1628 1629
f 1540 1627 1629
f 1628 1630 1631
f 1541 1629 1631
f 1630 1632 1633
f 1542 1631 1633
f 1632 1634 1635
f 1543 1633 1635
f 1634 1636 1637
f 1544 1635 1637
f 1636 1638 1639
f 1545 1637 1639
f 1638 1640 1641
f 1546 1639 1641
f 1640 1642 1643
f 1547 1641 1643
f 1642 1644 1645
f 1548 1643 1645
f 1644 1646 1647
f 1549 1645 1647
f 1646 1648 1649
f 1550 1647 1649
f 1648 1650 1651
f 1551 1649 1651
f 1650 1652 1653
f 1552 1651 1653
f 1652 1654 1655
f 1553 1653 1655
f 1654 1656 1657
f 1554 1655 1657
f 1656 1658 1659
f 1555 1657 1659
f 1658 1660 1661
f 1556 1659 1661
f 1557 1661 1662
f 1558 1662 1663
f 1559 1663 1664
f 1561 1665 1666
f 1563 1667 1665
f 1562 1666 1668
f 1564 1668 1669
f 1661 1670 1671
f 1660 1672 10573
f 1662 1671 1673
f 1663 1673 1674
f 1665 1675 1676
f 1667 1677 1675
f 1666 1676 1678
f 1668 1678 1679
f 1670 1680 1681
f 1672 1682 1680
f 1671 1681 1683
f 1673 1683 1684
f 1675 1685 1686
f 1677 1687 1685
f 1676 1686 1688
f 1678 1688 1689
f 1680 1690 1691
f 1682 1692 1690
f 1681 1691 1693
f 1683 1693 1694
f 1685 1695 1696
f 1687 1697 1695
f 1686 1696 1698
f 1688 1698 1699
f 1690 1700 1701
f 1692 1702 1700
f 1691 1701 1703
f 1693 1703 1704
f 1695 1705 1706
f 1697 1707 1705
f 1696 1706 1708
f 1698 1708 1709
f 1700 1710 1711
f 1702 1712 1710
f 1701 1711 1713
f 1703 1713 1714
f 1705 1715 1716
f 1707 1717 1715
f 1706 1716 1718
f 1708 1718 1719
f 1710 1720 1721
f 1712 1722 1720
f 1711 1721 1723
f 1713 1723 1724
f 1715 1725 1726
f 1717 1727 1725
f 1716 1726 1728
f 1718 1728 1729
f 1720 1730 1731
f 1722 1732 1730
f 1721 1731 1733
f 1723 1733 1734
f 1725 1735 1736
f 1727 1737 1735
f 1726 1736 1738
f 1728 1738 1739
f 1730 1740 1741
f 1732 1742 1740
f 1731 1741 1743
f 1733 1743 1744
f 1735 1745 1746
f 1737 1747 1745
f 1736 1746 1748
f 1738 1748 1749
f 1740 1750 1751
f 1742 1752 1750
f 1741 1751 1753
f 1743 1753 1754
f 1745 1755 1756
f 1747 1757 1755
f 1746 1756 1758
f 1748 1758 1759
f 1750 1760 1761
f 1752 1762 1760
f 1751 1761 1763
f 1753 1763 1764
f 1755 1765 1766
f 1757 1767 1765
f 1756 1766 1768
f 1758 1768 1769
f 1760 1770 1771
f 1762 1772 1770
f 1761 1771 1773
f 1763 1773 1774
f 1765 1775 1776
f 1767 1777 1775
f 1766 1776 1778
f 1768 1778 1779
f 1770 1780 1781
f 1772 1782 1780
f 1771 1781 1783
f 1773 1783 1784
f 1775 1785 1786
f 1777 1787 1785
f 1776 1786 1788
f 1778 1788 1789
f 1780 1790 1791
f 1782 1792 1790
f 1781 1791 1793
f 1783 1793 1794
f 1785 1795 1796
f 1787 1797 1795
f 1786 1796 1798
f 1788 1798 1799
f 1790 1800 1801
f 1792 1802 1800
f 1791 1801 1803
f 1793 1803 1804
f 1795 1805 1806
f 1797 1807 1805
f 1796 1806 1808
f 1798 1808 1809
f 1800 1810 1811
f 1802 1812 1810
f 1801 1811 1813
f 1803 1813 1814
f 1805 1815 1816
f 1807 1817 1815
f 1806 1816 1818
f 1808 1818 1819
f 1810 1820 1821
f 1812 1822 1820
f 1811 1821 1823
f 1813 1823 1824
f 1815 1825 1826
f 1817 1827 1825
f 1816 1826 1828
f 1818 1828 1829
f 1820 1830 1831
f 1822 1832 1830
f 1821 1831 1833
f 1823 1833 1834
f 1825 1835 1836
f 1827 1837 1835
f 1826 1836 1838
f 1828 1838 1839
f 1830 1840 1841
f 1832 1842 1840
f 1831 1841 1843
f 1833 1843 1844
f 1835 1845 1846
f 1837 1847 1845
f 1836 1846 1848
f 1838 1848 1849
f 1840 1850 1851
f 1842 1852 1850
f 1841 1851 1853
f 1843 1853 1854
f 1845 1855 1856
f 1847 1857 1855
f 1846 1856 1858
f 1848 1858 1859
f 1850 1860 1861
f 1852 1862 1860
f 1851 1861 1863
f 1853 1863 1864
f 1855 1865 1866
f 1857 1867 1865
f 1856 1866 1868
f 1858 1868 1869
f 1860 1870 1871
f 1862 1872 1870
f 1861 1871 1873
f 1863 1873 1874
f 1865 1875 1876
f 1867 1877 1875
f 1866 1876 1878
f 1868 1878 1879
f 1870 1880 1881
f 1872 1882 1880
f 1871 1881 1883
f 1873 1883 1884
f 1875 1885 1886
f 1877 1887 1885
f 1876 1886 1888
f 1878 1888 1889
f 1880 1890 1891
f 1882 1892 1890
f 1881 1891 1893
f 1883 1893 1894
f 1885 1895 1896
f 1887 1897 1895
f 1886 1896 1898
f 1888 1898 1899
f 1890 1900 1901
f 1892 1902 1900
f 1891 1901 1903
f 1893 1903 1904
f 1895 1905 1906
f 1897 1907 1905
f 1896 1906 1908
f 1898 1908 1909
f 1900 1910 1911
f 1902 1912 1910
f 1901 1911 1913
f 1903 1913 1914
f 1905 1915 1916
f 1907 1917 1915
f 1906 1916 1918
f 1908 1918 1919
f 1910 1920 1921
f 1912 1922 1920
f 1911 1921 1923
f 1913 1923 1924
f 1915 1925 1926
f 1917 1927 1925
f 1916 1926 1928
f 1918 1928 1929
f 1920 1930 1931
f 1922 1932 1930
f 1921 1931 1933
f 1923 1933 1934
f 1925 1935 1936
f 1927 1937 1935
f 1926 1936 1938
f 1928 1938 1939
f 1930 1940 1941
f 1932 1942 1940
f 1931 1941 1943
f 1933 1943 1944
f 1935 1945 1946
f 1937 1947 1945
f 1936 1946 1948
f 1938 1948 10574
f 1940 1950 1951
f 1942 1952 1950
f 1941 1951 1953
f 1943 1953 1954
f 1945 1955 1956
f 1947 1957 1955
f 1946 1956 1958
f 1959 1960 10575
f 1948 1958 1961
f 1962 1963 1960
f 1959 1961 1964
f 1965 1966 1963
f 1962 1964 1967
f 1968 1969 1966
f 1965 1967 1970
f 1971 1972 1969
f 1968 1970 1973
f 1974 1975 1972
f 1971 1973 1976
f 1977 1978 1975
f 1974 1976 1979
f 1980 1981 1978
f 1977 1979 1982
f 1983 1984 1981
f 1980 1982 1985
f 1986 1987 1984
f 1983 1985 1988
f 1989 1990 1987
f 1986 1988 1991
f 1992 1993 1990
f 1989 1991 1994
f 1995 1996 1993
f 1992 1994 1997
f 1998 1999 1996
f 1995 1997 2000
f 2001 2002 1999
f 1998 2000 2003
f 2004 2005 2002
f 2001 2003 2006
f 2007 2008 2005
f 2004 2006 2009
f 2010 2011 2008
f 2007 2009 2012
f 2013 2014 2011
f 2010 2012 2015
f 2016 2017 2014
f 2013 2015 2018
f 2019 2020 2017
f 2016 2018 2021
f 2022 2023 2020
f 2019 2021 2024
f 2025 2026 2023
f 2022 2024 2027
f 2028 2029 2026
f 2025 2027 2030
f 2031 2032 2029
f 2028 2030 2033
f 2034 2035 2032
f 2031 2033 2036
f 2037 2038 2035
f 2034 2036 2039
f 2040 2041 2038
f 2037 2039 2042
f 2043 2044 2041
f 2040 2042 2045
f 2046 2047 2044
f 2043 2045 2048
f 2049 2050 2047
f 2046 2048 2051
f 2052 2053 2050
f 2049 2051 2054
f 2055 2056 2053
f 2052 2054 2057
f 2058 2059 2056
f 2055 2057 2060
f 2061 2062 2059
f 2058 2060 2063
f 2064 2065 2062
f 2061 2063 2066
f 2067 2068 2065
f 2064 2066 2069
f 2070 2071 2068
f 2067 2069 2072
f 2073 2074 2071
f 2070 2072 2075
f 2076 2077 2074
f 2073 2075 2078
f 2079 2080 2077
f 2076 2078 2081
f 2082 2083 2080
f 2079 2081 2084
f 2085 2086 2083
f 2082 2084 2087
f 2088 2089 2086
f 2085 2087 2090
f 2091 2092 2089
f 2088 2090 2093
f 2094 2095 2092
f 2091 2093 2096
f 2097 2098 2095
f 2094 2096 2099
f 1950 1952 2098
f 2097 2099 2100
f 1950 2100 2101
f 1951 2101 2102
f 1953 2102 2103
f 1955 2104 2105
f 1957 2106 2104
f 1956 2105 2107
f 1958 2107 2108
f 1961 2108 2109
f 1964 2109 2110
f 1967 2110 2111
f 1970 2111 2112
f 1973 2112 2113
f 1976 2113 2114
f 1979 2114 2115
f 1982 2115 2116
f 1985 2116 2117
f 1988 2117 2118
f 1991 2118 2119
f 1994 2119 2120
f 1997 2120 2121
f 2000 2121 2122
f 2003 2122 2123
f 2006 2123 2124
f 2009 2124 2125
f 2012 2125 2126
f 2015 2126 2127
f 2018 2127 2128
f 2021 2128 2129
f 2024 2129 2130
f 2027 2130 2131
f 2030 2131 2132
f 2033 2132 2133
f 2036 2133 2134
f 2039 2134 2135
f 2042 2135 2136
f 2045 2136 2137
f 2048 2137 2138
f 2051 2138 2139
f 2054 2139 2140
f 2057 2140 2141
f 2060 2141 2142
f 2063 2142 2143
f 2066 2143 2144
f 2069 2144 2145
f 2072 2145 2146
f 2075 2146 2147
f 2078 2147 2148
f 2081 2148 2149
f 2084 2149 2150
f 2087 2150 2151
f 2090 2151 2152
f 2093 2152 2153
f 2096 2153 2154
f 2099 2154 2155
f 2100 2155 2156
f 2101 2156 2157
f 2102 2157 2158
f 2160 2161 10576
f 2104 2159 10577
f 2106 2160 2159
f 2161 2163 2164
f 2105 2162 2164
f 2163 2165 2166
f 2107 2164 2166
f 2165 2167 2168
f 2108 2166 2168
f 2167 2169 2170
f 2109 2168 2170
f 2169 2171 2172
f 2110 2170 2172
f 2171 2173 2174
f 2111 2172 2174
f 2173 2175 2176
f 2112 2174 2176
f 2175 2177 2178
f 2113 2176 2178
f 2177 2179 2180
f 2114 2178 2180
f 2179 2181 2182
f 2115 2180 2182
f 2181 2183 2184
f 2116 2182 2184
f 2183 2185 2186
f 2117 2184 2186
f 2185 2187 2188
f 2118 2186 2188
f 2187 2189 2190
f 2119 2188 2190
f 2189 2191 2192
f 2120 2190 2192
f 2191 2193 2194
f 2121 2192 2194
f 2193 2195 2196
f 2122 2194 2196
f 2195 2197 2198
f 2123 2196 2198
f 2197 2199 2200
f 2124 2198 2200
f 2199 2201 2202
f 2125 2200 2202
f 2201 2203 2204
f 2126 2202 2204
f 2203 2205 2206
f 2127 2204 2206
f 2205 2207 2208
f 2128 2206 2208
f 2207 2209 2210
f 2129 2208 2210
f 2209 2211 2212
f 2130 2210 2212
f 2211 2213 2214
f 2131 2212 2214
f 2213 2215 2216
f 2132 2214 2216
f 2215 2217 2218
f 2133 2216 2218
f 2217 2219 2220
f 2134 2218 2220
f 2219 2221 2222
f 2135 2220 2222
f 2221 2223 2224
f 2136 2222 2224
f 2223 2225 2226
f 2137 2224 2226
f 2225 2227 2228
f 2138 2226 2228
f 2227 2229 2230
f 2139 2228 2230
f 2229 2231 2232
f 2140 2230 2232
f 2231 2233 2234
f 2141 2232 2234
f 2233 2235 2236
f 2142 2234 2236
f 2235 2237 2238
f 2143 2236 2238
f 2237 2239 2240
f 2144 2238 2240
f 2239 2241 2242
f 2145 2240 2242
f 2241 2243 2244
f 2146 2242 2244
f 2243 2245 2246
f 2147 2244 2246
f 2245 2247 2248
f 2148 2246 2248
f 2247 2249 2250
f 2149 2248 2250
f 2249 2251 2252
f 2150 2250 2252
f 2251 2253 2254
f 2151 2252 2254
f 2253 2255 2256
f 2152 2254 2256
f 2255 2257 2258
f 2153 2256 2258
f 2257 2259 2260
f 2154 2258 2260
f 2259 2261 2262
f 2155 2260 2262
f 2261 2263 2264
f 2156 2262 2264
f 2157 2264 10578
f 1347 2265 2266
f 2266 2267 1351
f 1353 2268 2265
f 1356 2269 2268
f 1359 2270 2269
f 1362 2271 2270
f 1365 2272 2271
f 1368 2273 2272
f 1371 2274 2273
f 1374 2275 2274
f 1377 2276 2275
f 1380 2277 2276
f 1383 2278 2277
f 1386 2279 2278
f 1389 2280 2279
f 1392 2281 2280
f 1395 2282 2281
f 1398 2283 2282
f 1401 2284 2283
f 1404 2285 2284
f 1407 2286 2285
f 1410 2287 2286
f 1413 2288 2287
f 1416 2289 2288
f 1419 2290 2289
f 1422 2291 2290
f 1425 2292 2291
f 1428 2293 2292
f 1431 2294 2293
f 1434 2295 2294
f 1437 2296 2295
f 1440 2297 2296
f 1443 2298 2297
f 1446 2299 2298
f 1449 2300 2299
f 1452 2301 2300
f 1455 2302 2301
f 1458 2303 2302
f 1461 2304 2303
f 1464 2305 2304
f 1467 2306 2305
f 1470 2307 2306
f 1473 2308 2307
f 1476 2309 2308
f 1479 2310 2309
f 1482 2311 2310
f 1485 2312 2311
f 1488 2313 2312
f 1491 2314 2313
f 1494 2315 2314
f 1497 2316 2315
f 1500 2317 2316
f 1503 2318 2317
f 1503 1505 2319
f 2267 2320 1508
f 1505 1560 2321
f 2320 2322 1563
f 2323 2324 1566
f 2324 2325 1568
f 2325 2326 1570
f 2326 2327 1572
f 2327 2328 1574
f 2328 2329 1576
f 2329 2330 1578
f 2330 2331 1580
f 2331 2332 1582
f 2332 2333 1584
f 2333 2334 1586
f 2334 2335 1588
f 2335 2336 1590
f 2336 2337 1592
f 2337 2338 1594
f 2338 2339 1596
f 2339 2340 1598
f 2340 2341 1600
f 2341 2342 1602
f 2342 2343 1604
f 2343 2344 1606
f 2344 2345 1608
f 2345 2346 1610
f 2346 2347 1612
f 2347 2348 1614
f 2348 2349 1616
f 2349 2350 1618
f 2350 2351 1620
f 2351 2352 1622
f 2352 2353 1624
f 2353 2354 1626
f 2354 2355 1628
f 2355 2356 1630
f 2356 2357 1632
f 2357 2358 1634
f 2358 2359 1636
f 2359 2360 1638
f 2360 2361 1640
f 2361 2362 1642
f 2362 2363 1644
f 2363 2364 1646
f 2364 2365 1648
f 2365 2366 1650
f 2366 2367 1652
f 2367 2368 1654
f 2368 2369 1656
f 2369 2370 1658
f 2370 2371 1660
f 1560 1664 2372
f 2322 2373 1667
f 1565 1669 2374
f 2371 2375 1672
f 1664 1674 2376
f 2373 2377 1677
f 1669 1679 2378
f 2375 2379 1682
f 1674 1684 2380
f 2377 2381 1687
f 1679 1689 2382
f 2379 2383 1692
f 1684 1694 2384
f 2381 2385 1697
f 1689 1699 2386
f 2383 2387 1702
f 1694 1704 2388
f 2385 2389 1707
f 1699 1709 2390
f 2387 2391 1712
f 1704 1714 2392
f 2389 2393 1717
f 1709 1719 2394
f 2391 2395 1722
f 1714 1724 2396
f 2393 2397 1727
f 1719 1729 2398
f 2395 2399 1732
f 1724 1734 2400
f 2397 2401 1737
f 1729 1739 2402
f 2399 2403 1742
f 1734 1744 2404
f 2401 2405 1747
f 1739 1749 2406
f 2403 2407 1752
f 1744 1754 2408
f 2405 2409 1757
f 1749 1759 2410
f 2407 2411 1762
f 1754 1764 2412
f 2409 2413 1767
f 1759 1769 2414
f 2411 2415 1772
f 1764 1774 2416
f 2413 2417 1777
f 1769 1779 2418
f 2415 2419 1782
f 1774 1784 2420
f 2417 2421 1787
f 1779 1789 2422
f 2419 2423 1792
f 1784 1794 2424
f 2421 2425 1797
f 1789 1799 2426
f 2423 2427 1802
f 1794 1804 2428
f 2425 2429 1807
f 1799 1809 2430
f 2427 2431 1812
f 1804 1814 2432
f 2429 2433 1817
f 1809 1819 2434
f 2431 2435 1822
f 1814 1824 2436
f 2433 2437 1827
f 1819 1829 2438
f 2435 2439 1832
f 1824 1834 2440
f 2437 2441 1837
f 1829 1839 2442
f 2439 2443 1842
f 1834 1844 2444
f 2441 2445 1847
f 1839 1849 2446
f 2443 2447 1852
f 1844 1854 2448
f 2445 2449 1857
f 1849 1859 2450
f 2447 2451 1862
f 1854 1864 2452
f 2449 2453 1867
f 1859 1869 2454
f 2451 2455 1872
f 1864 1874 2456
f 2453 2457 1877
f 1869 1879 2458
f 2455 2459 1882
f 1874 1884 2460
f 2457 2461 1887
f 1879 1889 2462
f 2459 2463 1892
f 1884 1894 2464
f 2461 2465 1897
f 1889 1899 2466
f 2463 2467 1902
f 1894 1904 2468
f 2465 2469 1907
f 1899 1909 2470
f 2467 2471 1912
f 1904 1914 2472
f 2469 2473 1917
f 1909 1919 2474
f 2471 2475 1922
f 1914 1924 2476
f 2473 2477 1927
f 1919 1929 2478
f 2475 2479 1932
f 1924 1934 2480
f 2477 2481 1937
f 1929 1939 2482
f 2479 2483 1942
f 1934 1944 2484
f 2481 2485 1947
f 1939 1949 2486
f 2483 2487 1952
f 1944 1954 2488
f 2485 2489 1957
f 1960 2490 2486
f 1963 2491 2490
f 1966 2492 2491
f 1969 2493 2492
f 1972 2494 2493
f 1975 2495 2494
f 1978 2496 2495
f 1981 2497 2496
f 1984 2498 2497
f 1987 2499 2498
f 1990 2500 2499
f 1993 2501 2500
f 1996 2502 2501
f 1999 2503 2502
f 2002 2504 2503
f 2005 2505 2504
f 2008 2506 2505
f 2011 2507 2506
f 2014 2508 2507
f 2017 2509 2508
f 2020 2510 2509
f 2023 2511 2510
f 2026 2512 2511
f 2029 2513 2512
f 2032 2514 2513
f 2035 2515 2514
f 2038 2516 2515
f 2041 2517 2516
f 2044 2518 2517
f 2047 2519 2518
f 2050 2520 2519
f 2053 2521 2520
f 2056 2522 2521
f 2059 2523 2522
f 2062 2524 2523
f 2065 2525 2524
f 2068 2526 2525
f 2071 2527 2526
f 2074 2528 2527
f 2077 2529 2528
f 2080 2530 2529
f 2083 2531 2530
f 2086 2532 2531
f 2089 2533 2532
f 2092 2534 2533
f 2095 2535 2534
f 2098 2536 2535
f 1952 2487 2536
f 1954 2103 2537
f 2489 2538 2106
f 2103 2158 2539
f 2540 2541 2161
f 2538 2540 2160
f 2541 2542 2163
f 2542 2543 2165
f 2543 2544 2167
f 2544 2545 2169
f 2545 2546 2171
f 2546 2547 2173
f 2547 2548 2175
f 2548 2549 2177
f 2549 2550 2179
f 2550 2551 2181
f 2551 2552 2183
f 2552 2553 2185
f 2553 2554 2187
f 2554 2555 2189
f 2555 2556 2191
f 2556 2557 2193
f 2557 2558 2195
f 2558 2559 2197
f 2559 2560 2199
f 2560 2561 2201
f 2561 2562 2203
f 2562 2563 2205
f 2563 2564 2207
f 2564 2565 2209
f 2565 2566 2211
f 2566 2567 2213
f 2567 2568 2215
f 2568 2569 2217
f 2569 2570 2219
f 2570 2571 2221
f 2571 2572 2223
f 2572 2573 2225
f 2573 2574 2227
f 2574 2575 2229
f 2575 2576 2231
f 2576 2577 2233
f 2577 2578 2235
f 2578 2579 2237
f 2579 2580 2239
f 2580 2581 2241
f 2581 2582 2243
f 2582 2583 2245
f 2583 2584 2247
f 2584 2585 2249
f 2585 2586 2251
f 2586 2587 2253
f 2587 2588 2255
f 2588 2589 2257
f 2589 2590 2259
f 2590 2591 2261
f 2591 2592 2263
f 2158 2263 2592
f 2265 2593 2594
f 2594 2595 2267
f 2268 2596 2593
f 2269 2597 2596
f 2270 2598 2597
f 2271 2599 2598
f 2272 2600 2599
f 2273 2601 2600
f 2274 2602 2601
f 2275 2603 2602
f 2276 2604 2603
f 2277 2605 2604
f 2278 2606 2605
f 2279 2607 2606
f 2280 2608 2607
f 2281 2609 2608
f 2282 2610 2609
f 2283 2611 2610
f 2284 2612 2611
f 2285 2613 2612
f 2286 2614 2613
f 2287 2615 2614
f 2288 2616 2615
f 2289 2617 2616
f 2290 2618 2617
f 2291 2619 2618
f 2292 2620 2619
f 2293 2621 2620
f 2294 2622 2621
f 2295 2623 2622
f 2296 2624 2623
f 2297 2625 2624
f 2298 2626 2625
f 2299 2627 2626
f 2300 2628 2627
f 2301 2629 2628
f 2302 2630 2629
f 2303 2631 2630
f 2304 2632 2631
f 2305 2633 2632
f 2306 2634 2633
f 2307 2635 2634
f 2308 2636 2635
f 2309 2637 2636
f 2310 2638 2637
f 2311 2639 2638
f 2312 2640 2639
f 2313 2641 2640
f 2314 2642 2641
f 2315 2643 2642
f 2316 2644 2643
f 2317 2645 2644
f 2318 2646 2645
f 2318 2319 2647
f 2595 2648 2320
f 2319 2321 2649
f 2648 2650 2322
f 2651 2652 2324
f 2652 2653 2325
f 2653 2654 2326
f 2654 2655 2327
f 2655 2656 2328
f 2656 2657 2329
f 2657 2658 2330
f 2658 2659 2331
f 2659 2660 2332
f 2660 2661 2333
f 2661 2662 2334
f 2662 2663 2335
f 2663 2664 2336
f 2664 2665 2337
f 2665 2666 2338
f 2666 2667 2339
f 2667 2668 2340
f 2668 2669 2341
f 2669 2670 2342
f 2670 2671 2343
f 2671 2672 2344
f 2672 2673 2345
f 2673 2674 2346
f 2674 2675 2347
f 2675 2676 2348
f 2676 2677 2349
f 2677 2678 2350
f 2678 2679 2351
f 2679 2680 2352
f 2680 2681 2353
f 2681 2682 2354
f 2682 2683 2355
f 2683 2684 2356
f 2684 2685 2357
f 2685 2686 2358
f 2686 2687 2359
f 2687 2688 2360
f 2688 2689 2361
f 2689 2690 2362
f 2690 2691 2363
f 2691 2692 2364
f 2692 2693 2365
f 2693 2694 2366
f 2694 2695 2367
f 2695 2696 2368
f 2696 2697 2369
f 2697 2698 2370
f 2698 2699 2371
f 2321 2372 2700
f 2650 2701 2373
f 2323 2374 2702
f 2699 2703 2375
f 2372 2376 2704
f 2701 2705 2377
f 2374 2378 2706
f 2703 2707 2379
f 2376 2380 2708
f 2705 2709 2381
f 2378 2382 2710
f 2707 2711 2383
f 2380 2384 2712
f 2709 2713 2385
f 2382 2386 2714
f 2711 2715 2387
f 2384 2388 2716
f 2713 2717 2389
f 2386 2390 2718
f 2715 2719 2391
f 2388 2392 2720
f 2717 2721 2393
f 2390 2394 2722
f 2719 2723 2395
f 2392 2396 2724
f 2721 2725 2397
f 2394 2398 2726
f 2723 2727 2399
f 2396 2400 2728
f 2725 2729 2401
f 2398 2402 2730
f 2727 2731 2403
f 2400 2404 2732
f 2729 2733 2405
f 2402 2406 2734
f 2731 2735 2407
f 2404 2408 2736
f 2733 2737 2409
f 2406 2410 2738
f 2735 2739 2411
f 2408 2412 2740
f 2737 2741 2413
f 2410 2414 2742
f 2739 2743 2415
f 2412 2416 2744
f 2741 2745 2417
f 2414 2418 2746
f 2743 2747 2419
f 2416 2420 2748
f 2745 2749 2421
f 2418 2422 2750
f 2747 2751 2423
f 2420 2424 2752
f 2749 2753 2425
f 2422 2426 2754
f 2751 2755 2427
f 2424 2428 2756
f 2753 2757 2429
f 2426 2430 2758
f 2755 2759 2431
f 2428 2432 2760
f 2757 2761 2433
f 2430 2434 2762
f 2759 2763 2435
f 2432 2436 2764
f 2761 2765 2437
f 2434 2438 2766
f 2763 2767 2439
f 2436 2440 2768
f 2765 2769 2441
f 2438 2442 2770
f 2767 2771 2443
f 2440 2444 2772
f 2769 2773 2445
f 2442 2446 2774
f 2771 2775 2447
f 2444 2448 2776
f 2773 2777 2449
f 2446 2450 2778
f 2775 2779 2451
f 2448 2452 2780
f 2777 2781 2453
f 2450 2454 2782
f 2779 2783 2455
f 2452 2456 2784
f 2781 2785 2457
f 2454 2458 2786
f 2783 2787 2459
f 2456 2460 2788
f 2785 2789 2461
f 2458 2462 2790
f 2787 2791 2463
f 2460 2464 2792
f 2789 2793 2465
f 2462 2466 2794
f 2791 2795 2467
f 2464 2468 2796
f 2793 2797 2469
f 2466 2470 2798
f 2795 2799 2471
f 2468 2472 2800
f 2797 2801 2473
f 2470 2474 2802
f 2799 2803 2475
f 2472 2476 2804
f 2801 2805 2477
f 2474 2478 2806
f 2803 2807 2479
f 2476 2480 2808
f 2805 2809 2481
f 2478 2482 2810
f 2807 2811 2483
f 2480 2484 2812
f 2809 2813 2485
f 2482 2486 2814
f 2811 2815 2487
f 2484 2488 2816
f 2813 2817 2489
f 2490 2818 2814
f 2491 2819 2818
f 2492 2820 2819
f 2493 2821 2820
f 2494 2822 2821
f 2495 2823 2822
f 2496 2824 2823
f 2497 2825 2824
f 2498 2826 2825
f 2499 2827 2826
f 2500 2828 2827
f 2501 2829 2828
f 2502 2830 2829
f 2503 2831 2830
f 2504 2832 2831
f 2505 2833 2832
f 2506 2834 2833
f 2507 2835 2834
f 2508 2836 2835
f 2509 2837 2836
f 2510 2838 2837
f 2511 2839 2838
f 2512 2840 2839
f 2513 2841 2840
f 2514 2842 2841
f 2515 2843 2842
f 2516 2844 2843
f 2517 2845 2844
f 2518 2846 2845
f 2519 2847 2846
f 2520 2848 2847
f 2521 2849 2848
f 2522 2850 2849
f 2523 2851 2850
f 2524 2852 2851
f 2525 2853 2852
f 2526 2854 2853
f 2527 2855 2854
f 2528 2856 2855
f 2529 2857 2856
f 2530 2858 2857
f 2531 2859 2858
f 2532 2860 2859
f 2533 2861 2860
f 2534 2862 2861
f 2535 2863 2862
f 2536 2864 2863
f 2487 2815 2864
f 2488 2537 2865
f 2817 2866 2538
f 2537 2539 2867
f 2868 2869 2541
f 2866 2868 2540
f 2869 2870 2542
f 2870 2871 2543
f 2871 2872 2544
f 2872 2873 2545
f 2873 2874 2546
f 2874 2875 2547
f 2875 2876 2548
f 2876 2877 2549
f 2877 2878 2550
f 2878 2879 2551
f 2879 2880 2552
f 2880 2881 2553
f 2881 2882 2554
f 2882 2883 2555
f 2883 2884 2556
f 2884 2885 2557
f 2885 2886 2558
f 2886 2887 2559
f 2887 2888 2560
f 2888 2889 2561
f 2889 2890 2562
f 2890 2891 2563
f 2891 2892 2564
f 2892 2893 2565
f 2893 2894 2566
f 2894 2895 2567
f 2895 2896 2568
f 2896 2897 2569
f 2897 2898 2570
f 2898 2899 2571
f 2899 2900 2572
f 2900 2901 2573
f 2901 2902 2574
f 2902 2903 2575
f 2903 2904 2576
f 2904 2905 2577
f 2905 2906 2578
f 2906 2907 2579
f 2907 2908 2580
f 2908 2909 2581
f 2909 2910 2582
f 2910 2911 2583
f 2911 2912 2584
f 2912 2913 2585
f 2913 2914 2586
f 2914 2915 2587
f 2915 2916 2588
f 2916 2917 2589
f 2917 2918 2590
f 2918 2919 2591
f 2919 2920 2592
f 2539 2592 2920
f 2593 2921 2922
f 2922 2923 2595
f 2596 2924 2921
f 2597 2925 2924
f 2598 2926 2925
f 2599 2927 2926
f 2600 2928 2927
f 2601 2929 2928
f 2602 2930 2929
f 2603 2931 2930
f 2604 2932 2931
f 2605 2933 2932
f 2606 2934 2933
f 2607 2935 2934
f 2608 2936 2935
f 2609 2937 2936
f 2610 2938 2937
f 2611 2939 2938
f 2612 2940 2939
f 2613 2941 2940
f 2614 2942 2941
f 2615 2943 2942
f 2616 2944 2943
f 2617 2945 2944
f 2618 2946 2945
f 2619 2947 2946
f 2620 2948 2947
f 2621 2949 2948
f 2622 2950 2949
f 2623 2951 2950
f 2624 2952 2951
f 2625 2953 2952
f 2626 2954 2953
f 2627 2955 2954
f 2628 2956 2955
f 2629 2957 2956
f 2630 2958 2957
f 2631 2959 2958
f 2632 2960 2959
f 2633 2961 2960
f 2634 2962 2961
f 2635 2963 2962
f 2636 2964 2963
f 2637 2965 2964
f 2638 2966 2965
f 2639 2967 2966
f 2640 2968 2967
f 2641 2969 2968
f 2642 2970 2969
f 2643 2971 2970
f 2644 2972 2971
f 2645 2973 2972
f 2646 2974 2973
f 2646 2647 2975
f 2923 2976 2648
f 2647 2649 2977
f 2976 2978 2650
f 2979 2980 2652
f 2980 2981 2653
f 2981 2982 2654
f 2982 2983 2655
f 2983 2984 2656
f 2984 2985 2657
f 2985 2986 2658
f 2986 2987 2659
f 2987 2988 2660
f 2988 2989 2661
f 2989 2990 2662
f 2990 2991 2663
f 2991 2992 2664
f 2992 2993 2665
f 2993 2994 2666
f 2994 2995 2667
f 2995 2996 2668
f 2996 2997 2669
f 2997 2998 2670
f 2998 2999 2671
f 2999 3000 2672
f 3000 3001 2673
f 3001 3002 2674
f 3002 3003 2675
f 3003 3004 2676
f 3004 3005 2677
f 3005 3006 2678
f 3006 3007 2679
f 3007 3008 2680
f 3008 3009 2681
f 3009 3010 2682
f 3010 3011 2683
f 3011 3012 2684
f 3012 3013 2685
f 3013 3014 2686
f 3014 3015 2687
f 3015 3016 2688
f 3016 3017 2689
f 3017 3018 2690
f 3018 3019 2691
f 3019 3020 2692
f 3020 3021 2693
f 3021 3022 2694
f 3022 3023 2695
f 3023 3024 2696
f 3024 3025 2697
f 3025 3026 2698
f 3026 3027 2699
f 2649 2700 3028
f 2978 3029 2701
f 2651 2702 3030
f 3027 3031 2703
f 2700 2704 3032
f 3029 3033 2705
f 2702 2706 3034
f 3031 3035 2707
f 2704 2708 3036
f 3033 3037 2709
f 2706 2710 3038
f 3035 3039 2711
f 2708 2712 3040
f 3037 3041 2713
f 2710 2714 3042
f 3039 3043 2715
f 2712 2716 3044
f 3041 3045 2717
f 2714 2718 3046
f 3043 3047 2719
f 2716 2720 3048
f 3045 3049 2721
f 2718 2722 3050
f 3047 3051 2723
f 2720 2724 3052
f 3049 3053 2725
f 2722 2726 3054
f 3051 3055 2727
f 2724 2728 3056
f 3053 3057 2729
f 2726 2730 3058
f 3055 3059 2731
f 2728 2732 3060
f 3057 3061 2733
f 2730 2734 3062
f 3059 3063 2735
f 2732 2736 3064
f 3061 3065 2737
f 2734 2738 3066
f 3063 3067 2739
f 2736 2740 3068
f 3065 3069 2741
f 2738 2742 3070
f 3067 3071 2743
f 2740 2744 3072
f 3069 3073 2745
f 2742 2746 3074
f 3071 3075 2747
f 2744 2748 3076
f 3073 3077 2749
f 2746 2750 3078
f 3075 3079 2751
f 2748 2752 3080
f 3077 3081 2753
f 2750 2754 3082
f 3079 3083 2755
f 2752 2756 3084
f 3081 3085 2757
f 2754 2758 3086
f 3083 3087 2759
f 2756 2760 3088
f 3085 3089 2761
f 2758 2762 3090
f 3087 3091 2763
f 2760 2764 3092
f 3089 3093 2765
f 2762 2766 3094
f 3091 3095 2767
f 2764 2768 3096
f 3093 3097 2769
f 2766 2770 3098
f 3095 3099 2771
f 2768 2772 3100
f 3097 3101 2773
f 2770 2774 3102
f 3099 3103 2775
f 2772 2776 3104
f 3101 3105 2777
f 2774 2778 3106
f 3103 3107 2779
f 2776 2780 3108
f 3105 3109 2781
f 2778 2782 3110
f 3107 3111 2783
f 2780 2784 3112
f 3109 3113 2785
f 2782 2786 3114
f 3111 3115 2787
f 2784 2788 3116
f 3113 3117 2789
f 2786 2790 3118
f 3115 3119 2791
f 2788 2792 3120
f 3117 3121 2793
f 2790 2794 3122
f 3119 3123 2795
f 2792 2796 3124
f 3121 3125 2797
f 2794 2798 3126
f 3123 3127 2799
f 2796 2800 3128
f 3125 3129 2801
f 2798 2802 3130
f 3127 3131 2803
f 2800 2804 3132
f 3129 3133 2805
f 2802 2806 3134
f 3131 3135 2807
f 2804 2808 3136
f 3133 3137 2809
f 2806 2810 3138
f 3135 3139 2811
f 2808 2812 3140
f 3137 3141 2813
f 2810 2814 3142
f 3139 3143 2815
f 2812 2816 3144
f 3141 3145 2817
f 2818 3146 3142
f 2819 3147 3146
f 2820 3148 3147
f 2821 3149 3148
f 2822 3150 3149
f 2823 3151 3150
f 2824 3152 3151
f 2825 3153 3152
f 2826 3154 3153
f 2827 3155 3154
f 2828 3156 3155
f 2829 3157 3156
f 2830 3158 3157
f 2831 3159 3158
f 2832 3160 3159
f 2833 3161 3160
f 2834 3162 3161
f 2835 3163 3162
f 2836 3164 3163
f 2837 3165 3164
f 2838 3166 3165
f 2839 3167 3166
f 2840 3168 3167
f 2841 3169 3168
f 2842 3170 3169
f 2843 3171 3170
f 2844 3172 3171
f 2845 3173 3172
f 2846 3174 3173
f 2847 3175 3174
f 2848 3176 3175
f 2849 3177 3176
f 2850 3178 3177
f 2851 3179 3178
f 2852 3180 3179
f 2853 3181 3180
f 2854 3182 3181
f 2855 3183 3182
f 2856 3184 3183
f 2857 3185 3184
f 2858 3186 3185
f 2859 3187 3186
f 2860 3188 3187
f 2861 3189 3188
f 2862 3190 3189
f 2863 3191 3190
f 2864 3192 3191
f 2815 3143 3192
f 2816 2865 3193
f 3145 3194 2866
f 2865 2867 3195
f 3196 3197 2869
f 3194 3196 2868
f 3197 3198 2870
f 3198 3199 2871
f 3199 3200 2872
f 3200 3201 2873
f 3201 3202 2874
f 3202 3203 2875
f 3203 3204 2876
f 3204 3205 2877
f 3205 3206 2878
f 3206 3207 2879
f 3207 3208 2880
f 3208 3209 2881
f 3209 3210 2882
f 3210 3211 2883
f 3211 3212 2884
f 3212 3213 2885
f 3213 3214 2886
f 3214 3215 2887
f 3215 3216 2888
f 3216 3217 2889
f 3217 3218 2890
f 3218 3219 2891
f 3219 3220 2892
f 3220 3221 2893
f 3221 3222 2894
f 3222 3223 2895
f 3223 3224 2896
f 3224 3225 2897
f 3225 3226 2898
f 3226 3227 2899
f 3227 3228 2900
f 3228 3229 2901
f 3229 3230 2902
f 3230 3231 2903
f 3231 3232 2904
f 3232 3233 2905
f 3233 3234 2906
f 3234 3235 2907
f 3235 3236 2908
f 3236 3237 2909
f 3237 3238 2910
f 3238 3239 2911
f 3239 3240 2912
f 3240 3241 2913
f 3241 3242 2914
f 3242 3243 2915
f 3243 3244 2916
f 3244 3245 2917
f 3245 3246 2918
f 3246 3247 2919
f 3247 3248 2920
f 2867 2920 3248
f 2921 3249 3250
f 3250 3251 2923
f 2924 3252 3249
f 2925 3253 3252
f 2926 3254 3253
f 2927 3255 3254
f 2928 3256 3255
f 2929 3257 3256
f 2930 3258 3257
f 2931 3259 3258
f 2932 3260 3259
f 2933 3261 3260
f 2934 3262 3261
f 2935 3263 3262
f 2936 3264 3263
f 2937 3265 3264
f 2938 3266 3265
f 2939 3267 3266
f 2940 3268 3267
f 2941 3269 3268
f 2942 3270 3269
f 2943 3271 3270
f 2944 3272 3271
f 2945 3273 3272
f 2946 3274 3273
f 2947 3275 3274
f 2948 3276 3275
f 2949 3277 3276
f 2950 3278 3277
f 2951 3279 3278
f 2952 3280 3279
f 2953 3281 3280
f 2954 3282 3281
f 2955 3283 3282
f 2956 3284 3283
f 2957 3285 3284
f 2958 3286 3285
f 2959 3287 3286
f 2960 3288 3287
f 2961 3289 3288
f 2962 3290 3289
f 2963 3291 3290
f 2964 3292 3291
f 2965 3293 3292
f 2966 3294 3293
f 2967 3295 3294
f 2968 3296 3295
f 2969 3297 3296
f 2970 3298 3297
f 2971 3299 3298
f 2972 3300 3299
f 2973 3301 3300
f 2974 3302 3301
f 2974 2975 3303
f 3251 3304 2976
f 2975 2977 3305
f 3304 3306 2978
f 3307 3308 2980
f 3308 3309 2981
f 3309 3310 2982
f 3310 3311 2983
f 3311 3312 2984
f 3312 3313 2985
f 3313 3314 2986
f 3314 3315 2987
f 3315 3316 2988
f 3316 3317 2989
f 3317 3318 2990
f 3318 3319 2991
f 3319 3320 2992
f 3320 3321 2993
f 3321 3322 2994
f 3322 3323 2995
f 3323 3324 2996
f 3324 3325 2997
f 3325 3326 2998
f 3326 3327 2999
f 3327 3328 3000
f 3328 3329 3001
f 3329 3330 3002
f 3330 3331 3003
f 3331 3332 3004
f 3332 3333 3005
f 3333 3334 3006
f 3334 3335 3007
f 3335 3336 3008
f 3336 3337 3009
f 3337 3338 3010
f 3338 3339 3011
f 3339 3340 3012
f 3340 3341 3013
f 3341 3342 3014
f 3342 3343 3015
f 3343 3344 3016
f 3344 3345 3017
f 3345 3346 3018
f 3346 3347 3019
f 3347 3348 3020
f 3348 3349 3021
f 3349 3350 3022
f 3350 3351 3023
f 3351 3352 3024
f 3352 3353 3025
f 3353 3354 3026
f 3354 3355 3027
f 2977 3028 3356
f 3306 3357 3029
f 2979 3030 3358
f 3355 3359 3031
f 3028 3032 3360
f 3357 3361 3033
f 3030 3034 3362
f 3359 3363 3035
f 3032 3036 3364
f 3361 3365 3037
f 3034 3038 3366
f 3363 3367 3039
f 3036 3040 3368
f 3365 3369 3041
f 3038 3042 3370
f 3367 3371 3043
f 3040 3044 3372
f 3369 3373 3045
f 3042 3046 3374
f 3371 3375 3047
f 3044 3048 3376
f 3373 3377 3049
f 3046 3050 3378
f 3375 3379 3051
f 3048 3052 3380
f 3377 3381 3053
f 3050 3054 3382
f 3379 3383 3055
f 3052 3056 3384
f 3381 3385 3057
f 3054 3058 3386
f 3383 3387 3059
f 3056 3060 3388
f 3385 3389 3061
f 3058 3062 3390
f 3387 3391 3063
f 3060 3064 3392
f 3389 3393 3065
f 3062 3066 3394
f 3391 3395 3067
f 3064 3068 3396
f 3393 3397 3069
f 3066 3070 3398
f 3395 3399 3071
f 3068 3072 3400
f 3397 3401 3073
f 3070 3074 3402
f 3399 3403 3075
f 3072 3076 3404
f 3401 3405 3077
f 3074 3078 3406
f 3403 3407 3079
f 3076 3080 3408
f 3405 3409 3081
f 3078 3082 3410
f 3407 3411 3083
f 3080 3084 3412
f 3409 3413 3085
f 3082 3086 3414
f 3411 3415 3087
f 3084 3088 3416
f 3413 3417 3089
f 3086 3090 3418
f 3415 3419 3091
f 3088 3092 3420
f 3417 3421 3093
f 3090 3094 3422
f 3419 3423 3095
f 3092 3096 3424
f 3421 3425 3097
f 3094 3098 3426
f 3423 3427 3099
f 3096 3100 3428
f 3425 3429 3101
f 3098 3102 3430
f 3427 3431 3103
f 3100 3104 3432
f 3429 3433 3105
f 3102 3106 3434
f 3431 3435 3107
f 3104 3108 3436
f 3433 3437 3109
f 3106 3110 3438
f 3435 3439 3111
f 3108 3112 3440
f 3437 3441 3113
f 3110 3114 3442
f 3439 3443 3115
f 3112 3116 3444
f 3441 3445 3117
f 3114 3118 3446
f 3443 3447 3119
f 3116 3120 3448
f 3445 3449 3121
f 3118 3122 3450
f 3447 3451 3123
f 3120 3124 3452
f 3449 3453 3125
f 3122 3126 3454
f 3451 3455 3127
f 3124 3128 3456
f 3453 3457 3129
f 3126 3130 3458
f 3455 3459 3131
f 3128 3132 3460
f 3457 3461 3133
f 3130 3134 3462
f 3459 3463 3135
f 3132 3136 3464
f 3461 3465 3137
f 3134 3138 3466
f 3463 3467 3139
f 3136 3140 3468
f 3465 3469 3141
f 3138 3142 3470
f 3467 3471 3143
f 3140 3144 3472
f 3469 3473 3145
f 3146 3474 3470
f 3147 3475 3474
f 3148 3476 3475
f 3149 3477 3476
f 3150 3478 3477
f 3151 3479 3478
f 3152 3480 3479
f 3153 3481 3480
f 3154 3482 3481
f 3155 3483 3482
f 3156 3484 3483
f 3157 3485 3484
f 3158 3486 3485
f 3159 3487 3486
f 3160 3488 3487
f 3161 3489 3488
f 3162 3490 3489
f 3163 3491 3490
f 3164 3492 3491
f 3165 3493 3492
f 3166 3494 3493
f 3167 3495 3494
f 3168 3496 3495
f 3169 3497 3496
f 3170 3498 3497
f 3171 3499 3498
f 3172 3500 3499
f 3173 3501 3500
f 3174 3502 3501
f 3175 3503 3502
f 3176 3504 3503
f 3177 3505 3504
f 3178 3506 3505
f 3179 3507 3506
f 3180 3508 3507
f 3181 3509 3508
f 3182 3510 3509
f 3183 3511 3510
f 3184 3512 3511
f 3185 3513 3512
f 3186 3514 3513
f 3187 3515 3514
f 3188 3516 3515
f 3189 3517 3516
f 3190 3518 3517
f 3191 3519 3518
f 3192 3520 3519
f 3143 3471 3520
f 3144 3193 3521
f 3473 3522 3194
f 3193 3195 3523
f 3524 3525 3197
f 3522 3524 3196
f 3525 3526 3198
f 3526 3527 3199
f 3527 3528 3200
f 3528 3529 3201
f 3529 3530 3202
f 3530 3531 3203
f 3531 3532 3204
f 3532 3533 3205
f 3533 3534 3206
f 3534 3535 3207
f 3535 3536 3208
f 3536 3537 3209
f 3537 3538 3210
f 3538 3539 3211
f 3539 3540 3212
f 3540 3541 3213
f 3541 3542 3214
f 3542 3543 3215
f 3543 3544 3216
f 3544 3545 3217
f 3545 3546 3218
f 3546 3547 3219
f 3547 3548 3220
f 3548 3549 3221
f 3549 3550 3222
f 3550 3551 3223
f 3551 3552 3224
f 3552 3553 3225
f 3553 3554 3226
f 3554 3555 3227
f 3555 3556 3228
f 3556 3557 3229
f 3557 3558 3230
f 3558 3559 3231
f 3559 3560 3232
f 3560 3561 3233
f 3561 3562 3234
f 3562 3563 3235
f 3563 3564 3236
f 3564 3565 3237
f 3565 3566 3238
f 3566 3567 3239
f 3567 3568 3240
f 3568 3569 3241
f 3569 3570 3242
f 3570 3571 3243
f 3571 3572 3244
f 3572 3573 3245
f 3573 3574 3246
f 3574 3575 3247
f 3575 3576 3248
f 3195 3248 3576
f 3249 3577 3578
f 3578 3579 3251
f 3252 3580 3577
f 3253 3581 3580
f 3254 3582 3581
f 3255 3583 3582
f 3256 3584 3583
f 3257 3585 3584
f 3258 3586 3585
f 3259 3587 3586
f 3260 3588 3587
f 3261 3589 3588
f 3262 3590 3589
f 3263 3591 3590
f 3264 3592 3591
f 3265 3593 3592
f 3266 3594 3593
f 3267 3595 3594
f 3268 3596 3595
f 3269 3597 3596
f 3270 3598 3597
f 3271 3599 3598
f 3272 3600 3599
f 3273 3601 3600
f 3274 3602 3601
f 3275 3603 3602
f 3276 3604 3603
f 3277 3605 3604
f 3278 3606 3605
f 3279 3607 3606
f 3280 3608 3607
f 3281 3609 3608
f 3282 3610 3609
f 3283 3611 3610
f 3284 3612 3611
f 3285 3613 3612
f 3286 3614 3613
f 3287 3615 3614
f 3288 3616 3615
f 3289 3617 3616
f 3290 3618 3617
f 3291 3619 3618
f 3292 3620 3619
f 3293 3621 3620
f 3294 3622 3621
f 3295 3623 3622
f 3296 3624 3623
f 3297 3625 3624
f 3298 3626 3625
f 3299 3627 3626
f 3300 3628 3627
f 3301 3629 3628
f 3302 3630 3629
f 3302 3303 3631
f 3579 3632 3304
f 3303 3305 3633
f 3632 3634 3306
f 3635 3636 3308
f 3636 3637 3309
f 3637 3638 3310
f 3638 3639 3311
f 3639 3640 3312
f 3640 3641 3313
f 3641 3642 3314
f 3642 3643 3315
f 3643 3644 3316
f 3644 3645 3317
f 3645 3646 3318
f 3646 3647 3319
f 3647 3648 3320
f 3648 3649 3321
f 3649 3650 3322
f 3650 3651 3323
f 3651 3652 3324
f 3652 3653 3325
f 3653 3654 3326
f 3654 3655 3327
f 3655 3656 3328
f 3656 3657 3329
f 3657 3658 3330
f 3658 3659 3331
f 3659 3660 3332
f 3660 3661 3333
f 3661 3662 3334
f 3662 3663 3335
f 3663 3664 3336
f 3664 3665 3337
f 3665 3666 3338
f 3666 3667 3339
f 3667 3668 3340
f 3668 3669 3341
f 3669 3670 3342
f 3670 3671 3343
f 3671 3672 3344
f 3672 3673 3345
f 3673 3674 3346
f 3674 3675 3347
f 3675 3676 3348
f 3676 3677 3349
f 3677 3678 3350
f 3678 3679 3351
f 3679 3680 3352
f 3680 3681 3353
f 3681 3682 3354
f 3682 3683 3355
f 3305 3356 3684
f 3634 3685 3357
f 3307 3358 3686
f 3683 3687 3359
f 3356 3360 3688
f 3685 3689 3361
f 3358 3362 3690
f 3687 3691 3363
f 3360 3364 3692
f 3689 3693 3365
f 3362 3366 3694
f 3691 3695 3367
f 3364 3368 3696
f 3693 3697 3369
f 3366 3370 3698
f 3695 3699 3371
f 3368 3372 3700
f 3697 3701 3373
f 3370 3374 3702
f 3699 3703 3375
f 3372 3376 3704
f 3701 3705 3377
f 3374 3378 3706
f 3703 3707 3379
f 3376 3380 3708
f 3705 3709 3381
f 3378 3382 3710
f 3707 3711 3383
f 3380 3384 3712
f 3709 3713 3385
f 3382 3386 3714
f 3711 3715 3387
f 3384 3388 3716
f 3713 3717 3389
f 3386 3390 3718
f 3715 3719 3391
f 3388 3392 3720
f 3717 3721 3393
f 3390 3394 3722
f 3719 3723 3395
f 3392 3396 3724
f 3721 3725 3397
f 3394 3398 3726
f 3723 3727 3399
f 3396 3400 3728
f 3725 3729 3401
f 3398 3402 3730
f 3727 3731 3403
f 3400 3404 3732
f 3729 3733 3405
f 3402 3406 3734
f 3731 3735 3407
f 3404 3408 3736
f 3733 3737 3409
f 3406 3410 3738
f 3735 3739 3411
f 3408 3412 3740
f 3737 3741 3413
f 3410 3414 3742
f 3739 3743 3415
f 3412 3416 3744
f 3741 3745 3417
f 3414 3418 3746
f 3743 3747 3419
f 3416 3420 3748
f 3745 3749 3421
f 3418 3422 3750
f 3747 3751 3423
f 3420 3424 3752
f 3749 3753 3425
f 3422 3426 3754
f 3751 3755 3427
f 3424 3428 3756
f 3753 3757 3429
f 3426 3430 3758
f 3755 3759 3431
f 3428 3432 3760
f 3757 3761 3433
f 3430 3434 3762
f 3759 3763 3435
f 3432 3436 3764
f 3761 3765 3437
f 3434 3438 3766
f 3763 3767 3439
f 3436 3440 3768
f 3765 3769 3441
f 3438 3442 3770
f 3767 3771 3443
f 3440 3444 3772
f 3769 3773 3445
f 3442 3446 3774
f 3771 3775 3447
f 3444 3448 3776
f 3773 3777 3449
f 3446 3450 3778
f 3775 3779 3451
f 3448 3452 3780
f 3777 3781 3453
f 3450 3454 3782
f 3779 3783 3455
f 3452 3456 3784
f 3781 3785 3457
f 3454 3458 3786
f 3783 3787 3459
f 3456 3460 3788
f 3785 3789 3461
f 3458 3462 3790
f 3787 3791 3463
f 3460 3464 3792
f 3789 3793 3465
f 3462 3466 3794
f 3791 3795 3467
f 3464 3468 3796
f 3793 3797 3469
f 3466 3470 3798
f 3795 3799 3471
f 3468 3472 3800
f 3797 3801 3473
f 3474 3802 3798
f 3475 3803 3802
f 3476 3804 3803
f 3477 3805 3804
f 3478 3806 3805
f 3479 3807 3806
f 3480 3808 3807
f 3481 3809 3808
f 3482 3810 3809
f 3483 3811 3810
f 3484 3812 3811
f 3485 3813 3812
f 3486 3814 3813
f 3487 3815 3814
f 3488 3816 3815
f 3489 3817 3816
f 3490 3818 3817
f 3491 3819 3818
f 3492 3820 3819
f 3493 3821 3820
f 3494 3822 3821
f 3495 3823 3822
f 3496 3824 3823
f 3497 3825 3824
f 3498 3826 3825
f 3499 3827 3826
f 3500 3828 3827
f 3501 3829 3828
f 3502 3830 3829
f 3503 3831 3830
f 3504 3832 3831
f 3505 3833 3832
f 3506 3834 3833
f 3507 3835 3834
f 3508 3836 3835
f 3509 3837 3836
f 3510 3838 3837
f 3511 3839 3838
f 3512 3840 3839
f 3513 3841 3840
f 3514 3842 3841
f 3515 3843 3842
f 3516 3844 3843
f 3517 3845 3844
f 3518 3846 3845
f 3519 3847 3846
f 3520 3848 3847
f 3471 3799 3848
f 3472 3521 3849
f 3801 3850 3522
f 3521 3523 3851
f 3852 3853 3525
f 3850 3852 3524
f 3853 3854 3526
f 3854 3855 3527
f 3855 3856 3528
f 3856 3857 3529
f 3857 3858 3530
f 3858 3859 3531
f 3859 3860 3532
f 3860 3861 3533
f 3861 3862 3534
f 3862 3863 3535
f 3863 3864 3536
f 3864 3865 3537
f 3865 3866 3538
f 3866 3867 3539
f 3867 3868 3540
f 3868 3869 3541
f 3869 3870 3542
f 3870 3871 3543
f 3871 3872 3544
f 3872 3873 3545
f 3873 3874 3546
f 3874 3875 3547
f 3875 3876 3548
f 3876 3877 3549
f 3877 3878 3550
f 3878 3879 3551
f 3879 3880 3552
f 3880 3881 3553
f 3881 3882 3554
f 3882 3883 3555
f 3883 3884 3556
f 3884 3885 3557
f 3885 3886 3558
f 3886 3887 3559
f 3887 3888 3560
f 3888 3889 3561
f 3889 3890 3562
f 3890 3891 3563
f 3891 3892 3564
f 3892 3893 3565
f 3893 3894 3566
f 3894 3895 3567
f 3895 3896 3568
f 3896 3897 3569
f 3897 3898 3570
f 3898 3899 3571
f 3899 3900 3572
f 3900 3901 3573
f 3901 3902 3574
f 3902 3903 3575
f 3903 3904 3576
f 3523 3576 3904
f 3577 3905 3906
f 3906 3907 3579
f 3580 3908 3905
f 3581 3909 3908
f 3582 3910 3909
f 3583 3911 3910
f 3584 3912 3911
f 3585 3913 3912
f 3586 3914 3913
f 3587 3915 3914
f 3588 3916 3915
f 3589 3917 3916
f 3590 3918 3917
f 3591 3919 3918
f 3592 3920 3919
f 3593 3921 3920
f 3594 3922 3921
f 3595 3923 3922
f 3596 3924 3923
f 3597 3925 3924
f 3598 3926 3925
f 3599 3927 3926
f 3600 3928 3927
f 3601 3929 3928
f 3602 3930 3929
f 3603 3931 3930
f 3604 3932 3931
f 3605 3933 3932
f 3606 3934 3933
f 3607 3935 3934
f 3608 3936 3935
f 3609 3937 3936
f 3610 3938 3937
f 3611 3939 3938
f 3612 3940 3939
f 3613 3941 3940
f 3614 3942 3941
f 3615 3943 3942
f 3616 3944 3943
f 3617 3945 3944
f 3618 3946 3945
f 3619 3947 3946
f 3620 3948 3947
f 3621 3949 3948
f 3622 3950 3949
f 3623 3951 3950
f 3624 3952 3951
f 3625 3953 3952
f 3626 3954 3953
f 3627 3955 3954
f 3628 3956 3955
f 3629 3957 3956
f 3630 3958 3957
f 3630 3631 3959
f 3907 3960 3632
f 3631 3633 3961
f 3960 3962 3634
f 3963 3964 3636
f 3964 3965 3637
f 3965 3966 3638
f 3966 3967 3639
f 3967 3968 3640
f 3968 3969 3641
f 3969 3970 3642
f 3970 3971 3643
f 3971 3972 3644
f 3972 3973 3645
f 3973 3974 3646
f 3974 3975 3647
f 3975 3976 3648
f 3976 3977 3649
f 3977 3978 3650
f 3978 3979 3651
f 3979 3980 3652
f 3980 3981 3653
f 3981 3982 3654
f 3982 3983 3655
f 3983 3984 3656
f 3984 3985 3657
f 3985 3986 3658
f 3986 3987 3659
f 3987 3988 3660
f 3988 3989 3661
f 3989 3990 3662
f 3990 3991 3663
f 3991 3992 3664
f 3992 3993 3665
f 3993 3994 3666
f 3994 3995 3667
f 3995 3996 3668
f 3996 3997 3669
f 3997 3998 3670
f 3998 3999 3671
f 3999 4000 3672
f 4000 4001 3673
f 4001 4002 3674
f 4002 4003 3675
f 4003 4004 3676
f 4004 4005 3677
f 4005 4006 3678
f 4006 4007 3679
f 4007 4008 3680
f 4008 4009 3681
f 4009 4010 3682
f 4010 4011 3683
f 3633 3684 4012
f 3962 4013 3685
f 3635 3686 4014
f 4011 4015 3687
f 3684 3688 4016
f 4013 4017 3689
f 3686 3690 4018
f 4015 4019 3691
f 3688 3692 4020
f 4017 4021 3693
f 3690 3694 4022
f 4019 4023 3695
f 3692 3696 4024
f 4021 4025 3697
f 3694 3698 4026
f 4023 4027 3699
f 3696 3700 4028
f 4025 4029 3701
f 3698 3702 4030
f 4027 4031 3703
f 3700 3704 4032
f 4029 4033 3705
f 3702 3706 4034
f 4031 4035 3707
f 3704 3708 4036
f 4033 4037 3709
f 3706 3710 4038
f 4035 4039 3711
f 3708 3712 4040
f 4037 4041 3713
f 3710 3714 4042
f 4039 4043 3715
f 3712 3716 4044
f 4041 4045 3717
f 3714 3718 4046
f 4043 4047 3719
f 3716 3720 4048
f 4045 4049 3721
f 3718 3722 4050
f 4047 4051 3723
f 3720 3724 4052
f 4049 4053 3725
f 3722 3726 4054
f 4051 4055 3727
f 3724 3728 4056
f 4053 4057 3729
f 3726 3730 4058
f 4055 4059 3731
f 3728 3732 4060
f 4057 4061 3733
f 3730 3734 4062
f 4059 4063 3735
f 3732 3736 4064
f 4061 4065 3737
f 3734 3738 4066
f 4063 4067 3739
f 3736 3740 4068
f 4065 4069 3741
f 3738 3742 4070
f 4067 4071 3743
f 3740 3744 4072
f 4069 4073 3745
f 3742 3746 4074
f 4071 4075 3747
f 3744 3748 4076
f 4073 4077 3749
f 3746 3750 4078
f 4075 4079 3751
f 3748 3752 4080
f 4077 4081 3753
f 3750 3754 4082
f 4079 4083 3755
f 3752 3756 4084
f 4081 4085 3757
f 3754 3758 4086
f 4083 4087 3759
f 3756 3760 4088
f 4085 4089 3761
f 3758 3762 4090
f 4087 4091 3763
f 3760 3764 4092
f 4089 4093 3765
f 3762 3766 4094
f 4091 4095 3767
f 3764 3768 4096
f 4093 4097 3769
f 3766 3770 4098
f 4095 4099 3771
f 3768 3772 4100
f 4097 4101 3773
f 3770 3774 4102
f 4099 4103 3775
f 3772 3776 4104
f 4101 4105 3777
f 3774 3778 4106
f 4103 4107 3779
f 3776 3780 4108
f 4105 4109 3781
f 3778 3782 4110
f 4107 4111 3783
f 3780 3784 4112
f 4109 4113 3785
f 3782 3786 4114
f 4111 4115 3787
f 3784 3788 4116
f 4113 4117 3789
f 3786 3790 4118
f 4115 4119 3791
f 3788 3792 4120
f 4117 4121 3793
f 3790 3794 4122
f 4119 4123 3795
f 3792 3796 4124
f 4121 4125 3797
f 3794 3798 4126
f 4123 4127 3799
f 3796 3800 4128
f 4125 4129 3801
f 3802 4130 4126
f 3803 4131 4130
f 3804 4132 4131
f 3805 4133 4132
f 3806 4134 4133
f 3807 4135 4134
f 3808 4136 4135
f 3809 4137 4136
f 3810 4138 4137
f 3811 4139 4138
f 3812 4140 4139
f 3813 4141 4140
f 3814 4142 4141
f 3815 4143 4142
f 3816 4144 4143
f 3817 4145 4144
f 3818 4146 4145
f 3819 4147 4146
f 3820 4148 4147
f 3821 4149 4148
f 3822 4150 4149
f 3823 4151 4150
f 3824 4152 4151
f 3825 4153 4152
f 3826 4154 4153
f 3827 4155 4154
f 3828 4156 4155
f 3829 4157 4156
f 3830 4158 4157
f 3831 4159 4158
f 3832 4160 4159
f 3833 4161 4160
f 3834 4162 4161
f 3835 4163 4162
f 3836 4164 4163
f 3837 4165 4164
f 3838 4166 4165
f 3839 4167 4166
f 3840 4168 4167
f 3841 4169 4168
f 3842 4170 4169
f 3843 4171 4170
f 3844 4172 4171
f 3845 4173 4172
f 3846 4174 4173
f 3847 4175 4174
f 3848 4176 4175
f 3799 4127 4176
f 3800 3849 4177
f 4129 4178 3850
f 3849 3851 4179
f 4180 4181 3853
f 4178 4180 3852
f 4181 4182 3854
f 4182 4183 3855
f 4183 4184 3856
f 4184 4185 3857
f 4185 4186 3858
f 4186 4187 3859
f 4187 4188 3860
f 4188 4189 3861
f 4189 4190 3862
f 4190 4191 3863
f 4191 4192 3864
f 4192 4193 3865
f 4193 4194 3866
f 4194 4195 3867
f 4195 4196 3868
f 4196 4197 3869
f 4197 4198 3870
f 4198 4199 3871
f 4199 4200 3872
f 4200 4201 3873
f 4201 4202 3874
f 4202 4203 3875
f 4203 4204 3876
f 4204 4205 3877
f 4205 4206 3878
f 4206 4207 3879
f 4207 4208 3880
f 4208 4209 3881
f 4209 4210 3882
f 4210 4211 3883
f 4211 4212 3884
f 4212 4213 3885
f 4213 4214 3886
f 4214 4215 3887
f 4215 4216 3888
f 4216 4217 3889
f 4217 4218 3890
f 4218 4219 3891
f 4219 4220 3892
f 4220 4221 3893
f 4221 4222 3894
f 4222 4223 3895
f 4223 4224 3896
f 4224 4225 3897
f 4225 4226 3898
f 4226 4227 3899
f 4227 4228 3900
f 4228 4229 3901
f 4229 4230 3902
f 4230 4231 3903
f 4231 4232 3904
f 3851 3904 4232
f 3905 4233 4234
f 4234 4235 3907
f 3908 4236 4233
f 3909 4237 4236
f 3910 4238 4237
f 3911 4239 4238
f 3912 4240 4239
f 3913 4241 4240
f 3914 4242 4241
f 3915 4243 4242
f 3916 4244 4243
f 3917 4245 4244
f 3918 4246 4245
f 3919 4247 4246
f 3920 4248 4247
f 3921 4249 4248
f 3922 4250 4249
f 3923 4251 4250
f 3924 4252 4251
f 3925 4253 4252
f 3926 4254 4253
f 3927 4255 4254
f 3928 4256 4255
f 3929 4257 4256
f 3930 4258 4257
f 3931 4259 4258
f 3932 4260 4259
f 3933 4261 4260
f 3934 4262 4261
f 3935 4263 4262
f 3936 4264 4263
f 3937 4265 4264
f 3938 4266 4265
f 3939 4267 4266
f 3940 4268 4267
f 3941 4269 4268
f 3942 4270 4269
f 3943 4271 4270
f 3944 4272 4271
f 3945 4273 4272
f 3946 4274 4273
f 3947 4275 4274
f 3948 4276 4275
f 3949 4277 4276
f 3950 4278 4277
f 3951 4279 4278
f 3952 4280 4279
f 3953 4281 4280
f 3954 4282 4281
f 3955 4283 4282
f 3956 4284 4283
f 3957 4285 4284
f 3958 4286 4285
f 3958 3959 4287
f 4235 4288 3960
f 3959 3961 4289
f 4288 4290 3962
f 4291 4292 3964
f 4292 4293 3965
f 4293 4294 3966
f 4294 4295 3967
f 4295 4296 3968
f 4296 4297 3969
f 4297 4298 3970
f 4298 4299 3971
f 4299 4300 3972
f 4300 4301 3973
f 4301 4302 3974
f 4302 4303 3975
f 4303 4304 3976
f 4304 4305 3977
f 4305 4306 3978
f 4306 4307 3979
f 4307 4308 3980
f 4308 4309 3981
f 4309 4310 3982
f 4310 4311 3983
f 4311 4312 3984
f 4312 4313 3985
f 4313 4314 3986
f 4314 4315 3987
f 4315 4316 3988
f 4316 4317 3989
f 4317 4318 3990
f 4318 4319 3991
f 4319 4320 3992
f 4320 4321 3993
f 4321 4322 3994
f 4322 4323 3995
f 4323 4324 3996
f 4324 4325 3997
f 4325 4326 3998
f 4326 4327 3999
f 4327 4328 4000
f 4328 4329 4001
f 4329 4330 4002
f 4330 4331 4003
f 4331 4332 4004
f 4332 4333 4005
f 4333 4334 4006
f 4334 4335 4007
f 4335 4336 4008
f 4336 4337 4009
f 4337 4338 4010
f 4338 4339 4011
f 3961 4012 4340
f 4290 4341 4013
f 3963 4014 4342
f 4339 4343 4015
f 4012 4016 4344
f 4341 4345 4017
f 4014 4018 4346
f 4343 4347 4019
f 4016 4020 4348
f 4345 4349 4021
f 4018 4022 4350
f 4347 4351 4023
f 4020 4024 4352
f 4349 4353 4025
f 4022 4026 4354
f 4351 4355 4027
f 4024 4028 4356
f 4353 4357 4029
f 4026 4030 4358
f 4355 4359 4031
f 4028 4032 4360
f 4357 4361 4033
f 4030 4034 4362
f 4359 4363 4035
f 4032 4036 4364
f 4361 4365 4037
f 4034 4038 4366
f 4363 4367 4039
f 4036 4040 4368
f 4365 4369 4041
f 4038 4042 4370
f 4367 4371 4043
f 4040 4044 4372
f 4369 4373 4045
f 4042 4046 4374
f 4371 4375 4047
f 4044 4048 4376
f 4373 4377 4049
f 4046 4050 4378
f 4375 4379 4051
f 4048 4052 4380
f 4377 4381 4053
f 4050 4054 4382
f 4379 4383 4055
f 4052 4056 4384
f 4381 4385 4057
f 4054 4058 4386
f 4383 4387 4059
f 4056 4060 4388
f 4385 4389 4061
f 4058 4062 4390
f 4387 4391 4063
f 4060 4064 4392
f 4389 4393 4065
f 4062 4066 4394
f 4391 4395 4067
f 4064 4068 4396
f 4393 4397 4069
f 4066 4070 4398
f 4395 4399 4071
f 4068 4072 4400
f 4397 4401 4073
f 4070 4074 4402
f 4399 4403 4075
f 4072 4076 4404
f 4401 4405 4077
f 4074 4078 4406
f 4403 4407 4079
f 4076 4080 4408
f 4405 4409 4081
f 4078 4082 4410
f 4407 4411 4083
f 4080 4084 4412
f 4409 4413 4085
f 4082 4086 4414
f 4411 4415 4087
f 4084 4088 4416
f 4413 4417 4089
f 4086 4090 4418
f 4415 4419 4091
f 4088 4092 4420
f 4417 4421 4093
f 4090 4094 4422
f 4419 4423 4095
f 4092 4096 4424
f 4421 4425 4097
f 4094 4098 4426
f 4423 4427 4099
f 4096 4100 4428
f 4425 4429 4101
f 4098 4102 4430
f 4427 4431 4103
f 4100 4104 4432
f 4429 4433 4105
f 4102 4106 4434
f 4431 4435 4107
f 4104 4108 4436
f 4433 4437 4109
f 4106 4110 4438
f 4435 4439 4111
f 4108 4112 4440
f 4437 4441 4113
f 4110 4114 4442
f 4439 4443 4115
f 4112 4116 4444
f 4441 4445 4117
f 4114 4118 4446
f 4443 4447 4119
f 4116 4120 4448
f 4445 4449 4121
f 4118 4122 4450
f 4447 4451 4123
f 4120 4124 4452
f 4449 4453 4125
f 4122 4126 4454
f 4451 4455 4127
f 4124 4128 4456
f 4453 4457 4129
f 4130 4458 4454
f 4131 4459 4458
f 4132 4460 4459
f 4133 4461 4460
f 4134 4462 4461
f 4135 4463 4462
f 4136 4464 4463
f 4137 4465 4464
f 4138 4466 4465
f 4139 4467 4466
f 4140 4468 4467
f 4141 4469 4468
f 4142 4470 4469
f 4143 4471 4470
f 4144 4472 4471
f 4145 4473 4472
f 4146 4474 4473
f 4147 4475 4474
f 4148 4476 4475
f 4149 4477 4476
f 4150 4478 4477
f 4151 4479 4478
f 4152 4480 4479
f 4153 4481 4480
f 4154 4482 4481
f 4155 4483 4482
f 4156 4484 4483
f 4157 4485 4484
f 4158 4486 4485
f 4159 4487 4486
f 4160 4488 4487
f 4161 4489 4488
f 4162 4490 4489
f 4163 4491 4490
f 4164 4492 4491
f 4165 4493 4492
f 4166 4494 4493
f 4167 4495 4494
f 4168 4496 4495
f 4169 4497 4496
f 4170 4498 4497
f 4171 4499 4498
f 4172 4500 4499
f 4173 4501 4500
f 4174 4502 4501
f 4175 4503 4502
f 4176 4504 4503
f 4127 4455 4504
f 4128 4177 4505
f 4457 4506 4178
f 4177 4179 4507
f 4508 4509 4181
f 4506 4508 4180
f 4509 4510 4182
f 4510 4511 4183
f 4511 4512 4184
f 4512 4513 4185
f 4513 4514 4186
f 4514 4515 4187
f 4515 4516 4188
f 4516 4517 4189
f 4517 4518 4190
f 4518 4519 4191
f 4519 4520 4192
f 4520 4521 4193
f 4521 4522 4194
f 4522 4523 4195
f 4523 4524 4196
f 4524 4525 4197
f 4525 4526 4198
f 4526 4527 4199
f 4527 4528 4200
f 4528 4529 4201
f 4529 4530 4202
f 4530 4531 4203
f 4531 4532 4204
f 4532 4533 4205
f 4533 4534 4206
f 4534 4535 4207
f 4535 4536 4208
f 4536 4537 4209
f 4537 4538 4210
f 4538 4539 4211
f 4539 4540 4212
f 4540 4541 4213
f 4541 4542 4214
f 4542 4543 4215
f 4543 4544 4216
f 4544 4545 4217
f 4545 4546 4218
f 4546 4547 4219
f 4547 4548 4220
f 4548 4549 4221
f 4549 4550 4222
f 4550 4551 4223
f 4551 4552 4224
f 4552 4553 4225
f 4553 4554 4226
f 4554 4555 4227
f 4555 4556 4228
f 4556 4557 4229
f 4557 4558 4230
f 4558 4559 4231
f 4559 4560 4232
f 4179 4232 4560
f 4233 4561 4562
f 4562 4563 4235
f 4236 4564 4561
f 4237 4565 4564
f 4238 4566 4565
f 4239 4567 4566
f 4240 4568 4567
f 4241 4569 4568
f 4242 4570 4569
f 4243 4571 4570
f 4244 4572 4571
f 4245 4573 4572
f 4246 4574 4573
f 4247 4575 4574
f 4248 4576 4575
f 4249 4577 4576
f 4250 4578 4577
f 4251 4579 4578
f 4252 4580 4579
f 4253 4581 4580
f 4254 4582 4581
f 4255 4583 4582
f 4256 4584 4583
f 4257 4585 4584
f 4258 4586 4585
f 4259 4587 4586
f 4260 4588 4587
f 4261 4589 4588
f 4262 4590 4589
f 4263 4591 4590
f 4264 4592 4591
f 4265 4593 4592
f 4266 4594 4593
f 4267 4595 4594
f 4268 4596 4595
f 4269 4597 4596
f 4270 4598 4597
f 4271 4599 4598
f 4272 4600 4599
f 4273 4601 4600
f 4274 4602 4601
f 4275 4603 4602
f 4276 4604 4603
f 4277 4605 4604
f 4278 4606 4605
f 4279 4607 4606
f 4280 4608 4607
f 4281 4609 4608
f 4282 4610 4609
f 4283 4611 4610
f 4284 4612 4611
f 4285 4613 4612
f 4286 4614 4613
f 4286 4287 4615
f 4563 4616 4288
f 4287 4289 4617
f 4616 4618 4290
f 4619 4620 4292
f 4620 4621 4293
f 4621 4622 4294
f 4622 4623 4295
f 4623 4624 4296
f 4624 4625 4297
f 4625 4626 4298
f 4626 4627 4299
f 4627 4628 4300
f 4628 4629 4301
f 4629 4630 4302
f 4630 4631 4303
f 4631 4632 4304
f 4632 4633 4305
f 4633 4634 4306
f 4634 4635 4307
f 4635 4636 4308
f 4636 4637 4309
f 4637 4638 4310
f 4638 4639 4311
f 4639 4640 4312
f 4640 4641 4313
f 4641 4642 4314
f 4642 4643 4315
f 4643 4644 4316
f 4644 4645 4317
f 4645 4646 4318
f 4646 4647 4319
f 4647 4648 4320
f 4648 4649 4321
f 4649 4650 4322
f 4650 4651 4323
f 4651 4652 4324
f 4652 4653 4325
f 4653 4654 4326
f 4654 4655 4327
f 4655 4656 4328
f 4656 4657 4329
f 4657 4658 4330
f 4658 4659 4331
f 4659 4660 4332
f 4660 4661 4333
f 4661 4662 4334
f 4662 4663 4335
f 4663 4664 4336
f 4664 4665 4337
f 4665 4666 4338
f 4666 4667 4339
f 4289 4340 4668
f 4618 4669 4341
f 4291 4342 4670
f 4667 4671 4343
f 4340 4344 4672
f 4669 4673 4345
f 4342 4346 4674
f 4671 4675 4347
f 4344 4348 4676
f 4673 4677 4349
f 4346 4350 4678
f 4675 4679 4351
f 4348 4352 4680
f 4677 4681 4353
f 4350 4354 4682
f 4679 4683 4355
f 4352 4356 4684
f 4681 4685 4357
f 4354 4358 4686
f 4683 4687 4359
f 4356 4360 4688
f 4685 4689 4361
f 4358 4362 4690
f 4687 4691 4363
f 4360 4364 4692
f 4689 4693 4365
f 4362 4366 4694
f 4691 4695 4367
f 4364 4368 4696
f 4693 4697 4369
f 4366 4370 4698
f 4695 4699 4371
f 4368 4372 4700
f 4697 4701 4373
f 4370 4374 4702
f 4699 4703 4375
f 4372 4376 4704
f 4701 4705 4377
f 4374 4378 4706
f 4703 4707 4379
f 4376 4380 4708
f 4705 4709 4381
f 4378 4382 4710
f 4707 4711 4383
f 4380 4384 4712
f 4709 4713 4385
f 4382 4386 4714
f 4711 4715 4387
f 4384 4388 4716
f 4713 4717 4389
f 4386 4390 4718
f 4715 4719 4391
f 4388 4392 4720
f 4717 4721 4393
f 4390 4394 4722
f 4719 4723 4395
f 4392 4396 4724
f 4721 4725 4397
f 4394 4398 4726
f 4723 4727 4399
f 4396 4400 4728
f 4725 4729 4401
f 4398 4402 4730
f 4727 4731 4403
f 4400 4404 4732
f 4729 4733 4405
f 4402 4406 4734
f 4731 4735 4407
f 4404 4408 4736
f 4733 4737 4409
f 4406 4410 4738
f 4735 4739 4411
f 4408 4412 4740
f 4737 4741 4413
f 4410 4414 4742
f 4739 4743 4415
f 4412 4416 4744
f 4741 4745 4417
f 4414 4418 4746
f 4743 4747 4419
f 4416 4420 4748
f 4745 4749 4421
f 4418 4422 4750
f 4747 4751 4423
f 4420 4424 4752
f 4749 4753 4425
f 4422 4426 4754
f 4751 4755 4427
f 4424 4428 4756
f 4753 4757 4429
f 4426 4430 4758
f 4755 4759 4431
f 4428 4432 4760
f 4757 4761 4433
f 4430 4434 4762
f 4759 4763 4435
f 4432 4436 4764
f 4761 4765 4437
f 4434 4438 4766
f 4763 4767 4439
f 4436 4440 4768
f 4765 4769 4441
f 4438 4442 4770
f 4767 4771 4443
f 4440 4444 4772
f 4769 4773 4445
f 4442 4446 4774
f 4771 4775 4447
f 4444 4448 4776
f 4773 4777 4449
f 4446 4450 4778
f 4775 4779 4451
f 4448 4452 4780
f 4777 4781 4453
f 4450 4454 4782
f 4779 4783 4455
f 4452 4456 4784
f 4781 4785 4457
f 4458 4786 4782
f 4459 4787 4786
f 4460 4788 4787
f 4461 4789 4788
f 4462 4790 4789
f 4463 4791 4790
f 4464 4792 4791
f 4465 4793 4792
f 4466 4794 4793
f 4467 4795 4794
f 4468 4796 4795
f 4469 4797 4796
f 4470 4798 4797
f 4471 4799 4798
f 4472 4800 4799
f 4473 4801 4800
f 4474 4802 4801
f 4475 4803 4802
f 4476 4804 4803
f 4477 4805 4804
f 4478 4806 4805
f 4479 4807 4806
f 4480 4808 4807
f 4481 4809 4808
f 4482 4810 4809
f 4483 4811 4810
f 4484 4812 4811
f 4485 4813 4812
f 4486 4814 4813
f 4487 4815 4814
f 4488 4816 4815
f 4489 4817 4816
f 4490 4818 4817
f 4491 4819 4818
f 4492 4820 4819
f 4493 4821 4820
f 4494 4822 4821
f 4495 4823 4822
f 4496 4824 4823
f 4497 4825 4824
f 4498 4826 4825
f 4499 4827 4826
f 4500 4828 4827
f 4501 4829 4828
f 4502 4830 4829
f 4503 4831 4830
f 4504 4832 4831
f 4455 4783 4832
f 4456 4505 4833
f 4785 4834 4506
f 4505 4507 4835
f 4836 4837 4509
f 4834 4836 4508
f 4837 4838 4510
f 4838 4839 4511
f 4839 4840 4512
f 4840 4841 4513
f 4841 4842 4514
f 4842 4843 4515
f 4843 4844 4516
f 4844 4845 4517
f 4845 4846 4518
f 4846 4847 4519
f 4847 4848 4520
f 4848 4849 4521
f 4849 4850 4522
f 4850 4851 4523
f 4851 4852 4524
f 4852 4853 4525
f 4853 4854 4526
f 4854 4855 4527
f 4855 4856 4528
f 4856 4857 4529
f 4857 4858 4530
f 4858 4859 4531
f 4859 4860 4532
f 4860 4861 4533
f 4861 4862 4534
f 4862 4863 4535
f 4863 4864 4536
f 4864 4865 4537
f 4865 4866 4538
f 4866 4867 4539
f 4867 4868 4540
f 4868 4869 4541
f 4869 4870 4542
f 4870 4871 4543
f 4871 4872 4544
f 4872 4873 4545
f 4873 4874 4546
f 4874 4875 4547
f 4875 4876 4548
f 4876 4877 4549
f 4877 4878 4550
f 4878 4879 4551
f 4879 4880 4552
f 4880 4881 4553
f 4881 4882 4554
f 4882 4883 4555
f 4883 4884 4556
f 4884 4885 4557
f 4885 4886 4558
f 4886 4887 4559
f 4887 4888 4560
f 4507 4560 4888
f 4561 4889 4890
f 4890 4891 4563
f 4564 4892 4889
f 4565 4893 4892
f 4566 4894 4893
f 4567 4895 4894
f 4568 4896 4895
f 4569 4897 4896
f 4570 4898 4897
f 4571 4899 4898
f 4572 4900 4899
f 4573 4901 4900
f 4574 4902 4901
f 4575 4903 4902
f 4576 4904 4903
f 4577 4905 4904
f 4578 4906 4905
f 4579 4907 4906
f 4580 4908 4907
f 4581 4909 4908
f 4582 4910 4909
f 4583 4911 4910
f 4584 4912 4911
f 4585 4913 4912
f 4586 4914 4913
f 4587 4915 4914
f 4588 4916 4915
f 4589 4917 4916
f 4590 4918 4917
f 4591 4919 4918
f 4592 4920 4919
f 4593 4921 4920
f 4594 4922 4921
f 4595 4923 4922
f 4596 4924 4923
f 4597 4925 4924
f 4598 4926 4925
f 4599 4927 4926
f 4600 4928 4927
f 4601 4929 4928
f 4602 4930 4929
f 4603 4931 4930
f 4604 4932 4931
f 4605 4933 4932
f 4606 4934 4933
f 4607 4935 4934
f 4608 4936 4935
f 4609 4937 4936
f 4610 4938 4937
f 4611 4939 4938
f 4612 4940 4939
f 4613 4941 4940
f 4614 4942 4941
f 4614 4615 4943
f 4891 4944 4616
f 4615 4617 4945
f 4944 4946 4618
f 4947 4948 4620
f 4948 4949 4621
f 4949 4950 4622
f 4950 4951 4623
f 4951 4952 4624
f 4952 4953 4625
f 4953 4954 4626
f 4954 4955 4627
f 4955 4956 4628
f 4956 4957 4629
f 4957 4958 4630
f 4958 4959 4631
f 4959 4960 4632
f 4960 4961 4633
f 4961 4962 4634
f 4962 4963 4635
f 4963 4964 4636
f 4964 4965 4637
f 4965 4966 4638
f 4966 4967 4639
f 4967 4968 4640
f 4968 4969 4641
f 4969 4970 4642
f 4970 4971 4643
f 4971 4972 4644
f 4972 4973 4645
f 4973 4974 4646
f 4974 4975 4647
f 4975 4976 4648
f 4976 4977 4649
f 4977 4978 4650
f 4978 4979 4651
f 4979 4980 4652
f 4980 4981 4653
f 4981 4982 4654
f 4982 4983 4655
f 4983 4984 4656
f 4984 4985 4657
f 4985 4986 4658
f 4986 4987 4659
f 4987 4988 4660
f 4988 4989 4661
f 4989 4990 4662
f 4990 4991 4663
f 4991 4992 4664
f 4992 4993 4665
f 4993 4994 4666
f 4994 4995 4667
f 4617 4668 4996
f 4946 4997 4669
f 4619 4670 4998
f 4995 4999 4671
f 4668 4672 5000
f 4997 5001 4673
f 4670 4674 5002
f 4999 5003 4675
f 4672 4676 5004
f 5001 5005 4677
f 4674 4678 5006
f 5003 5007 4679
f 4676 4680 5008
f 5005 5009 4681
f 4678 4682 5010
f 5007 5011 4683
f 4680 4684 5012
f 5009 5013 4685
f 4682 4686 5014
f 5011 5015 4687
f 4684 4688 5016
f 5013 5017 4689
f 4686 4690 5018
f 5015 5019 4691
f 4688 4692 5020
f 5017 5021 4693
f 4690 4694 5022
f 5019 5023 4695
f 4692 4696 5024
f 5021 5025 4697
f 4694 4698 5026
f 5023 5027 4699
f 4696 4700 5028
f 5025 5029 4701
f 4698 4702 5030
f 5027 5031 4703
f 4700 4704 5032
f 5029 5033 4705
f 4702 4706 5034
f 5031 5035 4707
f 4704 4708 5036
f 5033 5037 4709
f 4706 4710 5038
f 5035 5039 4711
f 4708 4712 5040
f 5037 5041 4713
f 4710 4714 5042
f 5039 5043 4715
f 4712 4716 5044
f 5041 5045 4717
f 4714 4718 5046
f 5043 5047 4719
f 4716 4720 5048
f 5045 5049 4721
f 4718 4722 5050
f 5047 5051 4723
f 4720 4724 5052
f 5049 5053 4725
f 4722 4726 5054
f 5051 5055 4727
f 4724 4728 5056
f 5053 5057 4729
f 4726 4730 5058
f 5055 5059 4731
f 4728 4732 5060
f 5057 5061 4733
f 4730 4734 5062
f 5059 5063 4735
f 4732 4736 5064
f 5061 5065 4737
f 4734 4738 5066
f 5063 5067 4739
f 4736 4740 5068
f 5065 5069 4741
f 4738 4742 5070
f 5067 5071 4743
f 4740 4744 5072
f 5069 5073 4745
f 4742 4746 5074
f 5071 5075 4747
f 4744 4748 5076
f 5073 5077 4749
f 4746 4750 5078
f 5075 5079 4751
f 4748 4752 5080
f 5077 5081 4753
f 4750 4754 5082
f 5079 5083 4755
f 4752 4756 5084
f 5081 5085 4757
f 4754 4758 5086
f 5083 5087 4759
f 4756 4760 5088
f 5085 5089 4761
f 4758 4762 5090
f 5087 5091 4763
f 4760 4764 5092
f 5089 5093 4765
f 4762 4766 5094
f 5091 5095 4767
f 4764 4768 5096
f 5093 5097 4769
f 4766 4770 5098
f 5095 5099 4771
f 4768 4772 5100
f 5097 5101 4773
f 4770 4774 5102
f 5099 5103 4775
f 4772 4776 5104
f 5101 5105 4777
f 4774 4778 5106
f 5103 5107 4779
f 4776 4780 5108
f 5105 5109 4781
f 4778 4782 5110
f 5107 5111 4783
f 4780 4784 5112
f 5109 5113 4785
f 4786 5114 5110
f 4787 5115 5114
f 4788 5116 5115
f 4789 5117 5116
f 4790 5118 5117
f 4791 5119 5118
f 4792 5120 5119
f 4793 5121 5120
f 4794 5122 5121
f 4795 5123 5122
f 4796 5124 5123
f 4797 5125 5124
f 4798 5126 5125
f 4799 5127 5126
f 4800 5128 5127
f 4801 5129 5128
f 4802 5130 5129
f 4803 5131 5130
f 4804 5132 5131
f 4805 5133 5132
f 4806 5134 5133
f 4807 5135 5134
f 4808 5136 5135
f 4809 5137 5136
f 4810 5138 5137
f 4811 5139 5138
f 4812 5140 5139
f 4813 5141 5140
f 4814 5142 5141
f 4815 5143 5142
f 4816 5144 5143
f 4817 5145 5144
f 4818 5146 5145
f 4819 5147 5146
f 4820 5148 5147
f 4821 5149 5148
f 4822 5150 5149
f 4823 5151 5150
f 4824 5152 5151
f 4825 5153 5152
f 4826 5154 5153
f 4827 5155 5154
f 4828 5156 5155
f 4829 5157 5156
f 4830 5158 5157
f 4831 5159 5158
f 4832 5160 5159
f 4783 5111 5160
f 4784 4833 5161
f 5113 5162 4834
f 4833 4835 5163
f 5164 5165 4837
f 5162 5164 4836
f 5165 5166 4838
f 5166 5167 4839
f 5167 5168 4840
f 5168 5169 4841
f 5169 5170 4842
f 5170 5171 4843
f 5171 5172 4844
f 5172 5173 4845
f 5173 5174 4846
f 5174 5175 4847
f 5175 5176 4848
f 5176 5177 4849
f 5177 5178 4850
f 5178 5179 4851
f 5179 5180 4852
f 5180 5181 4853
f 5181 5182 4854
f 5182 5183 4855
f 5183 5184 4856
f 5184 5185 4857
f 5185 5186 4858
f 5186 5187 4859
f 5187 5188 4860
f 5188 5189 4861
f 5189 5190 4862
f 5190 5191 4863
f 5191 5192 4864
f 5192 5193 4865
f 5193 5194 4866
f 5194 5195 4867
f 5195 5196 4868
f 5196 5197 4869
f 5197 5198 4870
f 5198 5199 4871
f 5199 5200 4872
f 5200 5201 4873
f 5201 5202 4874
f 5202 5203 4875
f 5203 5204 4876
f 5204 5205 4877
f 5205 5206 4878
f 5206 5207 4879
f 5207 5208 4880
f 5208 5209 4881
f 5209 5210 4882
f 5210 5211 4883
f 5211 5212 4884
f 5212 5213 4885
f 5213 5214 4886
f 5214 5215 4887
f 5215 5216 4888
f 4835 4888 5216
f 4889 5217 5218
f 5218 5219 4891
f 4892 5220 5217
f 4893 5221 5220
f 4894 5222 5221
f 4895 5223 5222
f 4896 5224 5223
f 4897 5225 5224
f 4898 5226 5225
f 4899 5227 5226
f 4900 5228 5227
f 4901 5229 5228
f 4902 5230 5229
f 4903 5231 5230
f 4904 5232 5231
f 4905 5233 5232
f 4906 5234 5233
f 4907 5235 5234
f 4908 5236 5235
f 4909 5237 5236
f 4910 5238 5237
f 4911 5239 5238
f 4912 5240 5239
f 4913 5241 5240
f 4914 5242 5241
f 4915 5243 5242
f 4916 5244 5243
f 4917 5245 5244
f 4918 5246 5245
f 4919 5247 5246
f 4920 5248 5247
f 4921 5249 5248
f 4922 5250 5249
f 4923 5251 5250
f 4924 5252 5251
f 4925 5253 5252
f 4926 5254 5253
f 4927 5255 5254
f 4928 5256 5255
f 4929 5257 5256
f 4930 5258 5257
f 4931 5259 5258
f 4932 5260 5259
f 4933 5261 5260
f 4934 5262 5261
f 4935 5263 5262
f 4936 5264 5263
f 4937 5265 5264
f 4938 5266 5265
f 4939 5267 5266
f 4940 5268 5267
f 4941 5269 5268
f 4942 5270 5269
f 4942 4943 5271
f 5219 5272 4944
f 4943 4945 5273
f 5272 5274 4946
f 5275 5276 4948
f 5276 5277 4949
f 5277 5278 4950
f 5278 5279 4951
f 5279 5280 4952
f 5280 5281 4953
f 5281 5282 4954
f 5282 5283 4955
f 5283 5284 4956
f 5284 5285 4957
f 5285 5286 4958
f 5286 5287 4959
f 5287 5288 4960
f 5288 5289 4961
f 5289 5290 4962
f 5290 5291 4963
f 5291 5292 4964
f 5292 5293 4965
f 5293 5294 4966
f 5294 5295 4967
f 5295 5296 4968
f 5296 5297 4969
f 5297 5298 4970
f 5298 5299 4971
f 5299 5300 4972
f 5300 5301 4973
f 5301 5302 4974
f 5302 5303 4975
f 5303 5304 4976
f 5304 5305 4977
f 5305 5306 4978
f 5306 5307 4979
f 5307 5308 4980
f 5308 5309 4981
f 5309 5310 4982
f 5310 5311 4983
f 5311 5312 4984
f 5312 5313 4985
f 5313 5314 4986
f 5314 5315 4987
f 5315 5316 4988
f 5316 5317 4989
f 5317 5318 4990
f 5318 5319 4991
f 5319 5320 4992
f 5320 5321 4993
f 5321 5322 4994
f 5322 5323 4995
f 4945 4996 5324
f 5274 5325 4997
f 4947 4998 5326
f 5323 5327 4999
f 4996 5000 5328
f 5325 5329 5001
f 4998 5002 5330
f 5327 5331 5003
f 5000 5004 5332
f 5329 5333 5005
f 5002 5006 5334
f 5331 5335 5007
f 5004 5008 5336
f 5333 5337 5009
f 5006 5010 5338
f 5335 5339 5011
f 5008 5012 5340
f 5337 5341 5013
f 5010 5014 5342
f 5339 5343 5015
f 5012 5016 5344
f 5341 5345 5017
f 5014 5018 5346
f 5343 5347 5019
f 5016 5020 5348
f 5345 5349 5021
f 5018 5022 5350
f 5347 5351 5023
f 5020 5024 5352
f 5349 5353 5025
f 5022 5026 5354
f 5351 5355 5027
f 5024 5028 5356
f 5353 5357 5029
f 5026 5030 5358
f 5355 5359 5031
f 5028 5032 5360
f 5357 5361 5033
f 5030 5034 5362
f 5359 5363 5035
f 5032 5036 5364
f 5361 5365 5037
f 5034 5038 5366
f 5363 5367 5039
f 5036 5040 5368
f 5365 5369 5041
f 5038 5042 5370
f 5367 5371 5043
f 5040 5044 5372
f 5369 5373 5045
f 5042 5046 5374
f 5371 5375 5047
f 5044 5048 5376
f 5373 5377 5049
f 5046 5050 5378
f 5375 5379 5051
f 5048 5052 5380
f 5377 5381 5053
f 5050 5054 5382
f 5379 5383 5055
f 5052 5056 5384
f 5381 5385 5057
f 5054 5058 5386
f 5383 5387 5059
f 5056 5060 5388
f 5385 5389 5061
f 5058 5062 5390
f 5387 5391 5063
f 5060 5064 5392
f 5389 5393 5065
f 5062 5066 5394
f 5391 5395 5067
f 5064 5068 5396
f 5393 5397 5069
f 5066 5070 5398
f 5395 5399 5071
f 5068 5072 5400
f 5397 5401 5073
f 5070 5074 5402
f 5399 5403 5075
f 5072 5076 5404
f 5401 5405 5077
f 5074 5078 5406
f 5403 5407 5079
f 5076 5080 5408
f 5405 5409 5081
f 5078 5082 5410
f 5407 5411 5083
f 5080 5084 5412
f 5409 5413 5085
f 5082 5086 5414
f 5411 5415 5087
f 5084 5088 5416
f 5413 5417 5089
f 5086 5090 5418
f 5415 5419 5091
f 5088 5092 5420
f 5417 5421 5093
f 5090 5094 5422
f 5419 5423 5095
f 5092 5096 5424
f 5421 5425 5097
f 5094 5098 5426
f 5423 5427 5099
f 5096 5100 5428
f 5425 5429 5101
f 5098 5102 5430
f 5427 5431 5103
f 5100 5104 5432
f 5429 5433 5105
f 5102 5106 5434
f 5431 5435 5107
f 5104 5108 5436
f 5433 5437 5109
f 5106 5110 5438
f 5435 5439 5111
f 5108 5112 5440
f 5437 5441 5113
f 5114 5442 5438
f 5115 5443 5442
f 5116 5444 5443
f 5117 5445 5444
f 5118 5446 5445
f 5119 5447 5446
f 5120 5448 5447
f 5121 5449 5448
f 5122 5450 5449
f 5123 5451 5450
f 5124 5452 5451
f 5125 5453 5452
f 5126 5454 5453
f 5127 5455 5454
f 5128 5456 5455
f 5129 5457 5456
f 5130 5458 5457
f 5131 5459 5458
f 5132 5460 5459
f 5133 5461 5460
f 5134 5462 5461
f 5135 5463 5462
f 5136 5464 5463
f 5137 5465 5464
f 5138 5466 5465
f 5139 5467 5466
f 5140 5468 5467
f 5141 5469 5468
f 5142 5470 5469
f 5143 5471 5470
f 5144 5472 5471
f 5145 5473 5472
f 5146 5474 5473
f 5147 5475 5474
f 5148 5476 5475
f 5149 5477 5476
f 5150 5478 5477
f 5151 5479 5478
f 5152 5480 5479
f 5153 5481 5480
f 5154 5482 5481
f 5155 5483 5482
f 5156 5484 5483
f 5157 5485 5484
f 5158 5486 5485
f 5159 5487 5486
f 5160 5488 5487
f 5111 5439 5488
f 5112 5161 5489
f 5441 5490 5162
f 5161 5163 5491
f 5492 5493 5165
f 5490 5492 5164
f 5493 5494 5166
f 5494 5495 5167
f 5495 5496 5168
f 5496 5497 5169
f 5497 5498 5170
f 5498 5499 5171
f 5499 5500 5172
f 5500 5501 5173
f 5501 5502 5174
f 5502 5503 5175
f 5503 5504 5176
f 5504 5505 5177
f 5505 5506 5178
f 5506 5507 5179
f 5507 5508 5180
f 5508 5509 5181
f 5509 5510 5182
f 5510 5511 5183
f 5511 5512 5184
f 5512 5513 5185
f 5513 5514 5186
f 5514 5515 5187
f 5515 5516 5188
f 5516 5517 5189
f 5517 5518 5190
f 5518 5519 5191
f 5519 5520 5192
f 5520 5521 5193
f 5521 5522 5194
f 5522 5523 5195
f 5523 5524 5196
f 5524 5525 5197
f 5525 5526 5198
f 5526 5527 5199
f 5527 5528 5200
f 5528 5529 5201
f 5529 5530 5202
f 5530 5531 5203
f 5531 5532 5204
f 5532 5533 5205
f 5533 5534 5206
f 5534 5535 5207
f 5535 5536 5208
f 5536 5537 5209
f 5537 5538 5210
f 5538 5539 5211
f 5539 5540 5212
f 5540 5541 5213
f 5541 5542 5214
f 5542 5543 5215
f 5543 5544 5216
f 5163 5216 5544
f 5217 5545 5546
f 5546 5547 5219
f 5220 5548 5545
f 5221 5549 5548
f 5222 5550 5549
f 5223 5551 5550
f 5224 5552 5551
f 5225 5553 5552
f 5226 5554 5553
f 5227 5555 5554
f 5228 5556 5555
f 5229 5557 5556
f 5230 5558 5557
f 5231 5559 5558
f 5232 5560 5559
f 5233 5561 5560
f 5234 5562 5561
f 5235 5563 5562
f 5236 5564 5563
f 5237 5565 5564
f 5238 5566 5565
f 5239 5567 5566
f 5240 5568 5567
f 5241 5569 5568
f 5242 5570 5569
f 5243 5571 5570
f 5244 5572 5571
f 5245 5573 5572
f 5246 5574 5573
f 5247 5575 5574
f 5248 5576 5575
f 5249 5577 5576
f 5250 5578 5577
f 5251 5579 5578
f 5252 5580 5579
f 5253 5581 5580
f 5254 5582 5581
f 5255 5583 5582
f 5256 5584 5583
f 5257 5585 5584
f 5258 5586 5585
f 5259 5587 5586
f 5260 5588 5587
f 5261 5589 5588
f 5262 5590 5589
f 5263 5591 5590
f 5264 5592 5591
f 5265 5593 5592
f 5266 5594 5593
f 5267 5595 5594
f 5268 5596 5595
f 5269 5597 5596
f 5270 5598 5597
f 5270 5271 5599
f 5547 5600 5272
f 5271 5273 5601
f 5600 5602 5274
f 5603 5604 5276
f 5604 5605 5277
f 5605 5606 5278
f 5606 5607 5279
f 5607 5608 5280
f 5608 5609 5281
f 5609 5610 5282
f 5610 5611 5283
f 5611 5612 5284
f 5612 5613 5285
f 5613 5614 5286
f 5614 5615 5287
f 5615 5616 5288
f 5616 5617 5289
f 5617 5618 5290
f 5618 5619 5291
f 5619 5620 5292
f 5620 5621 5293
f 5621 5622 5294
f 5622 5623 5295
f 5623 5624 5296
f 5624 5625 5297
f 5625 5626 5298
f 5626 5627 5299
f 5627 5628 5300
f 5628 5629 5301
f 5629 5630 5302
f 5630 5631 5303
f 5631 5632 5304
f 5632 5633 5305
f 5633 5634 5306
f 5634 5635 5307
f 5635 5636 5308
f 5636 5637 5309
f 5637 5638 5310
f 5638 5639 5311
f 5639 5640 5312
f 5640 5641 5313
f 5641 5642 5314
f 5642 5643 5315
f 5643 5644 5316
f 5644 5645 5317
f 5645 5646 5318
f 5646 5647 5319
f 5647 5648 5320
f 5648 5649 5321
f 5649 5650 5322
f 5650 5651 5323
f 5273 5324 5652
f 5602 5653 5325
f 5275 5326 5654
f 5651 5655 5327
f 5324 5328 5656
f 5653 5657 5329
f 5326 5330 5658
f 5655 5659 5331
f 5328 5332 5660
f 5657 5661 5333
f 5330 5334 5662
f 5659 5663 5335
f 5332 5336 5664
f 5661 5665 5337
f 5334 5338 5666
f 5663 5667 5339
f 5336 5340 5668
f 5665 5669 5341
f 5338 5342 5670
f 5667 5671 5343
f 5340 5344 5672
f 5669 5673 5345
f 5342 5346 5674
f 5671 5675 5347
f 5344 5348 5676
f 5673 5677 5349
f 5346 5350 5678
f 5675 5679 5351
f 5348 5352 5680
f 5677 5681 5353
f 5350 5354 5682
f 5679 5683 5355
f 5352 5356 5684
f 5681 5685 5357
f 5354 5358 5686
f 5683 5687 5359
f 5356 5360 5688
f 5685 5689 5361
f 5358 5362 5690
f 5687 5691 5363
f 5360 5364 5692
f 5689 5693 5365
f 5362 5366 5694
f 5691 5695 5367
f 5364 5368 5696
f 5693 5697 5369
f 5366 5370 5698
f 5695 5699 5371
f 5368 5372 5700
f 5697 5701 5373
f 5370 5374 5702
f 5699 5703 5375
f 5372 5376 5704
f 5701 5705 5377
f 5374 5378 5706
f 5703 5707 5379
f 5376 5380 5708
f 5705 5709 5381
f 5378 5382 5710
f 5707 5711 5383
f 5380 5384 5712
f 5709 5713 5385
f 5382 5386 5714
f 5711 5715 5387
f 5384 5388 5716
f 5713 5717 5389
f 5386 5390 5718
f 5715 5719 5391
f 5388 5392 5720
f 5717 5721 5393
f 5390 5394 5722
f 5719 5723 5395
f 5392 5396 5724
f 5721 5725 5397
f 5394 5398 5726
f 5723 5727 5399
f 5396 5400 5728
f 5725 5729 5401
f 5398 5402 5730
f 5727 5731 5403
f 5400 5404 5732
f 5729 5733 5405
f 5402 5406 5734
f 5731 5735 5407
f 5404 5408 5736
f 5733 5737 5409
f 5406 5410 5738
f 5735 5739 5411
f 5408 5412 5740
f 5737 5741 5413
f 5410 5414 5742
f 5739 5743 5415
f 5412 5416 5744
f 5741 5745 5417
f 5414 5418 5746
f 5743 5747 5419
f 5416 5420 5748
f 5745 5749 5421
f 5418 5422 5750
f 5747 5751 5423
f 5420 5424 5752
f 5749 5753 5425
f 5422 5426 5754
f 5751 5755 5427
f 5424 5428 5756
f 5753 5757 5429
f 5426 5430 5758
f 5755 5759 5431
f 5428 5432 5760
f 5757 5761 5433
f 5430 5434 5762
f 5759 5763 5435
f 5432 5436 5764
f 5761 5765 5437
f 5434 5438 5766
f 5763 5767 5439
f 5436 5440 5768
f 5765 5769 5441
f 5442 5770 5766
f 5443 5771 5770
f 5444 5772 5771
f 5445 5773 5772
f 5446 5774 5773
f 5447 5775 5774
f 5448 5776 5775
f 5449 5777 5776
f 5450 5778 5777
f 5451 5779 5778
f 5452 5780 5779
f 5453 5781 5780
f 5454 5782 5781
f 5455 5783 5782
f 5456 5784 5783
f 5457 5785 5784
f 5458 5786 5785
f 5459 5787 5786
f 5460 5788 5787
f 5461 5789 5788
f 5462 5790 5789
f 5463 5791 5790
f 5464 5792 5791
f 5465 5793 5792
f 5466 5794 5793
f 5467 5795 5794
f 5468 5796 5795
f 5469 5797 5796
f 5470 5798 5797
f 5471 5799 5798
f 5472 5800 5799
f 5473 5801 5800
f 5474 5802 5801
f 5475 5803 5802
f 5476 5804 5803
f 5477 5805 5804
f 5478 5806 5805
f 5479 5807 5806
f 5480 5808 5807
f 5481 5809 5808
f 5482 5810 5809
f 5483 5811 5810
f 5484 5812 5811
f 5485 5813 5812
f 5486 5814 5813
f 5487 5815 5814
f 5488 5816 5815
f 5439 5767 5816
f 5440 5489 5817
f 5769 5818 5490
f 5489 5491 5819
f 5820 5821 5493
f 5818 5820 5492
f 5821 5822 5494
f 5822 5823 5495
f 5823 5824 5496
f 5824 5825 5497
f 5825 5826 5498
f 5826 5827 5499
f 5827 5828 5500
f 5828 5829 5501
f 5829 5830 5502
f 5830 5831 5503
f 5831 5832 5504
f 5832 5833 5505
f 5833 5834 5506
f 5834 5835 5507
f 5835 5836 5508
f 5836 5837 5509
f 5837 5838 5510
f 5838 5839 5511
f 5839 5840 5512
f 5840 5841 5513
f 5841 5842 5514
f 5842 5843 5515
f 5843 5844 5516
f 5844 5845 5517
f 5845 5846 5518
f 5846 5847 5519
f 5847 5848 5520
f 5848 5849 5521
f 5849 5850 5522
f 5850 5851 5523
f 5851 5852 5524
f 5852 5853 5525
f 5853 5854 5526
f 5854 5855 5527
f 5855 5856 5528
f 5856 5857 5529
f 5857 5858 5530
f 5858 5859 5531
f 5859 5860 5532
f 5860 5861 5533
f 5861 5862 5534
f 5862 5863 5535
f 5863 5864 5536
f 5864 5865 5537
f 5865 5866 5538
f 5866 5867 5539
f 5867 5868 5540
f 5868 5869 5541
f 5869 5870 5542
f 5870 5871 5543
f 5871 5872 5544
f 5491 5544 5872
f 5545 5873 5874
f 5874 5875 5547
f 5548 5876 5873
f 5549 5877 5876
f 5550 5878 5877
f 5551 5879 5878
f 5552 5880 5879
f 5553 5881 5880
f 5554 5882 5881
f 5555 5883 5882
f 5556 5884 5883
f 5557 5885 5884
f 5558 5886 5885
f 5559 5887 5886
f 5560 5888 5887
f 5561 5889 5888
f 5562 5890 5889
f 5563 5891 5890
f 5564 5892 5891
f 5565 5893 5892
f 5566 5894 5893
f 5567 5895 5894
f 5568 5896 5895
f 5569 5897 5896
f 5570 5898 5897
f 5571 5899 5898
f 5572 5900 5899
f 5573 5901 5900
f 5574 5902 5901
f 5575 5903 5902
f 5576 5904 5903
f 5577 5905 5904
f 5578 5906 5905
f 5579 5907 5906
f 5580 5908 5907
f 5581 5909 5908
f 5582 5910 5909
f 5583 5911 5910
f 5584 5912 5911
f 5585 5913 5912
f 5586 5914 5913
f 5587 5915 5914
f 5588 5916 5915
f 5589 5917 5916
f 5590 5918 5917
f 5591 5919 5918
f 5592 5920 5919
f 5593 5921 5920
f 5594 5922 5921
f 5595 5923 5922
f 5596 5924 5923
f 5597 5925 5924
f 5598 5926 5925
f 5598 5599 5927
f 5875 5928 5600
f 5599 5601 5929
f 5928 5930 5602
f 5931 5932 5604
f 5932 5933 5605
f 5933 5934 5606
f 5934 5935 5607
f 5935 5936 5608
f 5936 5937 5609
f 5937 5938 5610
f 5938 5939 5611
f 5939 5940 5612
f 5940 5941 5613
f 5941 5942 5614
f 5942 5943 5615
f 5943 5944 5616
f 5944 5945 5617
f 5945 5946 5618
f 5946 5947 5619
f 5947 5948 5620
f 5948 5949 5621
f 5949 5950 5622
f 5950 5951 5623
f 5951 5952 5624
f 5952 5953 5625
f 5953 5954 5626
f 5954 5955 5627
f 5955 5956 5628
f 5956 5957 5629
f 5957 5958 5630
f 5958 5959 5631
f 5959 5960 5632
f 5960 5961 5633
f 5961 5962 5634
f 5962 5963 5635
f 5963 5964 5636
f 5964 5965 5637
f 5965 5966 5638
f 5966 5967 5639
f 5967 5968 5640
f 5968 5969 5641
f 5969 5970 5642
f 5970 5971 5643
f 5971 5972 5644
f 5972 5973 5645
f 5973 5974 5646
f 5974 5975 5647
f 5975 5976 5648
f 5976 5977 5649
f 5977 5978 5650
f 5978 5979 5651
f 5601 5652 5980
f 5930 5981 5653
f 5603 5654 5982
f 5979 5983 5655
f 5652 5656 5984
f 5981 5985 5657
f 5654 5658 5986
f 5983 5987 5659
f 5656 5660 5988
f 5985 5989 5661
f 5658 5662 5990
f 5987 5991 5663
f 5660 5664 5992
f 5989 5993 5665
f 5662 5666 5994
f 5991 5995 5667
f 5664 5668 5996
f 5993 5997 5669
f 5666 5670 5998
f 5995 5999 5671
f 5668 5672 6000
f 5997 6001 5673
f 5670 5674 6002
f 5999 6003 5675
f 5672 5676 6004
f 6001 6005 5677
f 5674 5678 6006
f 6003 6007 5679
f 5676 5680 6008
f 6005 6009 5681
f 5678 5682 6010
f 6007 6011 5683
f 5680 5684 6012
f 6009 6013 5685
f 5682 5686 6014
f 6011 6015 5687
f 5684 5688 6016
f 6013 6017 5689
f 5686 5690 6018
f 6015 6019 5691
f 5688 5692 6020
f 6017 6021 5693
f 5690 5694 6022
f 6019 6023 5695
f 5692 5696 6024
f 6021 6025 5697
f 5694 5698 6026
f 6023 6027 5699
f 5696 5700 6028
f 6025 6029 5701
f 5698 5702 6030
f 6027 6031 5703
f 5700 5704 6032
f 6029 6033 5705
f 5702 5706 6034
f 6031 6035 5707
f 5704 5708 6036
f 6033 6037 5709
f 5706 5710 6038
f 6035 6039 5711
f 5708 5712 6040
f 6037 6041 5713
f 5710 5714 6042
f 6039 6043 5715
f 5712 5716 6044
f 6041 6045 5717
f 5714 5718 6046
f 6043 6047 5719
f 5716 5720 6048
f 6045 6049 5721
f 5718 5722 6050
f 6047 6051 5723
f 5720 5724 6052
f 6049 6053 5725
f 5722 5726 6054
f 6051 6055 5727
f 5724 5728 6056
f 6053 6057 5729
f 5726 5730 6058
f 6055 6059 5731
f 5728 5732 6060
f 6057 6061 5733
f 5730 5734 6062
f 6059 6063 5735
f 5732 5736 6064
f 6061 6065 5737
f 5734 5738 6066
f 6063 6067 5739
f 5736 5740 6068
f 6065 6069 5741
f 5738 5742 6070
f 6067 6071 5743
f 5740 5744 6072
f 6069 6073 5745
f 5742 5746 6074
f 6071 6075 5747
f 5744 5748 6076
f 6073 6077 5749
f 5746 5750 6078
f 6075 6079 5751
f 5748 5752 6080
f 6077 6081 5753
f 5750 5754 6082
f 6079 6083 5755
f 5752 5756 6084
f 6081 6085 5757
f 5754 5758 6086
f 6083 6087 5759
f 5756 5760 6088
f 6085 6089 5761
f 5758 5762 6090
f 6087 6091 5763
f 5760 5764 6092
f 6089 6093 5765
f 5762 5766 6094
f 6091 6095 5767
f 5764 5768 6096
f 6093 6097 5769
f 5770 6098 6094
f 5771 6099 6098
f 5772 6100 6099
f 5773 6101 6100
f 5774 6102 6101
f 5775 6103 6102
f 5776 6104 6103
f 5777 6105 6104
f 5778 6106 6105
f 5779 6107 6106
f 5780 6108 6107
f 5781 6109 6108
f 5782 6110 6109
f 5783 6111 6110
f 5784 6112 6111
f 5785 6113 6112
f 5786 6114 6113
f 5787 6115 6114
f 5788 6116 6115
f 5789 6117 6116
f 5790 6118 6117
f 5791 6119 6118
f 5792 6120 6119
f 5793 6121 6120
f 5794 6122 6121
f 5795 6123 6122
f 5796 6124 6123
f 5797 6125 6124
f 5798 6126 6125
f 5799 6127 6126
f 5800 6128 6127
f 5801 6129 6128
f 5802 6130 6129
f 5803 6131 6130
f 5804 6132 6131
f 5805 6133 6132
f 5806 6134 6133
f 5807 6135 6134
f 5808 6136 6135
f 5809 6137 6136
f 5810 6138 6137
f 5811 6139 6138
f 5812 6140 6139
f 5813 6141 6140
f 5814 6142 6141
f 5815 6143 6142
f 5816 6144 6143
f 5767 6095 6144
f 5768 5817 6145
f 6097 6146 5818
f 5817 5819 6147
f 6148 6149 5821
f 6146 6148 5820
f 6149 6150 5822
f 6150 6151 5823
f 6151 6152 5824
f 6152 6153 5825
f 6153 6154 5826
f 6154 6155 5827
f 6155 6156 5828
f 6156 6157 5829
f 6157 6158 5830
f 6158 6159 5831
f 6159 6160 5832
f 6160 6161 5833
f 6161 6162 5834
f 6162 6163 5835
f 6163 6164 5836
f 6164 6165 5837
f 6165 6166 5838
f 6166 6167 5839
f 6167 6168 5840
f 6168 6169 5841
f 6169 6170 5842
f 6170 6171 5843
f 6171 6172 5844
f 6172 6173 5845
f 6173 6174 5846
f 6174 6175 5847
f 6175 6176 5848
f 6176 6177 5849
f 6177 6178 5850
f 6178 6179 5851
f 6179 6180 5852
f 6180 6181 5853
f 6181 6182 5854
f 6182 6183 5855
f 6183 6184 5856
f 6184 6185 5857
f 6185 6186 5858
f 6186 6187 5859
f 6187 6188 5860
f 6188 6189 5861
f 6189 6190 5862
f 6190 6191 5863
f 6191 6192 5864
f 6192 6193 5865
f 6193 6194 5866
f 6194 6195 5867
f 6195 6196 5868
f 6196 6197 5869
f 6197 6198 5870
f 6198 6199 5871
f 6199 6200 5872
f 5819 5872 6200
f 5873 6201 6202
f 6202 6203 5875
f 5876 6204 6201
f 5877 6205 6204
f 5878 6206 6205
f 5879 6207 6206
f 5880 6208 6207
f 5881 6209 6208
f 5882 6210 6209
f 5883 6211 6210
f 5884 6212 6211
f 5885 6213 6212
f 5886 6214 6213
f 5887 6215 6214
f 5888 6216 6215
f 5889 6217 6216
f 5890 6218 6217
f 5891 6219 6218
f 5892 6220 6219
f 5893 6221 6220
f 5894 6222 6221
f 5895 6223 6222
f 5896 6224 6223
f 5897 6225 6224
f 5898 6226 6225
f 5899 6227 6226
f 5900 6228 6227
f 5901 6229 6228
f 5902 6230 6229
f 5903 6231 6230
f 5904 6232 6231
f 5905 6233 6232
f 5906 6234 6233
f 5907 6235 6234
f 5908 6236 6235
f 5909 6237 6236
f 5910 6238 6237
f 5911 6239 6238
f 5912 6240 6239
f 5913 6241 6240
f 5914 6242 6241
f 5915 6243 6242
f 5916 6244 6243
f 5917 6245 6244
f 5918 6246 6245
f 5919 6247 6246
f 5920 6248 6247
f 5921 6249 6248
f 5922 6250 6249
f 5923 6251 6250
f 5924 6252 6251
f 5925 6253 6252
f 5926 6254 6253
f 5926 5927 6255
f 6203 6256 5928
f 5927 5929 6257
f 6256 6258 5930
f 6259 6260 5932
f 6260 6261 5933
f 6261 6262 5934
f 6262 6263 5935
f 6263 6264 5936
f 6264 6265 5937
f 6265 6266 5938
f 6266 6267 5939
f 6267 6268 5940
f 6268 6269 5941
f 6269 6270 5942
f 6270 6271 5943
f 6271 6272 5944
f 6272 6273 5945
f 6273 6274 5946
f 6274 6275 5947
f 6275 6276 5948
f 6276 6277 5949
f 6277 6278 5950
f 6278 6279 5951
f 6279 6280 5952
f 6280 6281 5953
f 6281 6282 5954
f 6282 6283 5955
f 6283 6284 5956
f 6284 6285 5957
f 6285 6286 5958
f 6286 6287 5959
f 6287 6288 5960
f 6288 6289 5961
f 6289 6290 5962
f 6290 6291 5963
f 6291 6292 5964
f 6292 6293 5965
f 6293 6294 5966
f 6294 6295 5967
f 6295 6296 5968
f 6296 6297 5969
f 6297 6298 5970
f 6298 6299 5971
f 6299 6300 5972
f 6300 6301 5973
f 6301 6302 5974
f 6302 6303 5975
f 6303 6304 5976
f 6304 6305 5977
f 6305 6306 5978
f 6306 6307 10579
f 5929 5980 6308
f 6258 6309 5981
f 5931 5982 10580
f 6307 6311 5983
f 5980 5984 6312
f 6309 6313 5985
f 5982 5986 6314
f 6311 6315 5987
f 5984 5988 6316
f 6313 6317 5989
f 5986 5990 6318
f 6315 6319 5991
f 5988 5992 6320
f 6317 6321 5993
f 5990 5994 6322
f 6319 6323 5995
f 5992 5996 6324
f 6321 6325 5997
f 5994 5998 6326
f 6323 6327 5999
f 5996 6000 6328
f 6325 6329 6001
f 5998 6002 6330
f 6327 6331 6003
f 6000 6004 6332
f 6329 6333 6005
f 6002 6006 6334
f 6331 6335 6007
f 6004 6008 6336
f 6333 6337 6009
f 6006 6010 6338
f 6335 6339 6011
f 6008 6012 6340
f 6337 6341 6013
f 6010 6014 6342
f 6339 6343 6015
f 6012 6016 6344
f 6341 6345 6017
f 6014 6018 6346
f 6343 6347 6019
f 6016 6020 6348
f 6345 6349 6021
f 6018 6022 6350
f 6347 6351 6023
f 6020 6024 6352
f 6349 6353 6025
f 6022 6026 6354
f 6351 6355 6027
f 6024 6028 6356
f 6353 6357 6029
f 6026 6030 6358
f 6355 6359 6031
f 6028 6032 6360
f 6357 6361 6033
f 6030 6034 6362
f 6359 6363 6035
f 6032 6036 6364
f 6361 6365 6037
f 6034 6038 6366
f 6363 6367 6039
f 6036 6040 6368
f 6365 6369 6041
f 6038 6042 6370
f 6367 6371 6043
f 6040 6044 6372
f 6369 6373 6045
f 6042 6046 6374
f 6371 6375 6047
f 6044 6048 6376
f 6373 6377 6049
f 6046 6050 6378
f 6375 6379 6051
f 6048 6052 6380
f 6377 6381 6053
f 6050 6054 6382
f 6379 6383 6055
f 6052 6056 6384
f 6381 6385 6057
f 6054 6058 6386
f 6383 6387 6059
f 6056 6060 6388
f 6385 6389 6061
f 6058 6062 6390
f 6387 6391 6063
f 6060 6064 6392
f 6389 6393 6065
f 6062 6066 6394
f 6391 6395 6067
f 6064 6068 6396
f 6393 6397 6069
f 6066 6070 6398
f 6395 6399 6071
f 6068 6072 6400
f 6397 6401 6073
f 6070 6074 6402
f 6399 6403 6075
f 6072 6076 6404
f 6401 6405 6077
f 6074 6078 6406
f 6403 6407 6079
f 6076 6080 6408
f 6405 6409 6081
f 6078 6082 6410
f 6407 6411 6083
f 6080 6084 6412
f 6409 6413 6085
f 6082 6086 6414
f 6411 6415 6087
f 6084 6088 6416
f 6413 6417 6089
f 6086 6090 6418
f 6415 6419 6091
f 6088 6092 6420
f 6417 6421 6093
f 6090 6094 6422
f 6419 6423 10581
f 6092 6096 6424
f 6421 6425 6097
f 6098 6426 6422
f 6099 6427 6426
f 6100 6428 6427
f 6101 6429 6428
f 6102 6430 6429
f 6103 6431 6430
f 6104 6432 6431
f 6105 6433 6432
f 6106 6434 6433
f 6107 6435 6434
f 6108 6436 6435
f 6109 6437 6436
f 6110 6438 6437
f 6111 6439 6438
f 6112 6440 6439
f 6113 6441 6440
f 6114 6442 6441
f 6115 6443 6442
f 6116 6444 6443
f 6117 6445 6444
f 6118 6446 6445
f 6119 6447 6446
f 6120 6448 6447
f 6121 6449 6448
f 6122 6450 6449
f 6123 6451 6450
f 6124 6452 6451
f 6125 6453 6452
f 6126 6454 6453
f 6127 6455 6454
f 6128 6456 6455
f 6129 6457 6456
f 6130 6458 6457
f 6131 6459 6458
f 6132 6460 6459
f 6133 6461 6460
f 6134 6462 6461
f 6135 6463 6462
f 6136 6464 6463
f 6137 6465 6464
f 6138 6466 6465
f 6139 6467 6466
f 6140 6468 6467
f 6141 6469 6468
f 6142 6470 6469
f 6143 6471 6470
f 6144 6472 6471
f 6095 6423 10582
f 6096 6145 6473
f 6425 6474 6146
f 6145 6147 6475
f 6476 6477 6149
f 6474 6476 6148
f 6477 6478 6150
f 6478 6479 6151
f 6479 6480 6152
f 6480 6481 6153
f 6481 6482 6154
f 6482 6483 6155
f 6483 6484 6156
f 6484 6485 6157
f 6485 6486 6158
f 6486 6487 6159
f 6487 6488 6160
f 6488 6489 6161
f 6489 6490 6162
f 6490 6491 6163
f 6491 6492 6164
f 6492 6493 6165
f 6493 6494 6166
f 6494 6495 6167
f 6495 6496 6168
f 6496 6497 6169
f 6497 6498 6170
f 6498 6499 6171
f 6499 6500 6172
f 6500 6501 6173
f 6501 6502 6174
f 6502 6503 6175
f 6503 6504 6176
f 6504 6505 6177
f 6505 6506 6178
f 6506 6507 6179
f 6507 6508 6180
f 6508 6509 6181
f 6509 6510 6182
f 6510 6511 6183
f 6511 6512 6184
f 6512 6513 6185
f 6513 6514 6186
f 6514 6515 6187
f 6515 6516 6188
f 6516 6517 6189
f 6517 6518 6190
f 6518 6519 6191
f 6519 6520 6192
f 6520 6521 6193
f 6521 6522 6194
f 6522 6523 6195
f 6523 6524 6196
f 6524 6525 6197
f 6525 6526 6198
f 6526 6527 6199
f 6527 6528 6200
f 6147 6200 6528
f 6201 6529 6530
f 6529 6531 10583
f 6530 6532 6203
f 6204 6533 6529
f 6533 6534 6531
f 6205 6535 6533
f 6535 6536 6534
f 6206 6537 6535
f 6537 6538 6536
f 6207 6539 6537
f 6539 6540 6538
f 6208 6541 6539
f 6541 6542 6540
f 6209 6543 6541
f 6543 6544 6542
f 6210 6545 6543
f 6545 6546 6544
f 6211 6547 6545
f 6547 6548 6546
f 6212 6549 6547
f 6549 6550 6548
f 6213 6551 6549
f 6551 6552 6550
f 6214 6553 6551
f 6553 6554 6552
f 6215 6555 6553
f 6555 6556 6554
f 6216 6557 6555
f 6557 6558 6556
f 6217 6559 6557
f 6559 6560 6558
f 6218 6561 6559
f 6561 6562 6560
f 6219 6563 6561
f 6563 6564 6562
f 6220 6565 6563
f 6565 6566 6564
f 6221 6567 6565
f 6567 6568 6566
f 6222 6569 6567
f 6569 6570 6568
f 6223 6571 6569
f 6571 6572 6570
f 6224 6573 6571
f 6573 6574 6572
f 6225 6575 6573
f 6575 6576 6574
f 6226 6577 6575
f 6577 6578 6576
f 6227 6579 6577
f 6579 6580 6578
f 6228 6581 6579
f 6581 6582 6580
f 6229 6583 6581
f 6583 6584 6582
f 6230 6585 6583
f 6585 6586 6584
f 6231 6587 6585
f 6587 6588 6586
f 6232 6589 6587
f 6589 6590 6588
f 6233 6591 6589
f 6591 6592 6590
f 6234 6593 6591
f 6593 6594 6592
f 6235 6595 6593
f 6595 6596 6594
f 6236 6597 6595
f 6597 6598 6596
f 6237 6599 6597
f 6599 6600 6598
f 6238 6601 6599
f 6601 6602 6600
f 6239 6603 6601
f 6603 6604 6602
f 6240 6605 6603
f 6605 6606 6604
f 6241 6607 6605
f 6607 6608 6606
f 6242 6609 6607
f 6609 6610 6608
f 6243 6611 6609
f 6611 6612 6610
f 6244 6613 6611
f 6613 6614 6612
f 6245 6615 6613
f 6615 6616 6614
f 6246 6617 6615
f 6617 6618 6616
f 6247 6619 6617
f 6619 6620 6618
f 6248 6621 6619
f 6621 6622 6620
f 6249 6623 6621
f 6623 6624 6622
f 6250 6625 6623
f 6625 6626 6624
f 6251 6627 6625
f 6627 6628 6626
f 6252 6629 6627
f 6629 6630 6628
f 6253 6631 6629
f 6631 6632 6630
f 6254 6633 10584
f 6633 6634 6632
f 6254 6255 10585
f 6531 6635 6636
f 6532 6636 6256
f 6534 6637 6635
f 6536 6638 6637
f 6538 6639 6638
f 6540 6640 6639
f 6542 6641 6640
f 6544 6642 6641
f 6546 6643 6642
f 6548 6644 6643
f 6550 6645 6644
f 6552 6646 6645
f 6554 6647 6646
f 6556 6648 6647
f 6558 6649 6648
f 6560 6650 6649
f 6562 6651 6650
f 6564 6652 6651
f 6566 6653 6652
f 6568 6654 6653
f 6570 6655 6654
f 6572 6656 6655
f 6574 6657 6656
f 6576 6658 6657
f 6578 6659 6658
f 6580 6660 6659
f 6582 6661 6660
f 6584 6662 6661
f 6586 6663 6662
f 6588 6664 6663
f 6590 6665 6664
f 6592 6666 6665
f 6594 6667 6666
f 6596 6668 6667
f 6598 6669 6668
f 6600 6670 6669
f 6602 6671 6670
f 6604 6672 6671
f 6606 6673 6672
f 6608 6674 6673
f 6610 6675 6674
f 6612 6676 6675
f 6614 6677 6676
f 6616 6678 6677
f 6618 6679 6678
f 6620 6680 6679
f 6622 6681 6680
f 6624 6682 6681
f 6626 6683 6682
f 6628 6684 6683
f 6630 6685 6684
f 6632 6686 6685
f 6634 6687 6686
f 6255 6257 6687
f 6635 6688 6689
f 6636 6689 6258
f 6637 6690 6688
f 6638 6691 6690
f 6639 6692 6691
f 6640 6693 6692
f 6641 6694 6693
f 6642 6695 6694
f 6643 6696 6695
f 6644 6697 6696
f 6645 6698 6697
f 6646 6699 6698
f 6647 6700 6699
f 6648 6701 6700
f 6649 6702 6701
f 6650 6703 6702
f 6651 6704 6703
f 6652 6705 6704
f 6653 6706 6705
f 6654 6707 6706
f 6655 6708 6707
f 6656 6709 6708
f 6657 6710 6709
f 6658 6711 6710
f 6659 6712 6711
f 6660 6713 6712
f 6661 6714 6713
f 6662 6715 6714
f 6663 6716 6715
f 6664 6717 6716
f 6665 6718 6717
f 6666 6719 6718
f 6667 6720 6719
f 6668 6721 6720
f 6669 6722 6721
f 6670 6723 6722
f 6671 6724 6723
f 6672 6725 6724
f 6673 6726 6725
f 6674 6727 6726
f 6675 6728 6727
f 6676 6729 6728
f 6677 6730 6729
f 6678 6731 6730
f 6679 6732 6731
f 6680 6733 6732
f 6681 6734 6733
f 6682 6735 6734
f 6683 6736 6735
f 6684 6737 6736
f 6685 6738 6737
f 6686 6739 6738
f 6687 6740 6739
f 6257 6308 6740
f 6688 6741 6742
f 6689 6742 6309
f 6690 6743 6741
f 6691 6744 6743
f 6259 6310 6745
f 6692 146 6744
f 6260 6745 6746
f 6693 147 146
f 6261 6746 6747
f 6694 151 147
f 6262 6747 6748
f 6695 6749 151
f 6263 6748 6750
f 6696 6751 6749
f 6264 6750 6752
f 6697 6753 6751
f 6265 6752 6754
f 6698 6755 6753
f 6266 6754 6756
f 6699 6757 6755
f 6267 6756 6758
f 6700 158 6757
f 6268 6758 6759
f 6701 159 158
f 6269 6759 6760
f 6702 161 159
f 6270 6760 6761
f 6703 6762 161
f 6271 6761 6763
f 6704 6764 6762
f 6272 6763 6765
f 6705 6766 6764
f 6273 6765 6767
f 6706 6768 6766
f 6274 6767 6769
f 6707 6770 6768
f 6275 6769 6771
f 6708 6772 6770
f 6276 6771 6773
f 6709 166 6772
f 6277 6773 6774
f 6710 167 166
f 6278 6774 6775
f 6711 171 167
f 6279 6775 6776
f 6712 6777 171
f 6280 6776 6778
f 6713 6779 6777
f 6281 6778 6780
f 6714 6781 6779
f 6282 6780 6782
f 6715 6783 6781
f 6283 6782 6784
f 6716 6785 6783
f 6284 6784 6786
f 6717 178 6785
f 6285 6786 6787
f 6718 179 178
f 6286 6787 6788
f 6719 181 179
f 6287 6788 6789
f 6720 6790 181
f 6288 6789 6791
f 6721 6792 6790
f 6289 6791 6793
f 6722 6794 6792
f 6290 6793 6795
f 6723 6796 6794
f 6291 6795 6797
f 6724 6798 6796
f 6292 6797 6799
f 6725 6800 6798
f 6293 6799 6801
f 6726 186 6800
f 6294 6801 6802
f 6727 187 186
f 6295 6802 6803
f 6728 191 187
f 6296 6803 6804
f 6729 6805 191
f 6297 6804 6806
f 6730 6807 6805
f 6298 6806 6808
f 6731 6809 6807
f 6299 6808 6810
f 6732 6811 6809
f 6300 6810 6812
f 6733 6813 6811
f 6301 6812 6814
f 6734 198 6813
f 6302 6814 6815
f 6735 199 198
f 6303 6815 6816
f 6736 201 199
f 6304 6816 6817
f 6737 6818 201
f 6305 6817 6819
f 6738 6820 6818
f 6306 6819 10586
f 6739 6821 6820
f 6740 6822 6821
f 6308 6312 6822
f 6741 6823 6824
f 6742 6824 6313
f 6743 6825 6823
f 6744 6826 6825
f 6310 6314 6827
f 146 149 6826
f 6745 6827 6828
f 6746 6828 6829
f 2 1 6830
f 6747 6829 6830
f 1 6831 6832
f 6748 6830 6832
f 6831 6833 6834
f 6750 6832 6834
f 6833 6835 6836
f 6752 6834 6836
f 6835 6837 6838
f 6754 6836 6838
f 6837 6839 6840
f 6756 6838 6840
f 6839 6 6841
f 6758 6840 6841
f 6 5 6842
f 6759 6841 6842
f 6760 6842 6843
f 6762 6844 163
f 6761 6843 6845
f 6764 6846 6844
f 6763 6845 6847
f 6766 6848 6846
f 6765 6847 6849
f 6768 6850 6848
f 6767 6849 6851
f 6770 6852 6850
f 6769 6851 6853
f 6772 6854 6852
f 6771 6853 6855
f 166 169 6854
f 6773 6855 6856
f 6774 6856 6857
f 10 9 6858
f 6775 6857 6858
f 9 6859 6860
f 6776 6858 6860
f 6859 6861 6862
f 6778 6860 6862
f 6861 6863 6864
f 6780 6862 6864
f 6863 6865 6866
f 6782 6864 6866
f 6865 6867 6868
f 6784 6866 6868
f 6867 14 6869
f 6786 6868 6869
f 14 13 6870
f 6787 6869 6870
f 6788 6870 6871
f 6790 6872 183
f 6789 6871 6873
f 6792 6874 6872
f 6791 6873 6875
f 6794 6876 6874
f 6793 6875 6877
f 6796 6878 6876
f 6795 6877 6879
f 6798 6880 6878
f 6797 6879 6881
f 6800 6882 6880
f 6799 6881 6883
f 186 189 6882
f 6801 6883 6884
f 6802 6884 6885
f 18 17 6886
f 6803 6885 6886
f 17 6887 6888
f 6804 6886 6888
f 6887 6889 6890
f 6806 6888 6890
f 6889 6891 6892
f 6808 6890 6892
f 6891 6893 6894
f 6810 6892 6894
f 6893 6895 6896
f 6812 6894 6896
f 6895 22 6897
f 6814 6896 6897
f 22 21 6898
f 6815 6897 6898
f 6816 6898 6899
f 6818 6900 203
f 6817 6899 6901
f 6820 6902 6900
f 6819 6901 6315
f 6821 6903 6902
f 6822 6904 6903
f 6312 6316 6904
f 6823 6905 6906
f 6824 6906 6317
f 6825 6907 6905
f 6826 6908 6907
f 6314 6318 6909
f 149 207 6908
f 6827 6909 6910
f 6828 6910 6911
f 6829 6911 25
f 6842 6912 6913
f 5 27 6912
f 6844 6914 211
f 6843 6913 6915
f 6846 6916 6914
f 6845 6915 6917
f 6848 6918 6916
f 6847 6917 6919
f 6850 6920 6918
f 6849 6919 6921
f 6852 6922 6920
f 6851 6921 6923
f 6854 6924 6922
f 6853 6923 6925
f 169 215 6924
f 6855 6925 6926
f 6856 6926 6927
f 6857 6927 29
f 6870 6928 6929
f 13 31 6928
f 6872 6930 219
f 6871 6929 6931
f 6874 6932 6930
f 6873 6931 6933
f 6876 6934 6932
f 6875 6933 6935
f 6878 6936 6934
f 6877 6935 6937
f 6880 6938 6936
f 6879 6937 6939
f 6882 6940 6938
f 6881 6939 6941
f 189 223 6940
f 6883 6941 6942
f 6884 6942 6943
f 6885 6943 33
f 6898 6944 6945
f 21 35 6944
f 6900 6946 227
f 6899 6945 6947
f 6902 6948 6946
f 6901 6947 6319
f 6903 6949 6948
f 6904 6950 6949
f 6316 6320 6950
f 6905 6951 6952
f 6906 6952 6321
f 6907 6953 6951
f 6908 6954 6953
f 6318 6322 6955
f 207 6956 6954
f 6909 6955 6957
f 6910 6957 6958
f 6911 6958 6959
f 6912 6960 6961
f 27 6962 6960
f 6914 6963 6964
f 6913 6961 6965
f 6916 6966 6963
f 6915 6965 6967
f 6918 6968 6966
f 6917 6967 6969
f 6920 6970 6968
f 6919 6969 6971
f 6922 6972 6970
f 6921 6971 6973
f 6924 6974 6972
f 6923 6973 6975
f 215 6976 6974
f 6925 6975 6977
f 6926 6977 6978
f 6927 6978 6979
f 6928 6980 6981
f 31 6982 6980
f 6930 6983 6984
f 6929 6981 6985
f 6932 6986 6983
f 6931 6985 6987
f 6934 6988 6986
f 6933 6987 6989
f 6936 6990 6988
f 6935 6989 6991
f 6938 6992 6990
f 6937 6991 6993
f 6940 6994 6992
f 6939 6993 6995
f 223 6996 6994
f 6941 6995 6997
f 6942 6997 6998
f 6943 6998 6999
f 6944 7000 7001
f 35 7002 7000
f 6946 7003 7004
f 6945 7001 7005
f 6948 7006 7003
f 6947 7005 6323
f 6949 7007 7006
f 6950 7008 7007
f 6320 6324 7008
f 6951 7009 7010
f 6952 7010 6325
f 6953 7011 7009
f 6954 7012 7011
f 6322 6326 7013
f 6956 7014 7012
f 6955 7013 7015
f 6957 7015 7016
f 6958 7016 7017
f 6960 7018 7019
f 6962 7020 7018
f 6963 7021 7022
f 6961 7019 7023
f 6966 7024 7021
f 6965 7023 7025
f 6968 7026 7024
f 6967 7025 7027
f 6970 7028 7026
f 6969 7027 7029
f 6972 7030 7028
f 6971 7029 7031
f 6974 7032 7030
f 6973 7031 7033
f 6976 7034 7032
f 6975 7033 7035
f 6977 7035 7036
f 6978 7036 7037
f 6980 7038 7039
f 6982 7040 7038
f 6983 7041 7042
f 6981 7039 7043
f 6986 7044 7041
f 6985 7043 7045
f 6988 7046 7044
f 6987 7045 7047
f 6990 7048 7046
f 6989 7047 7049
f 6992 7050 7048
f 6991 7049 7051
f 6994 7052 7050
f 6993 7051 7053
f 6996 7054 7052
f 6995 7053 7055
f 6997 7055 7056
f 6998 7056 7057
f 7000 7058 7059
f 7002 7060 7058
f 7003 7061 7062
f 7001 7059 7063
f 7006 7064 7061
f 7005 7063 6327
f 7007 7065 7064
f 7008 7066 7065
f 6324 6328 7066
f 7009 7067 7068
f 7010 7068 6329
f 7011 7069 7067
f 7012 7070 7069
f 6326 6330 7071
f 7014 7072 7070
f 7013 7071 7073
f 7015 7073 7074
f 7016 7074 7075
f 7018 7076 7077
f 7020 7078 7076
f 7021 7079 7080
f 7019 7077 7081
f 7024 7082 7079
f 7023 7081 7083
f 7026 7084 7082
f 7025 7083 7085
f 7028 7086 7084
f 7027 7085 7087
f 7030 7088 7086
f 7029 7087 7089
f 7032 7090 7088
f 7031 7089 7091
f 7034 7092 7090
f 7033 7091 7093
f 7035 7093 7094
f 7036 7094 7095
f 7038 7096 7097
f 7040 7098 7096
f 7041 7099 7100
f 7039 7097 7101
f 7044 7102 7099
f 7043 7101 7103
f 7046 7104 7102
f 7045 7103 7105
f 7048 7106 7104
f 7047 7105 7107
f 7050 7108 7106
f 7049 7107 7109
f 7052 7110 7108
f 7051 7109 7111
f 7054 7112 7110
f 7053 7111 7113
f 7055 7113 7114
f 7056 7114 7115
f 7058 7116 7117
f 7060 7118 7116
f 7061 7119 7120
f 7059 7117 7121
f 7064 7122 7119
f 7063 7121 6331
f 7065 7123 7122
f 7066 7124 7123
f 6328 6332 7124
f 7067 7125 7126
f 7068 7126 6333
f 7069 7127 7125
f 7070 7128 7127
f 6330 6334 7129
f 7072 7130 7128
f 7071 7129 7131
f 7073 7131 7132
f 7074 7132 7133
f 7076 7134 7135
f 7078 7136 7134
f 7079 7137 7138
f 7077 7135 7139
f 7082 7140 7137
f 7081 7139 7141
f 7084 7142 7140
f 7083 7141 7143
f 7086 7144 7142
f 7085 7143 7145
f 7088 7146 7144
f 7087 7145 7147
f 7090 7148 7146
f 7089 7147 7149
f 7092 7150 7148
f 7091 7149 7151
f 7093 7151 7152
f 7094 7152 7153
f 7096 7154 7155
f 7098 7156 7154
f 7099 7157 7158
f 7097 7155 7159
f 7102 7160 7157
f 7101 7159 7161
f 7104 7162 7160
f 7103 7161 7163
f 7106 7164 7162
f 7105 7163 7165
f 7108 7166 7164
f 7107 7165 7167
f 7110 7168 7166
f 7109 7167 7169
f 7112 7170 7168
f 7111 7169 7171
f 7113 7171 7172
f 7114 7172 7173
f 7116 7174 7175
f 7118 7176 7174
f 7119 7177 7178
f 7117 7175 7179
f 7122 7180 7177
f 7121 7179 6335
f 7123 7181 7180
f 7124 7182 7181
f 6332 6336 7182
f 7125 7183 7184
f 7126 7184 6337
f 7127 7185 7183
f 7128 7186 7185
f 6334 6338 7187
f 7130 7188 7186
f 7129 7187 7189
f 7131 7189 7190
f 7132 7190 7191
f 7134 7192 7193
f 7136 7194 7192
f 7137 7195 7196
f 7135 7193 7197
f 7140 7198 7195
f 7139 7197 7199
f 7142 7200 7198
f 7141 7199 7201
f 7144 7202 7200
f 7143 7201 7203
f 7146 7204 7202
f 7145 7203 7205
f 7148 7206 7204
f 7147 7205 7207
f 7150 7208 7206
f 7149 7207 7209
f 7151 7209 7210
f 7152 7210 7211
f 7154 7212 7213
f 7156 7214 7212
f 7157 7215 7216
f 7155 7213 7217
f 7160 7218 7215
f 7159 7217 7219
f 7162 7220 7218
f 7161 7219 7221
f 7164 7222 7220
f 7163 7221 7223
f 7166 7224 7222
f 7165 7223 7225
f 7168 7226 7224
f 7167 7225 7227
f 7170 7228 7226
f 7169 7227 7229
f 7171 7229 7230
f 7172 7230 7231
f 7174 7232 7233
f 7176 7234 7232
f 7177 7235 7236
f 7175 7233 7237
f 7180 7238 7235
f 7179 7237 6339
f 7181 7239 7238
f 7182 7240 7239
f 6336 6340 7240
f 7183 7241 7242
f 7184 7242 6341
f 7185 7243 7241
f 7186 7244 7243
f 6338 6342 7245
f 7188 242 7244
f 7187 7245 7246
f 7189 7246 7247
f 7190 7247 37
f 7192 7248 7249
f 7194 42 7248
f 7195 7250 246
f 7193 7249 7251
f 7198 7252 7250
f 7197 7251 7253
f 7200 7254 7252
f 7199 7253 7255
f 7202 7256 7254
f 7201 7255 7257
f 7204 7258 7256
f 7203 7257 7259
f 7206 7260 7258
f 7205 7259 7261
f 7208 250 7260
f 7207 7261 7262
f 7209 7262 7263
f 7210 7263 45
f 7212 7264 7265
f 7214 50 7264
f 7215 7266 254
f 7213 7265 7267
f 7218 7268 7266
f 7217 7267 7269
f 7220 7270 7268
f 7219 7269 7271
f 7222 7272 7270
f 7221 7271 7273
f 7224 7274 7272
f 7223 7273 7275
f 7226 7276 7274
f 7225 7275 7277
f 7228 258 7276
f 7227 7277 7278
f 7229 7278 7279
f 7230 7279 53
f 7232 7280 7281
f 7234 58 7280
f 7235 7282 262
f 7233 7281 7283
f 7238 7284 7282
f 7237 7283 6343
f 7239 7285 7284
f 7240 7286 7285
f 6340 6344 7286
f 7241 7287 7288
f 7242 7288 6345
f 7243 7289 7287
f 7244 7290 7289
f 6342 6346 7291
f 242 241 7290
f 7245 7291 7292
f 7246 7292 7293
f 7247 7293 38
f 7248 7294 7295
f 42 41 7294
f 7250 7296 247
f 7249 7295 7297
f 7252 7298 7296
f 7251 7297 7299
f 7254 7300 7298
f 7253 7299 7301
f 7256 7302 7300
f 7255 7301 7303
f 7258 7304 7302
f 7257 7303 7305
f 7260 7306 7304
f 7259 7305 7307
f 250 249 7306
f 7261 7307 7308
f 7262 7308 7309
f 7263 7309 46
f 7264 7310 7311
f 50 49 7310
f 7266 7312 255
f 7265 7311 7313
f 7268 7314 7312
f 7267 7313 7315
f 7270 7316 7314
f 7269 7315 7317
f 7272 7318 7316
f 7271 7317 7319
f 7274 7320 7318
f 7273 7319 7321
f 7276 7322 7320
f 7275 7321 7323
f 258 257 7322
f 7277 7323 7324
f 7278 7324 7325
f 7279 7325 54
f 7280 7326 7327
f 58 57 7326
f 7282 7328 263
f 7281 7327 7329
f 7284 7330 7328
f 7283 7329 6347
f 7285 7331 7330
f 7286 7332 7331
f 6344 6348 7332
f 7287 7333 7334
f 7288 7334 6349
f 7289 7335 7333
f 7290 7336 7335
f 6346 6350 7337
f 241 265 7336
f 7291 7337 7338
f 7292 7338 7339
f 7340 61 38
f 7293 7339 7341
f 7342 7343 61
f 7340 7341 7344
f 7345 7346 7343
f 7342 7344 7347
f 7348 7349 7346
f 7345 7347 7350
f 7351 7352 7349
f 7348 7350 7353
f 7354 7355 7352
f 7351 7353 7356
f 7357 63 7355
f 7354 7356 7358
f 7294 41 63
f 7357 7358 7359
f 7294 7359 7360
f 7296 7361 280
f 7295 7360 7362
f 7298 7363 7361
f 7297 7362 7364
f 7300 7365 7363
f 7299 7364 7366
f 7302 7367 7365
f 7301 7366 7368
f 7304 7369 7367
f 7303 7368 7370
f 7306 7371 7369
f 7305 7370 7372
f 249 281 7371
f 7307 7372 7373
f 7308 7373 7374
f 7375 65 46
f 7309 7374 7376
f 7377 7378 65
f 7375 7376 7379
f 7380 7381 7378
f 7377 7379 7382
f 7383 7384 7381
f 7380 7382 7385
f 7386 7387 7384
f 7383 7385 7388
f 7389 7390 7387
f 7386 7388 7391
f 7392 67 7390
f 7389 7391 7393
f 7310 49 67
f 7392 7393 7394
f 7310 7394 7395
f 7312 7396 296
f 7311 7395 7397
f 7314 7398 7396
f 7313 7397 7399
f 7316 7400 7398
f 7315 7399 7401
f 7318 7402 7400
f 7317 7401 7403
f 7320 7404 7402
f 7319 7403 7405
f 7322 7406 7404
f 7321 7405 7407
f 257 297 7406
f 7323 7407 7408
f 7324 7408 7409
f 7410 69 54
f 7325 7409 7411
f 7412 7413 69
f 7410 7411 7414
f 7415 7416 7413
f 7412 7414 7417
f 7418 7419 7416
f 7415 7417 7420
f 7421 7422 7419
f 7418 7420 7423
f 7424 7425 7422
f 7421 7423 7426
f 7427 71 7425
f 7424 7426 7428
f 7326 57 71
f 7427 7428 7429
f 7326 7429 7430
f 7328 7431 312
f 7327 7430 7432
f 7330 7433 7431
f 7329 7432 6351
f 7331 7434 7433
f 7332 7435 7434
f 6348 6352 7435
f 7333 7436 7437
f 7334 7437 6353
f 7335 7438 7436
f 7336 7439 7438
f 6350 6354 7440
f 265 7441 7439
f 7337 7440 7442
f 268 7443 7441
f 7338 7442 7444
f 270 7445 7443
f 7339 7444 7446
f 7447 7448 7445
f 7341 7446 7449
f 7450 7451 7448
f 7344 7449 7452
f 7453 7454 7451
f 7347 7452 7455
f 7456 7457 7454
f 7350 7455 7458
f 7459 7460 7457
f 7353 7458 7461
f 275 7462 7460
f 7356 7461 7463
f 278 7464 7462
f 7358 7463 7465
f 280 7466 7464
f 7359 7465 7467
f 7361 7468 7466
f 7360 7467 7469
f 7363 7470 7468
f 7362 7469 7471
f 7365 7472 7470
f 7364 7471 7473
f 7367 7474 7472
f 7366 7473 7475
f 7369 7476 7474
f 7368 7475 7477
f 7371 7478 7476
f 7370 7477 7479
f 281 7480 7478
f 7372 7479 7481
f 284 7482 7480
f 7373 7481 7483
f 286 7484 7482
f 7374 7483 7485
f 7486 7487 7484
f 7376 7485 7488
f 7489 7490 7487
f 7379 7488 7491
f 7492 7493 7490
f 7382 7491 7494
f 7495 7496 7493
f 7385 7494 7497
f 7498 7499 7496
f 7388 7497 7500
f 291 7501 7499
f 7391 7500 7502
f 294 7503 7501
f 7393 7502 7504
f 296 7505 7503
f 7394 7504 7506
f 7396 7507 7505
f 7395 7506 7508
f 7398 7509 7507
f 7397 7508 7510
f 7400 7511 7509
f 7399 7510 7512
f 7402 7513 7511
f 7401 7512 7514
f 7404 7515 7513
f 7403 7514 7516
f 7406 7517 7515
f 7405 7516 7518
f 297 7519 7517
f 7407 7518 7520
f 300 7521 7519
f 7408 7520 7522
f 302 7523 7521
f 7409 7522 7524
f 7525 7526 7523
f 7411 7524 7527
f 7528 7529 7526
f 7414 7527 7530
f 7531 7532 7529
f 7417 7530 7533
f 7534 7535 7532
f 7420 7533 7536
f 7537 7538 7535
f 7423 7536 7539
f 307 7540 7538
f 7426 7539 7541
f 310 7542 7540
f 7428 7541 7543
f 312 7544 7542
f 7429 7543 7545
f 7431 7546 7544
f 7430 7545 7547
f 7433 7548 7546
f 7432 7547 6355
f 7434 7549 7548
f 7435 7550 7549
f 6352 6356 7550
f 7436 7551 7552
f 7437 7552 6357
f 7438 7553 7551
f 7439 7554 7553
f 6354 6358 7555
f 7441 7556 7554
f 7440 7555 7557
f 7443 7558 7556
f 7442 7557 7559
f 7445 7560 7558
f 7444 7559 7561
f 7448 7562 7560
f 7446 7561 7563
f 7451 7564 7562
f 7449 7563 7565
f 7454 7566 7564
f 7452 7565 7567
f 7457 7568 7566
f 7455 7567 7569
f 7460 7570 7568
f 7458 7569 7571
f 7462 7572 7570
f 7461 7571 7573
f 7464 7574 7572
f 7463 7573 7575
f 7466 7576 7574
f 7465 7575 7577
f 7468 7578 7576
f 7467 7577 7579
f 7470 7580 7578
f 7469 7579 7581
f 7472 7582 7580
f 7471 7581 7583
f 7474 7584 7582
f 7473 7583 7585
f 7476 7586 7584
f 7475 7585 7587
f 7478 7588 7586
f 7477 7587 7589
f 7480 7590 7588
f 7479 7589 7591
f 7482 7592 7590
f 7481 7591 7593
f 7484 7594 7592
f 7483 7593 7595
f 7487 7596 7594
f 7485 7595 7597
f 7490 7598 7596
f 7488 7597 7599
f 7493 7600 7598
f 7491 7599 7601
f 7496 7602 7600
f 7494 7601 7603
f 7499 7604 7602
f 7497 7603 7605
f 7501 7606 7604
f 7500 7605 7607
f 7503 7608 7606
f 7502 7607 7609
f 7505 7610 7608
f 7504 7609 7611
f 7507 7612 7610
f 7506 7611 7613
f 7509 7614 7612
f 7508 7613 7615
f 7511 7616 7614
f 7510 7615 7617
f 7513 7618 7616
f 7512 7617 7619
f 7515 7620 7618
f 7514 7619 7621
f 7517 7622 7620
f 7516 7621 7623
f 7519 7624 7622
f 7518 7623 7625
f 7521 7626 7624
f 7520 7625 7627
f 7523 7628 7626
f 7522 7627 7629
f 7526 7630 7628
f 7524 7629 7631
f 7529 7632 7630
f 7527 7631 7633
f 7532 7634 7632
f 7530 7633 7635
f 7535 7636 7634
f 7533 7635 7637
f 7538 7638 7636
f 7536 7637 7639
f 7540 7640 7638
f 7539 7639 7641
f 7542 7642 7640
f 7541 7641 7643
f 7544 7644 7642
f 7543 7643 7645
f 7546 7646 7644
f 7545 7645 7647
f 7548 7648 7646
f 7547 7647 6359
f 7549 7649 7648
f 7550 7650 7649
f 6356 6360 7650
f 7551 7651 7652
f 7552 7652 6361
f 7553 7653 7651
f 7554 7654 7653
f 6358 6362 7655
f 7556 7656 7654
f 7555 7655 7657
f 7558 7658 7656
f 7557 7657 7659
f 7560 7660 7658
f 7559 7659 7661
f 7562 7662 7660
f 7561 7661 7663
f 7564 7664 7662
f 7563 7663 7665
f 7566 7666 7664
f 7565 7665 7667
f 7568 7668 7666
f 7567 7667 7669
f 7570 7670 7668
f 7569 7669 7671
f 7572 7672 7670
f 7571 7671 7673
f 7574 7674 7672
f 7573 7673 7675
f 7576 7676 7674
f 7575 7675 7677
f 7578 7678 7676
f 7577 7677 7679
f 7580 7680 7678
f 7579 7679 7681
f 7582 7682 7680
f 7581 7681 7683
f 7584 7684 7682
f 7583 7683 7685
f 7586 7686 7684
f 7585 7685 7687
f 7588 7688 7686
f 7587 7687 7689
f 7590 7690 7688
f 7589 7689 7691
f 7592 7692 7690
f 7591 7691 7693
f 7594 7694 7692
f 7593 7693 7695
f 7596 7696 7694
f 7595 7695 7697
f 7598 7698 7696
f 7597 7697 7699
f 7600 7700 7698
f 7599 7699 7701
f 7602 7702 7700
f 7601 7701 7703
f 7604 7704 7702
f 7603 7703 7705
f 7606 7706 7704
f 7605 7705 7707
f 7608 7708 7706
f 7607 7707 7709
f 7610 7710 7708
f 7609 7709 7711
f 7612 7712 7710
f 7611 7711 7713
f 7614 7714 7712
f 7613 7713 7715
f 7616 7716 7714
f 7615 7715 7717
f 7618 7718 7716
f 7617 7717 7719
f 7620 7720 7718
f 7619 7719 7721
f 7622 7722 7720
f 7621 7721 7723
f 7624 7724 7722
f 7623 7723 7725
f 7626 7726 7724
f 7625 7725 7727
f 7628 7728 7726
f 7627 7727 7729
f 7630 7730 7728
f 7629 7729 7731
f 7632 7732 7730
f 7631 7731 7733
f 7634 7734 7732
f 7633 7733 7735
f 7636 7736 7734
f 7635 7735 7737
f 7638 7738 7736
f 7637 7737 7739
f 7640 7740 7738
f 7639 7739 7741
f 7642 7742 7740
f 7641 7741 7743
f 7644 7744 7742
f 7643 7743 7745
f 7646 7746 7744
f 7645 7745 7747
f 7648 7748 7746
f 7647 7747 6363
f 7649 7749 7748
f 7650 7750 7749
f 6360 6364 7750
f 7651 7751 7752
f 7652 7752 6365
f 7653 7753 7751
f 7654 7754 7753
f 6362 6366 7755
f 7656 7756 7754
f 7655 7755 7757
f 7658 7758 7756
f 7657 7757 7759
f 7660 7760 7758
f 7659 7759 7761
f 7662 7762 7760
f 7661 7761 7763
f 7664 7764 7762
f 7663 7763 7765
f 7666 7766 7764
f 7665 7765 7767
f 7668 7768 7766
f 7667 7767 7769
f 7670 7770 7768
f 7669 7769 7771
f 7672 7772 7770
f 7671 7771 7773
f 7674 7774 7772
f 7673 7773 7775
f 7676 7776 7774
f 7675 7775 7777
f 7678 7778 7776
f 7677 7777 7779
f 7680 7780 7778
f 7679 7779 7781
f 7682 7782 7780
f 7681 7781 7783
f 7684 7784 7782
f 7683 7783 7785
f 7686 7786 7784
f 7685 7785 7787
f 7688 7788 7786
f 7687 7787 7789
f 7690 7790 7788
f 7689 7789 7791
f 7692 7792 7790
f 7691 7791 7793
f 7694 7794 7792
f 7693 7793 7795
f 7696 7796 7794
f 7695 7795 7797
f 7698 7798 7796
f 7697 7797 7799
f 7700 7800 7798
f 7699 7799 7801
f 7702 7802 7800
f 7701 7801 7803
f 7704 7804 7802
f 7703 7803 7805
f 7706 7806 7804
f 7705 7805 7807
f 7708 7808 7806
f 7707 7807 7809
f 7710 7810 7808
f 7709 7809 7811
f 7712 7812 7810
f 7711 7811 7813
f 7714 7814 7812
f 7713 7813 7815
f 7716 7816 7814
f 7715 7815 7817
f 7718 7818 7816
f 7717 7817 7819
f 7720 7820 7818
f 7719 7819 7821
f 7722 7822 7820
f 7721 7821 7823
f 7724 7824 7822
f 7723 7823 7825
f 7726 7826 7824
f 7725 7825 7827
f 7728 7828 7826
f 7727 7827 7829
f 7730 7830 7828
f 7729 7829 7831
f 7732 7832 7830
f 7731 7831 7833
f 7734 7834 7832
f 7733 7833 7835
f 7736 7836 7834
f 7735 7835 7837
f 7738 7838 7836
f 7737 7837 7839
f 7740 7840 7838
f 7739 7839 7841
f 7742 7842 7840
f 7741 7841 7843
f 7744 7844 7842
f 7743 7843 7845
f 7746 7846 7844
f 7745 7845 7847
f 7748 7848 7846
f 7747 7847 6367
f 7749 7849 7848
f 7750 7850 7849
f 6364 6368 7850
f 7751 7851 7852
f 7752 7852 6369
f 7753 7853 7851
f 7754 7854 7853
f 6366 6370 7855
f 7756 7856 7854
f 7755 7855 7857
f 7758 7858 7856
f 7757 7857 7859
f 7760 7860 7858
f 7759 7859 7861
f 7762 7862 7860
f 7761 7861 7863
f 7764 7864 7862
f 7763 7863 7865
f 7766 7866 7864
f 7765 7865 7867
f 7768 7868 7866
f 7767 7867 7869
f 7770 7870 7868
f 7769 7869 7871
f 7772 7872 7870
f 7771 7871 7873
f 7774 7874 7872
f 7773 7873 7875
f 7776 7876 7874
f 7775 7875 7877
f 7778 7878 7876
f 7777 7877 7879
f 7780 7880 7878
f 7779 7879 7881
f 7782 7882 7880
f 7781 7881 7883
f 7784 7884 7882
f 7783 7883 7885
f 7786 7886 7884
f 7785 7885 7887
f 7788 7888 7886
f 7787 7887 7889
f 7790 7890 7888
f 7789 7889 7891
f 7792 7892 7890
f 7791 7891 7893
f 7794 7894 7892
f 7793 7893 7895
f 7796 7896 7894
f 7795 7895 7897
f 7798 7898 7896
f 7797 7897 7899
f 7800 7900 7898
f 7799 7899 7901
f 7802 7902 7900
f 7801 7901 7903
f 7804 7904 7902
f 7803 7903 7905
f 7806 7906 7904
f 7805 7905 7907
f 7808 7908 7906
f 7807 7907 7909
f 7810 7910 7908
f 7809 7909 7911
f 7812 7912 7910
f 7811 7911 7913
f 7814 7914 7912
f 7813 7913 7915
f 7816 7916 7914
f 7815 7915 7917
f 7818 7918 7916
f 7817 7917 7919
f 7820 7920 7918
f 7819 7919 7921
f 7822 7922 7920
f 7821 7921 7923
f 7824 7924 7922
f 7823 7923 7925
f 7826 7926 7924
f 7825 7925 7927
f 7828 7928 7926
f 7827 7927 7929
f 7830 7930 7928
f 7829 7929 7931
f 7832 7932 7930
f 7831 7931 7933
f 7834 7934 7932
f 7833 7933 7935
f 7836 7936 7934
f 7835 7935 7937
f 7838 7938 7936
f 7837 7937 7939
f 7840 7940 7938
f 7839 7939 7941
f 7842 7942 7940
f 7841 7941 7943
f 7844 7944 7942
f 7843 7943 7945
f 7846 7946 7944
f 7845 7945 7947
f 7848 7948 7946
f 7847 7947 6371
f 7849 7949 7948
f 7850 7950 7949
f 6368 6372 7950
f 7851 7951 7952
f 7852 7952 6373
f 7853 7953 7951
f 7854 7954 7953
f 6370 6374 7955
f 7856 7956 7954
f 7855 7955 7957
f 7858 7958 7956
f 7857 7957 7959
f 7860 7960 7958
f 7859 7959 7961
f 7862 7962 7960
f 7861 7961 7963
f 7864 7964 7962
f 7863 7963 7965
f 7866 7966 7964
f 7865 7965 7967
f 7868 7968 7966
f 7867 7967 7969
f 7870 7970 7968
f 7869 7969 7971
f 7872 7972 7970
f 7871 7971 7973
f 7874 7974 7972
f 7873 7973 7975
f 7876 7976 7974
f 7875 7975 7977
f 7878 7978 7976
f 7877 7977 7979
f 7880 7980 7978
f 7879 7979 7981
f 7882 7982 7980
f 7881 7981 7983
f 7884 7984 7982
f 7883 7983 7985
f 7886 7986 7984
f 7885 7985 7987
f 7888 7988 7986
f 7887 7987 7989
f 7890 7990 7988
f 7889 7989 7991
f 7892 7992 7990
f 7891 7991 7993
f 7894 7994 7992
f 7893 7993 7995
f 7896 7996 7994
f 7895 7995 7997
f 7898 7998 7996
f 7897 7997 7999
f 7900 8000 7998
f 7899 7999 8001
f 7902 8002 8000
f 7901 8001 8003
f 7904 8004 8002
f 7903 8003 8005
f 7906 8006 8004
f 7905 8005 8007
f 7908 8008 8006
f 7907 8007 8009
f 7910 8010 8008
f 7909 8009 8011
f 7912 8012 8010
f 7911 8011 8013
f 7914 8014 8012
f 7913 8013 8015
f 7916 8016 8014
f 7915 8015 8017
f 7918 8018 8016
f 7917 8017 8019
f 7920 8020 8018
f 7919 8019 8021
f 7922 8022 8020
f 7921 8021 8023
f 7924 8024 8022
f 7923 8023 8025
f 7926 8026 8024
f 7925 8025 8027
f 7928 8028 8026
f 7927 8027 8029
f 7930 8030 8028
f 7929 8029 8031
f 7932 8032 8030
f 7931 8031 8033
f 7934 8034 8032
f 7933 8033 8035
f 7936 8036 8034
f 7935 8035 8037
f 7938 8038 8036
f 7937 8037 8039
f 7940 8040 8038
f 7939 8039 8041
f 7942 8042 8040
f 7941 8041 8043
f 7944 8044 8042
f 7943 8043 8045
f 7946 8046 8044
f 7945 8045 8047
f 7948 8048 8046
f 7947 8047 6375
f 7949 8049 8048
f 7950 8050 8049
f 6372 6376 8050
f 7951 8051 8052
f 7952 8052 6377
f 7953 8053 8051
f 7954 8054 8053
f 6374 6378 8055
f 7956 314 8054
f 7955 8055 8056
f 7958 315 314
f 7957 8056 8057
f 7960 319 315
f 7959 8057 8058
f 7962 8059 319
f 7961 8058 8060
f 7964 8061 8059
f 7963 8060 8062
f 7966 8063 8061
f 7965 8062 8064
f 7968 8065 8063
f 7967 8064 8066
f 7970 8067 8065
f 7969 8066 8068
f 7972 326 8067
f 7971 8068 8069
f 7974 327 326
f 7973 8069 8070
f 7976 329 327
f 7975 8070 8071
f 7978 8072 329
f 7977 8071 8073
f 7980 8074 8072
f 7979 8073 8075
f 7982 8076 8074
f 7981 8075 8077
f 7984 8078 8076
f 7983 8077 8079
f 7986 8080 8078
f 7985 8079 8081
f 7988 8082 8080
f 7987 8081 8083
f 7990 334 8082
f 7989 8083 8084
f 7992 335 334
f 7991 8084 8085
f 7994 339 335
f 7993 8085 8086
f 7996 8087 339
f 7995 8086 8088
f 7998 8089 8087
f 7997 8088 8090
f 8000 8091 8089
f 7999 8090 8092
f 8002 8093 8091
f 8001 8092 8094
f 8004 8095 8093
f 8003 8094 8096
f 8006 346 8095
f 8005 8096 8097
f 8008 347 346
f 8007 8097 8098
f 8010 349 347
f 8009 8098 8099
f 8012 8100 349
f 8011 8099 8101
f 8014 8102 8100
f 8013 8101 8103
f 8016 8104 8102
f 8015 8103 8105
f 8018 8106 8104
f 8017 8105 8107
f 8020 8108 8106
f 8019 8107 8109
f 8022 8110 8108
f 8021 8109 8111
f 8024 354 8110
f 8023 8111 8112
f 8026 355 354
f 8025 8112 8113
f 8028 359 355
f 8027 8113 8114
f 8030 8115 359
f 8029 8114 8116
f 8032 8117 8115
f 8031 8116 8118
f 8034 8119 8117
f 8033 8118 8120
f 8036 8121 8119
f 8035 8120 8122
f 8038 8123 8121
f 8037 8122 8124
f 8040 366 8123
f 8039 8124 8125
f 8042 367 366
f 8041 8125 8126
f 8044 369 367
f 8043 8126 8127
f 8046 8128 369
f 8045 8127 8129
f 8048 8130 8128
f 8047 8129 6379
f 8049 8131 8130
f 8050 8132 8131
f 6376 6380 8132
f 8051 8133 8134
f 8052 8134 6381
f 8053 8135 8133
f 8054 8136 8135
f 6378 6382 8137
f 314 317 8136
f 8055 8137 8138
f 8056 8138 8139
f 74 73 8140
f 8057 8139 8140
f 73 8141 8142
f 8058 8140 8142
f 8141 8143 8144
f 8060 8142 8144
f 8143 8145 8146
f 8062 8144 8146
f 8145 8147 8148
f 8064 8146 8148
f 8147 8149 8150
f 8066 8148 8150
f 8149 78 8151
f 8068 8150 8151
f 78 77 8152
f 8069 8151 8152
f 8070 8152 8153
f 8072 8154 331
f 8071 8153 8155
f 8074 8156 8154
f 8073 8155 8157
f 8076 8158 8156
f 8075 8157 8159
f 8078 8160 8158
f 8077 8159 8161
f 8080 8162 8160
f 8079 8161 8163
f 8082 8164 8162
f 8081 8163 8165
f 334 337 8164
f 8083 8165 8166
f 8084 8166 8167
f 82 81 8168
f 8085 8167 8168
f 81 8169 8170
f 8086 8168 8170
f 8169 8171 8172
f 8088 8170 8172
f 8171 8173 8174
f 8090 8172 8174
f 8173 8175 8176
f 8092 8174 8176
f 8175 8177 8178
f 8094 8176 8178
f 8177 86 8179
f 8096 8178 8179
f 86 85 8180
f 8097 8179 8180
f 8098 8180 8181
f 8100 8182 351
f 8099 8181 8183
f 8102 8184 8182
f 8101 8183 8185
f 8104 8186 8184
f 8103 8185 8187
f 8106 8188 8186
f 8105 8187 8189
f 8108 8190 8188
f 8107 8189 8191
f 8110 8192 8190
f 8109 8191 8193
f 354 357 8192
f 8111 8193 8194
f 8112 8194 8195
f 90 89 8196
f 8113 8195 8196
f 89 8197 8198
f 8114 8196 8198
f 8197 8199 8200
f 8116 8198 8200
f 8199 8201 8202
f 8118 8200 8202
f 8201 8203 8204
f 8120 8202 8204
f 8203 8205 8206
f 8122 8204 8206
f 8205 94 8207
f 8124 8206 8207
f 94 93 8208
f 8125 8207 8208
f 8126 8208 8209
f 8128 8210 371
f 8127 8209 8211
f 8130 8212 8210
f 8129 8211 6383
f 8131 8213 8212
f 8132 8214 8213
f 6380 6384 8214
f 8133 8215 8216
f 8134 8216 6385
f 8135 8217 8215
f 8136 8218 8217
f 6382 6386 8219
f 317 375 8218
f 8137 8219 8220
f 8138 8220 8221
f 8139 8221 97
f 8152 8222 8223
f 77 99 8222
f 8154 8224 379
f 8153 8223 8225
f 8156 8226 8224
f 8155 8225 8227
f 8158 8228 8226
f 8157 8227 8229
f 8160 8230 8228
f 8159 8229 8231
f 8162 8232 8230
f 8161 8231 8233
f 8164 8234 8232
f 8163 8233 8235
f 337 383 8234
f 8165 8235 8236
f 8166 8236 8237
f 8167 8237 101
f 8180 8238 8239
f 85 103 8238
f 8182 8240 387
f 8181 8239 8241
f 8184 8242 8240
f 8183 8241 8243
f 8186 8244 8242
f 8185 8243 8245
f 8188 8246 8244
f 8187 8245 8247
f 8190 8248 8246
f 8189 8247 8249
f 8192 8250 8248
f 8191 8249 8251
f 357 391 8250
f 8193 8251 8252
f 8194 8252 8253
f 8195 8253 105
f 8208 8254 8255
f 93 107 8254
f 8210 8256 395
f 8209 8255 8257
f 8212 8258 8256
f 8211 8257 6387
f 8213 8259 8258
f 8214 8260 8259
f 6384 6388 8260
f 8215 8261 8262
f 8216 8262 6389
f 8217 8263 8261
f 8218 8264 8263
f 6386 6390 8265
f 375 8266 8264
f 8219 8265 8267
f 8220 8267 8268
f 8221 8268 8269
f 8222 8270 8271
f 99 8272 8270
f 8224 8273 8274
f 8223 8271 8275
f 8226 8276 8273
f 8225 8275 8277
f 8228 8278 8276
f 8227 8277 8279
f 8230 8280 8278
f 8229 8279 8281
f 8232 8282 8280
f 8231 8281 8283
f 8234 8284 8282
f 8233 8283 8285
f 383 8286 8284
f 8235 8285 8287
f 8236 8287 8288
f 8237 8288 8289
f 8238 8290 8291
f 103 8292 8290
f 8240 8293 8294
f 8239 8291 8295
f 8242 8296 8293
f 8241 8295 8297
f 8244 8298 8296
f 8243 8297 8299
f 8246 8300 8298
f 8245 8299 8301
f 8248 8302 8300
f 8247 8301 8303
f 8250 8304 8302
f 8249 8303 8305
f 391 8306 8304
f 8251 8305 8307
f 8252 8307 8308
f 8253 8308 8309
f 8254 8310 8311
f 107 8312 8310
f 8256 8313 8314
f 8255 8311 8315
f 8258 8316 8313
f 8257 8315 6391
f 8259 8317 8316
f 8260 8318 8317
f 6388 6392 8318
f 8261 8319 8320
f 8262 8320 6393
f 8263 8321 8319
f 8264 8322 8321
f 6390 6394 8323
f 8266 8324 8322
f 8265 8323 8325
f 8267 8325 8326
f 8268 8326 8327
f 8270 8328 8329
f 8272 8330 8328
f 8273 8331 8332
f 8271 8329 8333
f 8276 8334 8331
f 8275 8333 8335
f 8278 8336 8334
f 8277 8335 8337
f 8280 8338 8336
f 8279 8337 8339
f 8282 8340 8338
f 8281 8339 8341
f 8284 8342 8340
f 8283 8341 8343
f 8286 8344 8342
f 8285 8343 8345
f 8287 8345 8346
f 8288 8346 8347
f 8290 8348 8349
f 8292 8350 8348
f 8293 8351 8352
f 8291 8349 8353
f 8296 8354 8351
f 8295 8353 8355
f 8298 8356 8354
f 8297 8355 8357
f 8300 8358 8356
f 8299 8357 8359
f 8302 8360 8358
f 8301 8359 8361
f 8304 8362 8360
f 8303 8361 8363
f 8306 8364 8362
f 8305 8363 8365
f 8307 8365 8366
f 8308 8366 8367
f 8310 8368 8369
f 8312 8370 8368
f 8313 8371 8372
f 8311 8369 8373
f 8316 8374 8371
f 8315 8373 6395
f 8317 8375 8374
f 8318 8376 8375
f 6392 6396 8376
f 8319 8377 8378
f 8320 8378 6397
f 8321 8379 8377
f 8322 8380 8379
f 6394 6398 8381
f 8324 8382 8380
f 8323 8381 8383
f 8325 8383 8384
f 8326 8384 8385
f 8328 8386 8387
f 8330 8388 8386
f 8331 8389 8390
f 8329 8387 8391
f 8334 8392 8389
f 8333 8391 8393
f 8336 8394 8392
f 8335 8393 8395
f 8338 8396 8394
f 8337 8395 8397
f 8340 8398 8396
f 8339 8397 8399
f 8342 8400 8398
f 8341 8399 8401
f 8344 8402 8400
f 8343 8401 8403
f 8345 8403 8404
f 8346 8404 8405
f 8348 8406 8407
f 8350 8408 8406
f 8351 8409 8410
f 8349 8407 8411
f 8354 8412 8409
f 8353 8411 8413
f 8356 8414 8412
f 8355 8413 8415
f 8358 8416 8414
f 8357 8415 8417
f 8360 8418 8416
f 8359 8417 8419
f 8362 8420 8418
f 8361 8419 8421
f 8364 8422 8420
f 8363 8421 8423
f 8365 8423 8424
f 8366 8424 8425
f 8368 8426 8427
f 8370 8428 8426
f 8371 8429 8430
f 8369 8427 8431
f 8374 8432 8429
f 8373 8431 6399
f 8375 8433 8432
f 8376 8434 8433
f 6396 6400 8434
f 8377 8435 8436
f 8378 8436 6401
f 8379 8437 8435
f 8380 8438 8437
f 6398 6402 8439
f 8382 8440 8438
f 8381 8439 8441
f 8383 8441 8442
f 8384 8442 8443
f 8386 8444 8445
f 8388 8446 8444
f 8389 8447 8448
f 8387 8445 8449
f 8392 8450 8447
f 8391 8449 8451
f 8394 8452 8450
f 8393 8451 8453
f 8396 8454 8452
f 8395 8453 8455
f 8398 8456 8454
f 8397 8455 8457
f 8400 8458 8456
f 8399 8457 8459
f 8402 8460 8458
f 8401 8459 8461
f 8403 8461 8462
f 8404 8462 8463
f 8406 8464 8465
f 8408 8466 8464
f 8409 8467 8468
f 8407 8465 8469
f 8412 8470 8467
f 8411 8469 8471
f 8414 8472 8470
f 8413 8471 8473
f 8416 8474 8472
f 8415 8473 8475
f 8418 8476 8474
f 8417 8475 8477
f 8420 8478 8476
f 8419 8477 8479
f 8422 8480 8478
f 8421 8479 8481
f 8423 8481 8482
f 8424 8482 8483
f 8426 8484 8485
f 8428 8486 8484
f 8429 8487 8488
f 8427 8485 8489
f 8432 8490 8487
f 8431 8489 6403
f 8433 8491 8490
f 8434 8492 8491
f 6400 6404 8492
f 8435 8493 8494
f 8436 8494 6405
f 8437 8495 8493
f 8438 8496 8495
f 6402 6406 8497
f 8440 8498 8496
f 8439 8497 8499
f 8441 8499 8500
f 8442 8500 8501
f 8444 8502 8503
f 8446 8504 8502
f 8447 8505 8506
f 8445 8503 8507
f 8450 8508 8505
f 8449 8507 8509
f 8452 8510 8508
f 8451 8509 8511
f 8454 8512 8510
f 8453 8511 8513
f 8456 8514 8512
f 8455 8513 8515
f 8458 8516 8514
f 8457 8515 8517
f 8460 8518 8516
f 8459 8517 8519
f 8461 8519 8520
f 8462 8520 8521
f 8464 8522 8523
f 8466 8524 8522
f 8467 8525 8526
f 8465 8523 8527
f 8470 8528 8525
f 8469 8527 8529
f 8472 8530 8528
f 8471 8529 8531
f 8474 8532 8530
f 8473 8531 8533
f 8476 8534 8532
f 8475 8533 8535
f 8478 8536 8534
f 8477 8535 8537
f 8480 8538 8536
f 8479 8537 8539
f 8481 8539 8540
f 8482 8540 8541
f 8484 8542 8543
f 8486 8544 8542
f 8487 8545 8546
f 8485 8543 8547
f 8490 8548 8545
f 8489 8547 6407
f 8491 8549 8548
f 8492 8550 8549
f 6404 6408 8550
f 8493 8551 8552
f 8494 8552 6409
f 8495 8553 8551
f 8496 8554 8553
f 6406 6410 8555
f 8498 410 8554
f 8497 8555 8556
f 8499 8556 8557
f 8500 8557 109
f 8502 8558 8559
f 8504 114 8558
f 8505 8560 414
f 8503 8559 8561
f 8508 8562 8560
f 8507 8561 8563
f 8510 8564 8562
f 8509 8563 8565
f 8512 8566 8564
f 8511 8565 8567
f 8514 8568 8566
f 8513 8567 8569
f 8516 8570 8568
f 8515 8569 8571
f 8518 418 8570
f 8517 8571 8572
f 8519 8572 8573
f 8520 8573 117
f 8522 8574 8575
f 8524 122 8574
f 8525 8576 422
f 8523 8575 8577
f 8528 8578 8576
f 8527 8577 8579
f 8530 8580 8578
f 8529 8579 8581
f 8532 8582 8580
f 8531 8581 8583
f 8534 8584 8582
f 8533 8583 8585
f 8536 8586 8584
f 8535 8585 8587
f 8538 426 8586
f 8537 8587 8588
f 8539 8588 8589
f 8540 8589 125
f 8542 8590 8591
f 8544 130 8590
f 8545 8592 430
f 8543 8591 8593
f 8548 8594 8592
f 8547 8593 6411
f 8549 8595 8594
f 8550 8596 8595
f 6408 6412 8596
f 8551 8597 8598
f 8552 8598 6413
f 8553 8599 8597
f 8554 8600 8599
f 6410 6414 8601
f 410 409 8600
f 8555 8601 8602
f 8556 8602 8603
f 8557 8603 110
f 8558 8604 8605
f 114 113 8604
f 8560 8606 415
f 8559 8605 8607
f 8562 8608 8606
f 8561 8607 8609
f 8564 8610 8608
f 8563 8609 8611
f 8566 8612 8610
f 8565 8611 8613
f 8568 8614 8612
f 8567 8613 8615
f 8570 8616 8614
f 8569 8615 8617
f 418 417 8616
f 8571 8617 8618
f 8572 8618 8619
f 8573 8619 118
f 8574 8620 8621
f 122 121 8620
f 8576 8622 423
f 8575 8621 8623
f 8578 8624 8622
f 8577 8623 8625
f 8580 8626 8624
f 8579 8625 8627
f 8582 8628 8626
f 8581 8627 8629
f 8584 8630 8628
f 8583 8629 8631
f 8586 8632 8630
f 8585 8631 8633
f 426 425 8632
f 8587 8633 8634
f 8588 8634 8635
f 8589 8635 126
f 8590 8636 8637
f 130 129 8636
f 8592 8638 431
f 8591 8637 8639
f 8594 8640 8638
f 8593 8639 6415
f 8595 8641 8640
f 8596 8642 8641
f 6412 6416 8642
f 8597 8643 8644
f 8598 8644 6417
f 8599 8645 8643
f 8600 8646 8645
f 6414 6418 8647
f 409 433 8646
f 8601 8647 8648
f 8602 8648 8649
f 8650 133 110
f 8603 8649 8651
f 8652 8653 133
f 8650 8651 8654
f 8655 8656 8653
f 8652 8654 8657
f 8658 8659 8656
f 8655 8657 8660
f 8661 8662 8659
f 8658 8660 8663
f 8664 8665 8662
f 8661 8663 8666
f 8667 135 8665
f 8664 8666 8668
f 8604 113 135
f 8667 8668 8669
f 8604 8669 8670
f 8606 8671 448
f 8605 8670 8672
f 8608 8673 8671
f 8607 8672 8674
f 8610 8675 8673
f 8609 8674 8676
f 8612 8677 8675
f 8611 8676 8678
f 8614 8679 8677
f 8613 8678 8680
f 8616 8681 8679
f 8615 8680 8682
f 417 449 8681
f 8617 8682 8683
f 8618 8683 8684
f 8685 137 118
f 8619 8684 8686
f 8687 8688 137
f 8685 8686 8689
f 8690 8691 8688
f 8687 8689 8692
f 8693 8694 8691
f 8690 8692 8695
f 8696 8697 8694
f 8693 8695 8698
f 8699 8700 8697
f 8696 8698 8701
f 8702 139 8700
f 8699 8701 8703
f 8620 121 139
f 8702 8703 8704
f 8620 8704 8705
f 8622 8706 464
f 8621 8705 8707
f 8624 8708 8706
f 8623 8707 8709
f 8626 8710 8708
f 8625 8709 8711
f 8628 8712 8710
f 8627 8711 8713
f 8630 8714 8712
f 8629 8713 8715
f 8632 8716 8714
f 8631 8715 8717
f 425 465 8716
f 8633 8717 8718
f 8634 8718 8719
f 8720 141 126
f 8635 8719 8721
f 8722 8723 141
f 8720 8721 8724
f 8725 8726 8723
f 8722 8724 8727
f 8728 8729 8726
f 8725 8727 8730
f 8731 8732 8729
f 8728 8730 8733
f 8734 8735 8732
f 8731 8733 8736
f 8737 143 8735
f 8734 8736 8738
f 8636 129 143
f 8737 8738 8739
f 8636 8739 8740
f 8638 8741 480
f 8637 8740 8742
f 8640 8743 8741
f 8639 8742 6419
f 8641 8744 8743
f 8642 8745 8744
f 6416 6420 8745
f 8643 8746 8747
f 8644 8747 6421
f 8645 8748 8746
f 8646 8749 8748
f 6418 6422 10587
f 433 8750 8749
f 8647 6426 6427
f 436 8751 8750
f 8648 6427 6428
f 438 8752 8751
f 8649 6428 6429
f 8753 8754 8752
f 8651 6429 6430
f 8755 8756 8754
f 8654 6430 6431
f 8757 8758 8756
f 8657 6431 6432
f 8759 8760 8758
f 8660 6432 6433
f 8761 8762 8760
f 8663 6433 6434
f 443 8763 8762
f 8666 6434 6435
f 446 8764 8763
f 8668 6435 6436
f 448 8765 8764
f 8669 6436 6437
f 8671 8766 8765
f 8670 6437 6438
f 8673 8767 8766
f 8672 6438 6439
f 8675 8768 8767
f 8674 6439 6440
f 8677 8769 8768
f 8676 6440 6441
f 8679 8770 8769
f 8678 6441 6442
f 8681 8771 8770
f 8680 6442 6443
f 449 8772 8771
f 8682 6443 6444
f 452 8773 8772
f 8683 6444 6445
f 454 8774 8773
f 8684 6445 6446
f 8775 8776 8774
f 8686 6446 6447
f 8777 8778 8776
f 8689 6447 6448
f 8779 8780 8778
f 8692 6448 6449
f 8781 8782 8780
f 8695 6449 6450
f 8783 8784 8782
f 8698 6450 6451
f 459 8785 8784
f 8701 6451 6452
f 462 8786 8785
f 8703 6452 6453
f 464 8787 8786
f 8704 6453 6454
f 8706 8788 8787
f 8705 6454 6455
f 8708 8789 8788
f 8707 6455 6456
f 8710 8790 8789
f 8709 6456 6457
f 8712 8791 8790
f 8711 6457 6458
f 8714 8792 8791
f 8713 6458 6459
f 8716 8793 8792
f 8715 6459 6460
f 465 8794 8793
f 8717 6460 6461
f 468 8795 8794
f 8718 6461 6462
f 470 8796 8795
f 8719 6462 6463
f 8797 8798 8796
f 8721 6463 6464
f 8799 8800 8798
f 8724 6464 6465
f 8801 8802 8800
f 8727 6465 6466
f 8803 8804 8802
f 8730 6466 6467
f 8805 8806 8804
f 8733 6467 6468
f 475 8807 8806
f 8736 6468 6469
f 478 8808 8807
f 8738 6469 6470
f 480 8809 8808
f 8739 6470 6471
f 8741 8810 8809
f 8740 6471 6472
f 8743 8811 8810
f 8742 6472 6423
f 8744 8812 8811
f 8745 8813 8812
f 6420 6424 8813
f 8746 8814 8815
f 8747 8815 6425
f 8748 8816 8814
f 8749 8817 8816
f 8750 8818 8817
f 8751 8819 8818
f 8752 8820 8819
f 8754 8821 8820
f 8756 8822 8821
f 8758 8823 8822
f 8760 8824 8823
f 8762 8825 8824
f 8763 8826 8825
f 8764 8827 8826
f 8765 8828 8827
f 8766 8829 8828
f 8767 8830 8829
f 8768 8831 8830
f 8769 8832 8831
f 8770 8833 8832
f 8771 8834 8833
f 8772 8835 8834
f 8773 8836 8835
f 8774 8837 8836
f 8776 8838 8837
f 8778 8839 8838
f 8780 8840 8839
f 8782 8841 8840
f 8784 8842 8841
f 8785 8843 8842
f 8786 8844 8843
f 8787 8845 8844
f 8788 8846 8845
f 8789 8847 8846
f 8790 8848 8847
f 8791 8849 8848
f 8792 8850 8849
f 8793 8851 8850
f 8794 8852 8851
f 8795 8853 8852
f 8796 8854 8853
f 8798 8855 8854
f 8800 8856 8855
f 8802 8857 8856
f 8804 8858 8857
f 8806 8859 8858
f 8807 8860 8859
f 8808 8861 8860
f 8809 8862 8861
f 8810 8863 8862
f 8811 8864 8863
f 8812 8865 8864
f 8813 8866 8865
f 6424 6473 8866
f 8814 8867 8868
f 8815 8868 6474
f 8816 8869 8867
f 8817 8870 8869
f 8818 8871 8870
f 8819 8872 8871
f 8820 8873 8872
f 8821 8874 8873
f 8822 8875 8874
f 8823 8876 8875
f 8824 8877 8876
f 8825 8878 8877
f 8826 8879 8878
f 8827 8880 8879
f 8828 8881 8880
f 8829 8882 8881
f 8830 8883 8882
f 8831 8884 8883
f 8832 8885 8884
f 8833 8886 8885
f 8834 8887 8886
f 8835 8888 8887
f 8836 8889 8888
f 8837 8890 8889
f 8838 8891 8890
f 8839 8892 8891
f 8840 8893 8892
f 8841 8894 8893
f 8842 8895 8894
f 8843 8896 8895
f 8844 8897 8896
f 8845 8898 8897
f 8846 8899 8898
f 8847 8900 8899
f 8848 8901 8900
f 8849 8902 8901
f 8850 8903 8902
f 8851 8904 8903
f 8852 8905 8904
f 8853 8906 8905
f 8854 8907 8906
f 8855 8908 8907
f 8856 8909 8908
f 8857 8910 8909
f 8858 8911 8910
f 8859 8912 8911
f 8860 8913 8912
f 8861 8914 8913
f 8862 8915 8914
f 8863 8916 8915
f 8864 8917 8916
f 8865 8918 8917
f 8866 8919 8918
f 6473 6475 8919
f 8867 8920 8921
f 8921 8920 6477
f 8868 8921 10588
f 8869 8922 8920
f 8920 8922 6478
f 8870 8923 8922
f 8922 8923 6479
f 8871 8924 8923
f 8923 8924 6480
f 8872 8925 8924
f 8924 8925 6481
f 8873 8926 8925
f 8925 8926 6482
f 8874 8927 8926
f 8926 8927 6483
f 8875 8928 8927
f 8927 8928 6484
f 8876 8929 8928
f 8928 8929 6485
f 8877 8930 8929
f 8929 8930 6486
f 8878 8931 8930
f 8930 8931 6487
f 8879 8932 8931
f 8931 8932 6488
f 8880 8933 8932
f 8932 8933 6489
f 8881 8934 8933
f 8933 8934 6490
f 8882 8935 8934
f 8934 8935 6491
f 8883 8936 8935
f 8935 8936 6492
f 8884 8937 8936
f 8936 8937 6493
f 8885 8938 8937
f 8937 8938 6494
f 8886 8939 8938
f 8938 8939 6495
f 8887 8940 8939
f 8939 8940 6496
f 8888 8941 8940
f 8940 8941 6497
f 8889 8942 8941
f 8941 8942 6498
f 8890 8943 8942
f 8942 8943 6499
f 8891 8944 8943
f 8943 8944 6500
f 8892 8945 8944
f 8944 8945 6501
f 8893 8946 8945
f 8945 8946 6502
f 8894 8947 8946
f 8946 8947 6503
f 8895 8948 8947
f 8947 8948 6504
f 8896 8949 8948
f 8948 8949 6505
f 8897 8950 8949
f 8949 8950 6506
f 8898 8951 8950
f 8950 8951 6507
f 8899 8952 8951
f 8951 8952 6508
f 8900 8953 8952
f 8952 8953 6509
f 8901 8954 8953
f 8953 8954 6510
f 8902 8955 8954
f 8954 8955 6511
f 8903 8956 8955
f 8955 8956 6512
f 8904 8957 8956
f 8956 8957 6513
f 8905 8958 8957
f 8957 8958 6514
f 8906 8959 8958
f 8958 8959 6515
f 8907 8960 8959
f 8959 8960 6516
f 8908 8961 8960
f 8960 8961 6517
f 8909 8962 8961
f 8961 8962 6518
f 8910 8963 8962
f 8962 8963 6519
f 8911 8964 8963
f 8963 8964 6520
f 8912 8965 8964
f 8964 8965 6521
f 8913 8966 8965
f 8965 8966 6522
f 8914 8967 8966
f 8966 8967 6523
f 8915 8968 8967
f 8967 8968 6524
f 8916 8969 8968
f 8968 8969 6525
f 8917 8970 8969
f 8969 8970 6526
f 8918 8971 8970
f 8970 8971 6527
f 8919 8972 10589
f 8971 8972 10590
f 6475 6528 8972
f 8973 153 4
f 6749 8974 152
f 154 8975 6831
f 6751 8976 8974
f 8975 8977 6833
f 6753 8978 8976
f 8977 8979 6835
f 6755 8980 8978
f 8979 8981 6837
f 6757 8982 8980
f 8981 8983 6839
f 158 157 8982
f 8983 155 6
f 156 8984 8
f 8985 173 12
f 6777 8986 172
f 174 8987 6859
f 6779 8988 8986
f 8987 8989 6861
f 6781 8990 8988
f 8989 8991 6863
f 6783 8992 8990
f 8991 8993 6865
f 6785 8994 8992
f 8993 8995 6867
f 178 177 8994
f 8995 175 14
f 176 8996 16
f 8997 193 20
f 6805 8998 192
f 194 8999 6887
f 6807 9000 8998
f 8999 9001 6889
f 6809 9002 9000
f 9001 9003 6891
f 6811 9004 9002
f 9003 9005 6893
f 6813 9006 9004
f 9005 9007 6895
f 198 197 9006
f 9007 195 22
f 196 9008 24
f 3 26 205
f 8984 209 28
f 11 30 213
f 8996 217 32
f 19 34 221
f 9008 225 36
f 208 9009 6956
f 25 6959 9010
f 210 9011 6962
f 211 6964 9012
f 216 9013 6976
f 29 6979 9014
f 218 9015 6982
f 219 6984 9016
f 224 9017 6996
f 33 6999 9018
f 226 9019 7002
f 227 7004 9020
f 9009 9021 7014
f 6959 7017 9022
f 9011 9023 7020
f 6964 7022 9024
f 9013 9025 7034
f 6979 7037 9026
f 9015 9027 7040
f 6984 7042 9028
f 9017 9029 7054
f 6999 7057 9030
f 9019 9031 7060
f 7004 7062 9032
f 9021 9033 7072
f 7017 7075 9034
f 9023 9035 7078
f 7022 7080 9036
f 9025 9037 7092
f 7037 7095 9038
f 9027 9039 7098
f 7042 7100 9040
f 9029 9041 7112
f 7057 7115 9042
f 9031 9043 7118
f 7062 7120 9044
f 9033 9045 7130
f 7075 7133 9046
f 9035 9047 7136
f 7080 7138 9048
f 9037 9049 7150
f 7095 7153 9050
f 9039 9051 7156
f 7100 7158 9052
f 9041 9053 7170
f 7115 7173 9054
f 9043 9055 7176
f 7120 7178 9056
f 9045 9057 7188
f 7133 7191 9058
f 9047 9059 7194
f 7138 7196 9060
f 9049 9061 7208
f 7153 7211 9062
f 9051 9063 7214
f 7158 7216 9064
f 9053 9065 7228
f 7173 7231 9066
f 9055 9067 7234
f 7178 7236 9068
f 9057 243 242
f 7191 37 229
f 9059 231 42
f 7196 246 245
f 9061 251 250
f 7211 45 233
f 9063 235 50
f 7216 254 253
f 9065 259 258
f 7231 53 237
f 9067 239 58
f 7236 262 261
f 40 39 9069
f 232 9070 44
f 48 47 9071
f 236 9072 52
f 56 55 9073
f 240 9074 60
f 62 271 9069
f 7343 9075 272
f 269 9076 7447
f 7346 9077 9075
f 9076 9078 7450
f 7349 9079 9077
f 9078 9080 7453
f 7352 9081 9079
f 9080 9082 7456
f 7355 9083 9081
f 9082 9084 7459
f 63 273 9083
f 9084 276 275
f 44 9070 274
f 66 287 9071
f 7378 9085 288
f 285 9086 7486
f 7381 9087 9085
f 9086 9088 7489
f 7384 9089 9087
f 9088 9090 7492
f 7387 9091 9089
f 9090 9092 7495
f 7390 9093 9091
f 9092 9094 7498
f 67 289 9093
f 9094 292 291
f 52 9072 290
f 70 303 9073
f 7413 9095 304
f 301 9096 7525
f 7416 9097 9095
f 9096 9098 7528
f 7419 9099 9097
f 9098 9100 7531
f 7422 9101 9099
f 9100 9102 7534
f 7425 9103 9101
f 9102 9104 7537
f 71 305 9103
f 9104 308 307
f 60 9074 306
f 9105 321 76
f 8059 9106 320
f 322 9107 8141
f 8061 9108 9106
f 9107 9109 8143
f 8063 9110 9108
f 9109 9111 8145
f 8065 9112 9110
f 9111 9113 8147
f 8067 9114 9112
f 9113 9115 8149
f 326 325 9114
f 9115 323 78
f 324 9116 80
f 9117 341 84
f 8087 9118 340
f 342 9119 8169
f 8089 9120 9118
f 9119 9121 8171
f 8091 9122 9120
f 9121 9123 8173
f 8093 9124 9122
f 9123 9125 8175
f 8095 9126 9124
f 9125 9127 8177
f 346 345 9126
f 9127 343 86
f 344 9128 88
f 9129 361 92
f 8115 9130 360
f 362 9131 8197
f 8117 9132 9130
f 9131 9133 8199
f 8119 9134 9132
f 9133 9135 8201
f 8121 9136 9134
f 9135 9137 8203
f 8123 9138 9136
f 9137 9139 8205
f 366 365 9138
f 9139 363 94
f 364 9140 96
f 75 98 373
f 9116 377 100
f 83 102 381
f 9128 385 104
f 91 106 389
f 9140 393 108
f 376 9141 8266
f 97 8269 9142
f 378 9143 8272
f 379 8274 9144
f 384 9145 8286
f 101 8289 9146
f 386 9147 8292
f 387 8294 9148
f 392 9149 8306
f 105 8309 9150
f 394 9151 8312
f 395 8314 9152
f 9141 9153 8324
f 8269 8327 9154
f 9143 9155 8330
f 8274 8332 9156
f 9145 9157 8344
f 8289 8347 9158
f 9147 9159 8350
f 8294 8352 9160
f 9149 9161 8364
f 8309 8367 9162
f 9151 9163 8370
f 8314 8372 9164
f 9153 9165 8382
f 8327 8385 9166
f 9155 9167 8388
f 8332 8390 9168
f 9157 9169 8402
f 8347 8405 9170
f 9159 9171 8408
f 8352 8410 9172
f 9161 9173 8422
f 8367 8425 9174
f 9163 9175 8428
f 8372 8430 9176
f 9165 9177 8440
f 8385 8443 9178
f 9167 9179 8446
f 8390 8448 9180
f 9169 9181 8460
f 8405 8463 9182
f 9171 9183 8466
f 8410 8468 9184
f 9173 9185 8480
f 8425 8483 9186
f 9175 9187 8486
f 8430 8488 9188
f 9177 9189 8498
f 8443 8501 9190
f 9179 9191 8504
f 8448 8506 9192
f 9181 9193 8518
f 8463 8521 9194
f 9183 9195 8524
f 8468 8526 9196
f 9185 9197 8538
f 8483 8541 9198
f 9187 9199 8544
f 8488 8546 9200
f 9189 411 410
f 8501 109 397
f 9191 399 114
f 8506 414 413
f 9193 419 418
f 8521 117 401
f 9195 403 122
f 8526 422 421
f 9197 427 426
f 8541 125 405
f 9199 407 130
f 8546 430 429
f 112 111 9201
f 400 9202 116
f 120 119 9203
f 404 9204 124
f 128 127 9205
f 408 9206 132
f 134 439 9201
f 8653 9207 440
f 437 9208 8753
f 8656 9209 9207
f 9208 9210 8755
f 8659 9211 9209
f 9210 9212 8757
f 8662 9213 9211
f 9212 9214 8759
f 8665 9215 9213
f 9214 9216 8761
f 135 441 9215
f 9216 444 443
f 116 9202 442
f 138 455 9203
f 8688 9217 456
f 453 9218 8775
f 8691 9219 9217
f 9218 9220 8777
f 8694 9221 9219
f 9220 9222 8779
f 8697 9223 9221
f 9222 9224 8781
f 8700 9225 9223
f 9224 9226 8783
f 139 457 9225
f 9226 460 459
f 124 9204 458
f 142 471 9205
f 8723 9227 472
f 469 9228 8797
f 8726 9229 9227
f 9228 9230 8799
f 8729 9231 9229
f 9230 9232 8801
f 8732 9233 9231
f 9232 9234 8803
f 8735 9235 9233
f 9234 9236 8805
f 143 473 9235
f 9236 476 475
f 132 9206 474
f 9237 485 153
f 8974 9238 484
f 486 9239 8975
f 8976 9240 9238
f 9239 9241 8977
f 8978 9242 9240
f 9241 9243 8979
f 8980 9244 9242
f 9243 9245 8981
f 8982 9246 9244
f 9245 9247 8983
f 157 489 9246
f 9247 487 155
f 488 9248 8984
f 9249 497 173
f 8986 9250 496
f 498 9251 8987
f 8988 9252 9250
f 9251 9253 8989
f 8990 9254 9252
f 9253 9255 8991
f 8992 9256 9254
f 9255 9257 8993
f 8994 9258 9256
f 9257 9259 8995
f 177 501 9258
f 9259 499 175
f 500 9260 8996
f 9261 509 193
f 8998 9262 508
f 510 9263 8999
f 9000 9264 9262
f 9263 9265 9001
f 9002 9266 9264
f 9265 9267 9003
f 9004 9268 9266
f 9267 9269 9005
f 9006 9270 9268
f 9269 9271 9007
f 197 513 9270
f 9271 511 195
f 512 9272 9008
f 8973 205 517
f 9248 520 209
f 8985 213 523
f 9260 526 217
f 8997 221 529
f 9272 532 225
f 519 9273 9009
f 206 9010 9274
f 521 9275 9011
f 212 9012 9276
f 525 9277 9013
f 214 9014 9278
f 527 9279 9015
f 220 9016 9280
f 531 9281 9017
f 222 9018 9282
f 533 9283 9019
f 228 9020 9284
f 9273 9285 9021
f 9010 9022 9286
f 9275 9287 9023
f 9012 9024 9288
f 9277 9289 9025
f 9014 9026 9290
f 9279 9291 9027
f 9016 9028 9292
f 9281 9293 9029
f 9018 9030 9294
f 9283 9295 9031
f 9020 9032 9296
f 9285 9297 9033
f 9022 9034 9298
f 9287 9299 9035
f 9024 9036 9300
f 9289 9301 9037
f 9026 9038 9302
f 9291 9303 9039
f 9028 9040 9304
f 9293 9305 9041
f 9030 9042 9306
f 9295 9307 9043
f 9032 9044 9308
f 9297 9309 9045
f 9034 9046 9310
f 9299 9311 9047
f 9036 9048 9312
f 9301 9313 9049
f 9038 9050 9314
f 9303 9315 9051
f 9040 9052 9316
f 9305 9317 9053
f 9042 9054 9318
f 9307 9319 9055
f 9044 9056 9320
f 9309 9321 9057
f 9046 9058 9322
f 9311 9323 9059
f 9048 9060 9324
f 9313 9325 9061
f 9050 9062 9326
f 9315 9327 9063
f 9052 9064 9328
f 9317 9329 9065
f 9054 9066 9330
f 9319 9331 9067
f 9056 9068 9332
f 9321 547 243
f 9058 229 535
f 9323 537 231
f 9060 245 549
f 9325 551 251
f 9062 233 539
f 9327 541 235
f 9064 253 553
f 9329 555 259
f 9066 237 543
f 9331 545 239
f 9068 261 557
f 230 9069 9333
f 538 9334 9070
f 234 9071 9335
f 542 9336 9072
f 238 9073 9337
f 546 9338 9074
f 271 562 9333
f 9075 9339 563
f 561 9340 9076
f 9077 9341 9339
f 9340 9342 9078
f 9079 9343 9341
f 9342 9344 9080
f 9081 9345 9343
f 9344 9346 9082
f 9083 9347 9345
f 9346 9348 9084
f 273 564 9347
f 9348 566 276
f 9070 9334 565
f 287 572 9335
f 9085 9349 573
f 571 9350 9086
f 9087 9351 9349
f 9350 9352 9088
f 9089 9353 9351
f 9352 9354 9090
f 9091 9355 9353
f 9354 9356 9092
f 9093 9357 9355
f 9356 9358 9094
f 289 574 9357
f 9358 576 292
f 9072 9336 575
f 303 582 9337
f 9095 9359 583
f 581 9360 9096
f 9097 9361 9359
f 9360 9362 9098
f 9099 9363 9361
f 9362 9364 9100
f 9101 9365 9363
f 9364 9366 9102
f 9103 9367 9365
f 9366 9368 9104
f 305 584 9367
f 9368 586 308
f 9074 9338 585
f 9369 593 321
f 9106 9370 592
f 594 9371 9107
f 9108 9372 9370
f 9371 9373 9109
f 9110 9374 9372
f 9373 9375 9111
f 9112 9376 9374
f 9375 9377 9113
f 9114 9378 9376
f 9377 9379 9115
f 325 597 9378
f 9379 595 323
f 596 9380 9116
f 9381 605 341
f 9118 9382 604
f 606 9383 9119
f 9120 9384 9382
f 9383 9385 9121
f 9122 9386 9384
f 9385 9387 9123
f 9124 9388 9386
f 9387 9389 9125
f 9126 9390 9388
f 9389 9391 9127
f 345 609 9390
f 9391 607 343
f 608 9392 9128
f 9393 617 361
f 9130 9394 616
f 618 9395 9131
f 9132 9396 9394
f 9395 9397 9133
f 9134 9398 9396
f 9397 9399 9135
f 9136 9400 9398
f 9399 9401 9137
f 9138 9402 9400
f 9401 9403 9139
f 365 621 9402
f 9403 619 363
f 620 9404 9140
f 9105 373 625
f 9380 628 377
f 9117 381 631
f 9392 634 385
f 9129 389 637
f 9404 640 393
f 627 9405 9141
f 374 9142 9406
f 629 9407 9143
f 380 9144 9408
f 633 9409 9145
f 382 9146 9410
f 635 9411 9147
f 388 9148 9412
f 639 9413 9149
f 390 9150 9414
f 641 9415 9151
f 396 9152 9416
f 9405 9417 9153
f 9142 9154 9418
f 9407 9419 9155
f 9144 9156 9420
f 9409 9421 9157
f 9146 9158 9422
f 9411 9423 9159
f 9148 9160 9424
f 9413 9425 9161
f 9150 9162 9426
f 9415 9427 9163
f 9152 9164 9428
f 9417 9429 9165
f 9154 9166 9430
f 9419 9431 9167
f 9156 9168 9432
f 9421 9433 9169
f 9158 9170 9434
f 9423 9435 9171
f 9160 9172 9436
f 9425 9437 9173
f 9162 9174 9438
f 9427 9439 9175
f 9164 9176 9440
f 9429 9441 9177
f 9166 9178 9442
f 9431 9443 9179
f 9168 9180 9444
f 9433 9445 9181
f 9170 9182 9446
f 9435 9447 9183
f 9172 9184 9448
f 9437 9449 9185
f 9174 9186 9450
f 9439 9451 9187
f 9176 9188 9452
f 9441 9453 9189
f 9178 9190 9454
f 9443 9455 9191
f 9180 9192 9456
f 9445 9457 9193
f 9182 9194 9458
f 9447 9459 9195
f 9184 9196 9460
f 9449 9461 9197
f 9186 9198 9462
f 9451 9463 9199
f 9188 9200 9464
f 9453 655 411
f 9190 397 643
f 9455 645 399
f 9192 413 657
f 9457 659 419
f 9194 401 647
f 9459 649 403
f 9196 421 661
f 9461 663 427
f 9198 405 651
f 9463 653 407
f 9200 429 665
f 398 9201 9465
f 646 9466 9202
f 402 9203 9467
f 650 9468 9204
f 406 9205 9469
f 654 9470 9206
f 439 670 9465
f 9207 9471 671
f 669 9472 9208
f 9209 9473 9471
f 9472 9474 9210
f 9211 9475 9473
f 9474 9476 9212
f 9213 9477 9475
f 9476 9478 9214
f 9215 9479 9477
f 9478 9480 9216
f 441 672 9479
f 9480 674 444
f 9202 9466 673
f 455 680 9467
f 9217 9481 681
f 679 9482 9218
f 9219 9483 9481
f 9482 9484 9220
f 9221 9485 9483
f 9484 9486 9222
f 9223 9487 9485
f 9486 9488 9224
f 9225 9489 9487
f 9488 9490 9226
f 457 682 9489
f 9490 684 460
f 9204 9468 683
f 471 690 9469
f 9227 9491 691
f 689 9492 9228
f 9229 9493 9491
f 9492 9494 9230
f 9231 9495 9493
f 9494 9496 9232
f 9233 9497 9495
f 9496 9498 9234
f 9235 9499 9497
f 9498 9500 9236
f 473 692 9499
f 9500 694 476
f 9206 9470 693
f 9501 701 485
f 9238 9502 700
f 702 9503 9239
f 9240 9504 9502
f 9503 9505 9241
f 9242 9506 9504
f 9505 9507 9243
f 9244 9508 9506
f 9507 9509 9245
f 9246 9510 9508
f 9509 9511 9247
f 489 705 9510
f 9511 703 487
f 704 9512 9248
f 9513 713 497
f 9250 9514 712
f 714 9515 9251
f 9252 9516 9514
f 9515 9517 9253
f 9254 9518 9516
f 9517 9519 9255
f 9256 9520 9518
f 9519 9521 9257
f 9258 9522 9520
f 9521 9523 9259
f 501 717 9522
f 9523 715 499
f 716 9524 9260
f 9525 725 509
f 9262 9526 724
f 726 9527 9263
f 9264 9528 9526
f 9527 9529 9265
f 9266 9530 9528
f 9529 9531 9267
f 9268 9532 9530
f 9531 9533 9269
f 9270 9534 9532
f 9533 9535 9271
f 513 729 9534
f 9535 727 511
f 728 9536 9272
f 9237 517 733
f 9512 736 520
f 9249 523 739
f 9524 742 526
f 9261 529 745
f 9536 748 532
f 735 9537 9273
f 518 9274 9538
f 737 9539 9275
f 522 9276 9540
f 741 9541 9277
f 524 9278 9542
f 743 9543 9279
f 528 9280 9544
f 747 9545 9281
f 530 9282 9546
f 749 9547 9283
f 534 9284 9548
f 9537 9549 9285
f 9274 9286 9550
f 9539 9551 9287
f 9276 9288 9552
f 9541 9553 9289
f 9278 9290 9554
f 9543 9555 9291
f 9280 9292 9556
f 9545 9557 9293
f 9282 9294 9558
f 9547 9559 9295
f 9284 9296 9560
f 9549 9561 9297
f 9286 9298 9562
f 9551 9563 9299
f 9288 9300 9564
f 9553 9565 9301
f 9290 9302 9566
f 9555 9567 9303
f 9292 9304 9568
f 9557 9569 9305
f 9294 9306 9570
f 9559 9571 9307
f 9296 9308 9572
f 9561 9573 9309
f 9298 9310 9574
f 9563 9575 9311
f 9300 9312 9576
f 9565 9577 9313
f 9302 9314 9578
f 9567 9579 9315
f 9304 9316 9580
f 9569 9581 9317
f 9306 9318 9582
f 9571 9583 9319
f 9308 9320 9584
f 9573 9585 9321
f 9310 9322 9586
f 9575 9587 9323
f 9312 9324 9588
f 9577 9589 9325
f 9314 9326 9590
f 9579 9591 9327
f 9316 9328 9592
f 9581 9593 9329
f 9318 9330 9594
f 9583 9595 9331
f 9320 9332 9596
f 9585 763 547
f 9322 535 751
f 9587 753 537
f 9324 549 765
f 9589 767 551
f 9326 539 755
f 9591 757 541
f 9328 553 769
f 9593 771 555
f 9330 543 759
f 9595 761 545
f 9332 557 773
f 536 9333 9597
f 754 9598 9334
f 540 9335 9599
f 758 9600 9336
f 544 9337 9601
f 762 9602 9338
f 562 778 9597
f 9339 9603 779
f 777 9604 9340
f 9341 9605 9603
f 9604 9606 9342
f 9343 9607 9605
f 9606 9608 9344
f 9345 9609 9607
f 9608 9610 9346
f 9347 9611 9609
f 9610 9612 9348
f 564 780 9611
f 9612 782 566
f 9334 9598 781
f 572 788 9599
f 9349 9613 789
f 787 9614 9350
f 9351 9615 9613
f 9614 9616 9352
f 9353 9617 9615
f 9616 9618 9354
f 9355 9619 9617
f 9618 9620 9356
f 9357 9621 9619
f 9620 9622 9358
f 574 790 9621
f 9622 792 576
f 9336 9600 791
f 582 798 9601
f 9359 9623 799
f 797 9624 9360
f 9361 9625 9623
f 9624 9626 9362
f 9363 9627 9625
f 9626 9628 9364
f 9365 9629 9627
f 9628 9630 9366
f 9367 9631 9629
f 9630 9632 9368
f 584 800 9631
f 9632 802 586
f 9338 9602 801
f 9633 809 593
f 9370 9634 808
f 810 9635 9371
f 9372 9636 9634
f 9635 9637 9373
f 9374 9638 9636
f 9637 9639 9375
f 9376 9640 9638
f 9639 9641 9377
f 9378 9642 9640
f 9641 9643 9379
f 597 813 9642
f 9643 811 595
f 812 9644 9380
f 9645 821 605
f 9382 9646 820
f 822 9647 9383
f 9384 9648 9646
f 9647 9649 9385
f 9386 9650 9648
f 9649 9651 9387
f 9388 9652 9650
f 9651 9653 9389
f 9390 9654 9652
f 9653 9655 9391
f 609 825 9654
f 9655 823 607
f 824 9656 9392
f 9657 833 617
f 9394 9658 832
f 834 9659 9395
f 9396 9660 9658
f 9659 9661 9397
f 9398 9662 9660
f 9661 9663 9399
f 9400 9664 9662
f 9663 9665 9401
f 9402 9666 9664
f 9665 9667 9403
f 621 837 9666
f 9667 835 619
f 836 9668 9404
f 9369 625 841
f 9644 844 628
f 9381 631 847
f 9656 850 634
f 9393 637 853
f 9668 856 640
f 843 9669 9405
f 626 9406 9670
f 845 9671 9407
f 630 9408 9672
f 849 9673 9409
f 632 9410 9674
f 851 9675 9411
f 636 9412 9676
f 855 9677 9413
f 638 9414 9678
f 857 9679 9415
f 642 9416 9680
f 9669 9681 9417
f 9406 9418 9682
f 9671 9683 9419
f 9408 9420 9684
f 9673 9685 9421
f 9410 9422 9686
f 9675 9687 9423
f 9412 9424 9688
f 9677 9689 9425
f 9414 9426 9690
f 9679 9691 9427
f 9416 9428 9692
f 9681 9693 9429
f 9418 9430 9694
f 9683 9695 9431
f 9420 9432 9696
f 9685 9697 9433
f 9422 9434 9698
f 9687 9699 9435
f 9424 9436 9700
f 9689 9701 9437
f 9426 9438 9702
f 9691 9703 9439
f 9428 9440 9704
f 9693 9705 9441
f 9430 9442 9706
f 9695 9707 9443
f 9432 9444 9708
f 9697 9709 9445
f 9434 9446 9710
f 9699 9711 9447
f 9436 9448 9712
f 9701 9713 9449
f 9438 9450 9714
f 9703 9715 9451
f 9440 9452 9716
f 9705 9717 9453
f 9442 9454 9718
f 9707 9719 9455
f 9444 9456 9720
f 9709 9721 9457
f 9446 9458 9722
f 9711 9723 9459
f 9448 9460 9724
f 9713 9725 9461
f 9450 9462 9726
f 9715 9727 9463
f 9452 9464 9728
f 9717 871 655
f 9454 643 859
f 9719 861 645
f 9456 657 873
f 9721 875 659
f 9458 647 863
f 9723 865 649
f 9460 661 877
f 9725 879 663
f 9462 651 867
f 9727 869 653
f 9464 665 881
f 644 9465 9729
f 862 9730 9466
f 648 9467 9731
f 866 9732 9468
f 652 9469 9733
f 870 9734 9470
f 670 886 9729
f 9471 9735 887
f 885 9736 9472
f 9473 9737 9735
f 9736 9738 9474
f 9475 9739 9737
f 9738 9740 9476
f 9477 9741 9739
f 9740 9742 9478
f 9479 9743 9741
f 9742 9744 9480
f 672 888 9743
f 9744 890 674
f 9466 9730 889
f 680 896 9731
f 9481 9745 897
f 895 9746 9482
f 9483 9747 9745
f 9746 9748 9484
f 9485 9749 9747
f 9748 9750 9486
f 9487 9751 9749
f 9750 9752 9488
f 9489 9753 9751
f 9752 9754 9490
f 682 898 9753
f 9754 900 684
f 9468 9732 899
f 690 906 9733
f 9491 9755 907
f 905 9756 9492
f 9493 9757 9755
f 9756 9758 9494
f 9495 9759 9757
f 9758 9760 9496
f 9497 9761 9759
f 9760 9762 9498
f 9499 9763 9761
f 9762 9764 9500
f 692 908 9763
f 9764 910 694
f 9470 9734 909
f 915 9765 918
f 920 921 9765
f 9502 9766 919
f 9766 9767 922
f 9504 9768 9766
f 9768 9769 9767
f 9506 9770 9768
f 9770 9771 9769
f 9508 9772 9770
f 9772 9773 9771
f 9510 9774 9772
f 9774 9775 9773
f 705 924 9774
f 924 923 9775
f 928 9776 926
f 930 932 9776
f 935 9777 938
f 940 941 9777
f 9514 9778 939
f 9778 9779 942
f 9516 9780 9778
f 9780 9781 9779
f 9518 9782 9780
f 9782 9783 9781
f 9520 9784 9782
f 9784 9785 9783
f 9522 9786 9784
f 9786 9787 9785
f 717 944 9786
f 944 943 9787
f 948 9788 946
f 950 952 9788
f 955 9789 958
f 960 961 9789
f 9526 9790 959
f 9790 9791 962
f 9528 9792 9790
f 9792 9793 9791
f 9530 9794 9792
f 9794 9795 9793
f 9532 9796 9794
f 9796 9797 9795
f 9534 9798 9796
f 9798 9799 9797
f 729 964 9798
f 964 963 9799
f 968 9800 966
f 970 972 9800
f 9765 974 973
f 921 977 974
f 9501 733 979
f 9767 9801 978
f 702 980 9802
f 9769 9803 9801
f 9503 9802 9804
f 9771 9805 9803
f 9505 9804 9806
f 9773 9807 9805
f 9507 9806 9808
f 9775 9809 9807
f 9509 9808 9810
f 923 983 9809
f 9511 9810 981
f 9776 985 984
f 704 982 10591
f 932 987 985
f 9777 990 989
f 941 993 990
f 9513 739 995
f 9779 9811 994
f 714 996 9812
f 9781 9813 9811
f 9515 9812 9814
f 9783 9815 9813
f 9517 9814 9816
f 9785 9817 9815
f 9519 9816 9818
f 9787 9819 9817
f 9521 9818 9820
f 943 999 9819
f 9523 9820 997
f 9788 1001 1000
f 716 998 10592
f 952 1003 1001
f 9789 1006 1005
f 961 1009 1006
f 9525 745 1011
f 9791 9821 1010
f 726 1012 9822
f 9793 9823 9821
f 9527 9822 9824
f 9795 9825 9823
f 9529 9824 9826
f 9797 9827 9825
f 9531 9826 9828
f 9799 9829 9827
f 9533 9828 9830
f 963 1015 9829
f 9535 9830 1013
f 9800 1017 1016
f 728 1014 10593
f 972 1019 1017
f 975 9831 9832
f 976 9832 9537
f 978 9833 9831
f 734 9538 9834
f 9801 9835 9833
f 980 9834 9836
f 9803 9837 9835
f 9802 9836 9838
f 9805 9839 9837
f 9804 9838 9840
f 9807 9841 9839
f 9806 9840 9842
f 9809 9843 9841
f 9808 9842 9844
f 983 9845 9843
f 9810 9844 9846
f 986 9847 9845
f 981 9846 9539
f 988 9848 9847
f 738 9540 9848
f 991 9849 9850
f 992 9850 9541
f 994 9851 9849
f 740 9542 9852
f 9811 9853 9851
f 996 9852 9854
f 9813 9855 9853
f 9812 9854 9856
f 9815 9857 9855
f 9814 9856 9858
f 9817 9859 9857
f 9816 9858 9860
f 9819 9861 9859
f 9818 9860 9862
f 999 9863 9861
f 9820 9862 9864
f 1002 9865 9863
f 997 9864 9543
f 1004 9866 9865
f 744 9544 9866
f 1007 9867 9868
f 1008 9868 9545
f 1010 9869 9867
f 746 9546 9870
f 9821 9871 9869
f 1012 9870 9872
f 9823 9873 9871
f 9822 9872 9874
f 9825 9875 9873
f 9824 9874 9876
f 9827 9877 9875
f 9826 9876 9878
f 9829 9879 9877
f 9828 9878 9880
f 1015 9881 9879
f 9830 9880 9882
f 1018 9883 9881
f 1013 9882 9547
f 1020 9884 9883
f 750 9548 9884
f 9831 9885 9886
f 9832 9886 9549
f 9833 9887 9885
f 9538 9550 9888
f 9835 9889 9887
f 9834 9888 9890
f 9837 9891 9889
f 9836 9890 9892
f 9839 9893 9891
f 9838 9892 9894
f 9841 9895 9893
f 9840 9894 9896
f 9843 9897 9895
f 9842 9896 9898
f 9845 9899 9897
f 9844 9898 9900
f 9847 9901 9899
f 9846 9900 9551
f 9848 9902 9901
f 9540 9552 9902
f 9849 9903 9904
f 9850 9904 9553
f 9851 9905 9903
f 9542 9554 9906
f 9853 9907 9905
f 9852 9906 9908
f 9855 9909 9907
f 9854 9908 9910
f 9857 9911 9909
f 9856 9910 9912
f 9859 9913 9911
f 9858 9912 9914
f 9861 9915 9913
f 9860 9914 9916
f 9863 9917 9915
f 9862 9916 9918
f 9865 9919 9917
f 9864 9918 9555
f 9866 9920 9919
f 9544 9556 9920
f 9867 9921 9922
f 9868 9922 9557
f 9869 9923 9921
f 9546 9558 9924
f 9871 9925 9923
f 9870 9924 9926
f 9873 9927 9925
f 9872 9926 9928
f 9875 9929 9927
f 9874 9928 9930
f 9877 9931 9929
f 9876 9930 9932
f 9879 9933 9931
f 9878 9932 9934
f 9881 9935 9933
f 9880 9934 9936
f 9883 9937 9935
f 9882 9936 9559
f 9884 9938 9937
f 9548 9560 9938
f 9885 9939 9940
f 9886 9940 9561
f 9887 9941 9939
f 9550 9562 9942
f 9889 9943 9941
f 9888 9942 9944
f 9891 9945 9943
f 9890 9944 9946
f 9893 9947 9945
f 9892 9946 9948
f 9895 9949 9947
f 9894 9948 9950
f 9897 9951 9949
f 9896 9950 9952
f 9899 9953 9951
f 9898 9952 9954
f 9901 9955 9953
f 9900 9954 9563
f 9902 9956 9955
f 9552 9564 9956
f 9903 9957 9958
f 9904 9958 9565
f 9905 9959 9957
f 9554 9566 9960
f 9907 9961 9959
f 9906 9960 9962
f 9909 9963 9961
f 9908 9962 9964
f 9911 9965 9963
f 9910 9964 9966
f 9913 9967 9965
f 9912 9966 9968
f 9915 9969 9967
f 9914 9968 9970
f 9917 9971 9969
f 9916 9970 9972
f 9919 9973 9971
f 9918 9972 9567
f 9920 9974 9973
f 9556 9568 9974
f 9921 9975 9976
f 9922 9976 9569
f 9923 9977 9975
f 9558 9570 9978
f 9925 9979 9977
f 9924 9978 9980
f 9927 9981 9979
f 9926 9980 9982
f 9929 9983 9981
f 9928 9982 9984
f 9931 9985 9983
f 9930 9984 9986
f 9933 9987 9985
f 9932 9986 9988
f 9935 9989 9987
f 9934 9988 9990
f 9937 9991 9989
f 9936 9990 9571
f 9938 9992 9991
f 9560 9572 9992
f 9939 9993 9994
f 9940 9994 9573
f 9941 9995 9993
f 9562 9574 9996
f 9943 9997 9995
f 9942 9996 9998
f 9945 9999 9997
f 9944 9998 10000
f 9947 10001 9999
f 9946 10000 10002
f 9949 10003 10001
f 9948 10002 10004
f 9951 10005 10003
f 9950 10004 10006
f 9953 10007 10005
f 9952 10006 10008
f 9955 10009 10007
f 9954 10008 9575
f 9956 10010 10009
f 9564 9576 10010
f 9957 10011 10012
f 9958 10012 9577
f 9959 10013 10011
f 9566 9578 10014
f 9961 10015 10013
f 9960 10014 10016
f 9963 10017 10015
f 9962 10016 10018
f 9965 10019 10017
f 9964 10018 10020
f 9967 10021 10019
f 9966 10020 10022
f 9969 10023 10021
f 9968 10022 10024
f 9971 10025 10023
f 9970 10024 10026
f 9973 10027 10025
f 9972 10026 9579
f 9974 10028 10027
f 9568 9580 10028
f 9975 10029 10030
f 9976 10030 9581
f 9977 10031 10029
f 9570 9582 10032
f 9979 10033 10031
f 9978 10032 10034
f 9981 10035 10033
f 9980 10034 10036
f 9983 10037 10035
f 9982 10036 10038
f 9985 10039 10037
f 9984 10038 10040
f 9987 10041 10039
f 9986 10040 10042
f 9989 10043 10041
f 9988 10042 10044
f 9991 10045 10043
f 9990 10044 9583
f 9992 10046 10045
f 9572 9584 10046
f 9993 10047 10048
f 9994 10048 9585
f 9995 10049 10047
f 9574 9586 10050
f 9997 10051 10049
f 9996 10050 10052
f 9999 10053 10051
f 9998 10052 10054
f 10001 10055 10053
f 10000 10054 10056
f 10003 10057 10055
f 10002 10056 10058
f 10005 10059 10057
f 10004 10058 10060
f 10007 10061 10059
f 10006 10060 10062
f 10009 10063 10061
f 10008 10062 9587
f 10010 10064 10063
f 9576 9588 10064
f 10011 10065 10066
f 10012 10066 9589
f 10013 10067 10065
f 9578 9590 10068
f 10015 10069 10067
f 10014 10068 10070
f 10017 10071 10069
f 10016 10070 10072
f 10019 10073 10071
f 10018 10072 10074
f 10021 10075 10073
f 10020 10074 10076
f 10023 10077 10075
f 10022 10076 10078
f 10025 10079 10077
f 10024 10078 10080
f 10027 10081 10079
f 10026 10080 9591
f 10028 10082 10081
f 9580 9592 10082
f 10029 10083 10084
f 10030 10084 9593
f 10031 10085 10083
f 9582 9594 10086
f 10033 10087 10085
f 10032 10086 10088
f 10035 10089 10087
f 10034 10088 10090
f 10037 10091 10089
f 10036 10090 10092
f 10039 10093 10091
f 10038 10092 10094
f 10041 10095 10093
f 10040 10094 10096
f 10043 10097 10095
f 10042 10096 10098
f 10045 10099 10097
f 10044 10098 9595
f 10046 10100 10099
f 9584 9596 10100
f 10047 1022 1021
f 10048 1021 763
f 10049 1025 1022
f 9586 751 1027
f 10051 10101 1025
f 10050 1027 10102
f 10053 10103 10101
f 10052 10102 10104
f 10055 10105 10103
f 10054 10104 10106
f 10057 10107 10105
f 10056 10106 10108
f 10059 10109 10107
f 10058 10108 10110
f 10061 1029 10109
f 10060 10110 1033
f 10063 1030 1029
f 10062 1033 753
f 10064 1035 1030
f 9588 765 1035
f 10065 1038 1037
f 10066 1037 767
f 10067 1041 1038
f 9590 755 1043
f 10069 10111 1041
f 10068 1043 10112
f 10071 10113 10111
f 10070 10112 10114
f 10073 10115 10113
f 10072 10114 10116
f 10075 10117 10115
f 10074 10116 10118
f 10077 10119 10117
f 10076 10118 10120
f 10079 1045 10119
f 10078 10120 1049
f 10081 1046 1045
f 10080 1049 757
f 10082 1051 1046
f 9592 769 1051
f 10083 1054 1053
f 10084 1053 771
f 10085 1057 1054
f 9594 759 1059
f 10087 10121 1057
f 10086 1059 10122
f 10089 10123 10121
f 10088 10122 10124
f 10091 10125 10123
f 10090 10124 10126
f 10093 10127 10125
f 10092 10126 10128
f 10095 10129 10127
f 10094 10128 10130
f 10097 1061 10129
f 10096 10130 1065
f 10099 1062 1061
f 10098 1065 761
f 10100 1067 1062
f 9596 773 1067
f 1023 10131 1070
f 1026 1071 10131
f 752 9597 10594
f 10101 10132 1072
f 1027 779 9603
f 10103 10133 10132
f 10102 9603 9605
f 10105 10134 10133
f 10104 9605 9607
f 10107 10135 10134
f 10106 9607 9609
f 10109 10136 10135
f 10108 9609 9611
f 1029 1073 10136
f 10110 9611 780
f 1031 10137 1074
f 1034 781 9598
f 1036 1076 10137
f 1039 10138 1078
f 1042 1079 10138
f 756 9599 10595
f 10111 10139 1080
f 1043 789 9613
f 10113 10140 10139
f 10112 9613 9615
f 10115 10141 10140
f 10114 9615 9617
f 10117 10142 10141
f 10116 9617 9619
f 10119 10143 10142
f 10118 9619 9621
f 1045 1081 10143
f 10120 9621 790
f 1047 10144 1082
f 1050 791 9600
f 1052 1084 10144
f 1055 10145 1086
f 1058 1087 10145
f 760 9601 10596
f 10121 10146 1088
f 1059 799 9623
f 10123 10147 10146
f 10122 9623 9625
f 10125 10148 10147
f 10124 9625 9627
f 10127 10149 10148
f 10126 9627 9629
f 10129 10150 10149
f 10128 9629 9631
f 1061 1089 10150
f 10130 9631 800
f 1063 10151 1090
f 1066 801 9602
f 1068 1092 10151
f 10131 1094 1093
f 1071 1097 1094
f 10132 10152 1098
f 1098 10152 9604
f 10133 10153 10152
f 10152 10153 9606
f 10134 10154 10153
f 10153 10154 9608
f 10135 10155 10154
f 10154 10155 9610
f 10136 10156 10155
f 10155 10156 9612
f 1073 1099 10156
f 10156 1099 782
f 10137 1101 1100
f 1076 1103 1101
f 10138 1106 1105
f 1079 1109 1106
f 10139 10157 1110
f 1110 10157 9614
f 10140 10158 10157
f 10157 10158 9616
f 10141 10159 10158
f 10158 10159 9618
f 10142 10160 10159
f 10159 10160 9620
f 10143 10161 10160
f 10160 10161 9622
f 1081 1111 10161
f 10161 1111 792
f 10144 1113 1112
f 1084 1115 1113
f 10145 1118 1117
f 1087 1121 1118
f 10146 10162 1122
f 1122 10162 9624
f 10147 10163 10162
f 10162 10163 9626
f 10148 10164 10163
f 10163 10164 9628
f 10149 10165 10164
f 10164 10165 9630
f 10150 10166 10165
f 10165 10166 9632
f 1089 1123 10166
f 10166 1123 802
f 10151 1125 1124
f 1092 1127 1125
f 1131 10167 1134
f 1136 1137 10167
f 9634 10168 1135
f 10168 10169 1138
f 9636 10170 10168
f 10170 10171 10169
f 9638 10172 10170
f 10172 10173 10171
f 9640 10174 10172
f 10174 10175 10173
f 9642 10176 10174
f 10176 10177 10175
f 813 1140 10176
f 1140 1139 10177
f 1144 10178 1142
f 1146 1148 10178
f 1151 10179 1154
f 1156 1157 10179
f 9646 10180 1155
f 10180 10181 1158
f 9648 10182 10180
f 10182 10183 10181
f 9650 10184 10182
f 10184 10185 10183
f 9652 10186 10184
f 10186 10187 10185
f 9654 10188 10186
f 10188 10189 10187
f 825 1160 10188
f 1160 1159 10189
f 1164 10190 1162
f 1166 1168 10190
f 1171 10191 1174
f 1176 1177 10191
f 9658 10192 1175
f 10192 10193 1178
f 9660 10194 10192
f 10194 10195 10193
f 9662 10196 10194
f 10196 10197 10195
f 9664 10198 10196
f 10198 10199 10197
f 9666 10200 10198
f 10200 10201 10199
f 837 1180 10200
f 1180 1179 10201
f 1184 10202 1182
f 1186 1188 10202
f 10167 1190 1189
f 1137 1193 1190
f 9633 841 1195
f 10169 10203 1194
f 810 1196 10204
f 10171 10205 10203
f 9635 10204 10206
f 10173 10207 10205
f 9637 10206 10208
f 10175 10209 10207
f 9639 10208 10210
f 10177 10211 10209
f 9641 10210 10212
f 1139 1199 10211
f 9643 10212 1197
f 10178 1201 1200
f 812 1198 10597
f 1148 1203 1201
f 10179 1206 1205
f 1157 1209 1206
f 9645 847 1211
f 10181 10213 1210
f 822 1212 10214
f 10183 10215 10213
f 9647 10214 10216
f 10185 10217 10215
f 9649 10216 10218
f 10187 10219 10217
f 9651 10218 10220
f 10189 10221 10219
f 9653 10220 10222
f 1159 1215 10221
f 9655 10222 1213
f 10190 1217 1216
f 824 1214 10598
f 1168 1219 1217
f 10191 1222 1221
f 1177 1225 1222
f 9657 853 1227
f 10193 10223 1226
f 834 1228 10224
f 10195 10225 10223
f 9659 10224 10226
f 10197 10227 10225
f 9661 10226 10228
f 10199 10229 10227
f 9663 10228 10230
f 10201 10231 10229
f 9665 10230 10232
f 1179 1231 10231
f 9667 10232 1229
f 10202 1233 1232
f 836 1230 10599
f 1188 1235 1233
f 1191 10233 10234
f 1192 10234 9669
f 1194 10235 10233
f 842 9670 10236
f 10203 10237 10235
f 1196 10236 10238
f 10205 10239 10237
f 10204 10238 10240
f 10207 10241 10239
f 10206 10240 10242
f 10209 10243 10241
f 10208 10242 10244
f 10211 10245 10243
f 10210 10244 10246
f 1199 10247 10245
f 10212 10246 10248
f 1202 10249 10247
f 1197 10248 9671
f 1204 10250 10249
f 846 9672 10250
f 1207 10251 10252
f 1208 10252 9673
f 1210 10253 10251
f 848 9674 10254
f 10213 10255 10253
f 1212 10254 10256
f 10215 10257 10255
f 10214 10256 10258
f 10217 10259 10257
f 10216 10258 10260
f 10219 10261 10259
f 10218 10260 10262
f 10221 10263 10261
f 10220 10262 10264
f 1215 10265 10263
f 10222 10264 10266
f 1218 10267 10265
f 1213 10266 9675
f 1220 10268 10267
f 852 9676 10268
f 1223 10269 10270
f 1224 10270 9677
f 1226 10271 10269
f 854 9678 10272
f 10223 10273 10271
f 1228 10272 10274
f 10225 10275 10273
f 10224 10274 10276
f 10227 10277 10275
f 10226 10276 10278
f 10229 10279 10277
f 10228 10278 10280
f 10231 10281 10279
f 10230 10280 10282
f 1231 10283 10281
f 10232 10282 10284
f 1234 10285 10283
f 1229 10284 9679
f 1236 10286 10285
f 858 9680 10286
f 10233 10287 10288
f 10234 10288 9681
f 10235 10289 10287
f 9670 9682 10290
f 10237 10291 10289
f 10236 10290 10292
f 10239 10293 10291
f 10238 10292 10294
f 10241 10295 10293
f 10240 10294 10296
f 10243 10297 10295
f 10242 10296 10298
f 10245 10299 10297
f 10244 10298 10300
f 10247 10301 10299
f 10246 10300 10302
f 10249 10303 10301
f 10248 10302 9683
f 10250 10304 10303
f 9672 9684 10304
f 10251 10305 10306
f 10252 10306 9685
f 10253 10307 10305
f 9674 9686 10308
f 10255 10309 10307
f 10254 10308 10310
f 10257 10311 10309
f 10256 10310 10312
f 10259 10313 10311
f 10258 10312 10314
f 10261 10315 10313
f 10260 10314 10316
f 10263 10317 10315
f 10262 10316 10318
f 10265 10319 10317
f 10264 10318 10320
f 10267 10321 10319
f 10266 10320 9687
f 10268 10322 10321
f 9676 9688 10322
f 10269 10323 10324
f 10270 10324 9689
f 10271 10325 10323
f 9678 9690 10326
f 10273 10327 10325
f 10272 10326 10328
f 10275 10329 10327
f 10274 10328 10330
f 10277 10331 10329
f 10276 10330 10332
f 10279 10333 10331
f 10278 10332 10334
f 10281 10335 10333
f 10280 10334 10336
f 10283 10337 10335
f 10282 10336 10338
f 10285 10339 10337
f 10284 10338 9691
f 10286 10340 10339
f 9680 9692 10340
f 10287 10341 10342
f 10288 10342 9693
f 10289 10343 10341
f 9682 9694 10344
f 10291 10345 10343
f 10290 10344 10346
f 10293 10347 10345
f 10292 10346 10348
f 10295 10349 10347
f 10294 10348 10350
f 10297 10351 10349
f 10296 10350 10352
f 10299 10353 10351
f 10298 10352 10354
f 10301 10355 10353
f 10300 10354 10356
f 10303 10357 10355
f 10302 10356 9695
f 10304 10358 10357
f 9684 9696 10358
f 10305 10359 10360
f 10306 10360 9697
f 10307 10361 10359
f 9686 9698 10362
f 10309 10363 10361
f 10308 10362 10364
f 10311 10365 10363
f 10310 10364 10366
f 10313 10367 10365
f 10312 10366 10368
f 10315 10369 10367
f 10314 10368 10370
f 10317 10371 10369
f 10316 10370 10372
f 10319 10373 10371
f 10318 10372 10374
f 10321 10375 10373
f 10320 10374 9699
f 10322 10376 10375
f 9688 9700 10376
f 10323 10377 10378
f 10324 10378 9701
f 10325 10379 10377
f 9690 9702 10380
f 10327 10381 10379
f 10326 10380 10382
f 10329 10383 10381
f 10328 10382 10384
f 10331 10385 10383
f 10330 10384 10386
f 10333 10387 10385
f 10332 10386 10388
f 10335 10389 10387
f 10334 10388 10390
f 10337 10391 10389
f 10336 10390 10392
f 10339 10393 10391
f 10338 10392 9703
f 10340 10394 10393
f 9692 9704 10394
f 10341 10395 10396
f 10342 10396 9705
f 10343 10397 10395
f 9694 9706 10398
f 10345 10399 10397
f 10344 10398 10400
f 10347 10401 10399
f 10346 10400 10402
f 10349 10403 10401
f 10348 10402 10404
f 10351 10405 10403
f 10350 10404 10406
f 10353 10407 10405
f 10352 10406 10408
f 10355 10409 10407
f 10354 10408 10410
f 10357 10411 10409
f 10356 10410 9707
f 10358 10412 10411
f 9696 9708 10412
f 10359 10413 10414
f 10360 10414 9709
f 10361 10415 10413
f 9698 9710 10416
f 10363 10417 10415
f 10362 10416 10418
f 10365 10419 10417
f 10364 10418 10420
f 10367 10421 10419
f 10366 10420 10422
f 10369 10423 10421
f 10368 10422 10424
f 10371 10425 10423
f 10370 10424 10426
f 10373 10427 10425
f 10372 10426 10428
f 10375 10429 10427
f 10374 10428 9711
f 10376 10430 10429
f 9700 9712 10430
f 10377 10431 10432
f 10378 10432 9713
f 10379 10433 10431
f 9702 9714 10434
f 10381 10435 10433
f 10380 10434 10436
f 10383 10437 10435
f 10382 10436 10438
f 10385 10439 10437
f 10384 10438 10440
f 10387 10441 10439
f 10386 10440 10442
f 10389 10443 10441
f 10388 10442 10444
f 10391 10445 10443
f 10390 10444 10446
f 10393 10447 10445
f 10392 10446 9715
f 10394 10448 10447
f 9704 9716 10448
f 10395 10449 10450
f 10396 10450 9717
f 10397 10451 10449
f 9706 9718 10452
f 10399 10453 10451
f 10398 10452 10454
f 10401 10455 10453
f 10400 10454 10456
f 10403 10457 10455
f 10402 10456 10458
f 10405 10459 10457
f 10404 10458 10460
f 10407 10461 10459
f 10406 10460 10462
f 10409 10463 10461
f 10408 10462 10464
f 10411 10465 10463
f 10410 10464 9719
f 10412 10466 10465
f 9708 9720 10466
f 10413 10467 10468
f 10414 10468 9721
f 10415 10469 10467
f 9710 9722 10470
f 10417 10471 10469
f 10416 10470 10472
f 10419 10473 10471
f 10418 10472 10474
f 10421 10475 10473
f 10420 10474 10476
f 10423 10477 10475
f 10422 10476 10478
f 10425 10479 10477
f 10424 10478 10480
f 10427 10481 10479
f 10426 10480 10482
f 10429 10483 10481
f 10428 10482 9723
f 10430 10484 10483
f 9712 9724 10484
f 10431 10485 10486
f 10432 10486 9725
f 10433 10487 10485
f 9714 9726 10488
f 10435 10489 10487
f 10434 10488 10490
f 10437 10491 10489
f 10436 10490 10492
f 10439 10493 10491
f 10438 10492 10494
f 10441 10495 10493
f 10440 10494 10496
f 10443 10497 10495
f 10442 10496 10498
f 10445 10499 10497
f 10444 10498 10500
f 10447 10501 10499
f 10446 10500 9727
f 10448 10502 10501
f 9716 9728 10502
f 10449 1238 1237
f 10450 1237 871
f 10451 1241 1238
f 9718 859 1243
f 10453 10503 1241
f 10452 1243 10504
f 10455 10505 10503
f 10454 10504 10506
f 10457 10507 10505
f 10456 10506 10508
f 10459 10509 10507
f 10458 10508 10510
f 10461 10511 10509
f 10460 10510 10512
f 10463 1245 10511
f 10462 10512 1249
f 10465 1246 1245
f 10464 1249 861
f 10466 1251 1246
f 9720 873 1251
f 10467 1254 1253
f 10468 1253 875
f 10469 1257 1254
f 9722 863 1259
f 10471 10513 1257
f 10470 1259 10514
f 10473 10515 10513
f 10472 10514 10516
f 10475 10517 10515
f 10474 10516 10518
f 10477 10519 10517
f 10476 10518 10520
f 10479 10521 10519
f 10478 10520 10522
f 10481 1261 10521
f 10480 10522 1265
f 10483 1262 1261
f 10482 1265 865
f 10484 1267 1262
f 9724 877 1267
f 10485 1270 1269
f 10486 1269 879
f 10487 1273 1270
f 9726 867 1275
f 10489 10523 1273
f 10488 1275 10524
f 10491 10525 10523
f 10490 10524 10526
f 10493 10527 10525
f 10492 10526 10528
f 10495 10529 10527
f 10494 10528 10530
f 10497 10531 10529
f 10496 10530 10532
f 10499 1277 10531
f 10498 10532 1281
f 10501 1278 1277
f 10500 1281 869
f 10502 1283 1278
f 9728 881 1283
f 1239 10533 1286
f 1242 1287 10533
f 860 9729 10600
f 10503 10534 1288
f 1243 887 9735
f 10505 10535 10534
f 10504 9735 9737
f 10507 10536 10535
f 10506 9737 9739
f 10509 10537 10536
f 10508 9739 9741
f 10511 10538 10537
f 10510 9741 9743
f 1245 1289 10538
f 10512 9743 888
f 1247 10539 1290
f 1250 889 9730
f 1252 1292 10539
f 1255 10540 1294
f 1258 1295 10540
f 864 9731 10601
f 10513 10541 1296
f 1259 897 9745
f 10515 10542 10541
f 10514 9745 9747
f 10517 10543 10542
f 10516 9747 9749
f 10519 10544 10543
f 10518 9749 9751
f 10521 10545 10544
f 10520 9751 9753
f 1261 1297 10545
f 10522 9753 898
f 1263 10546 1298
f 1266 899 9732
f 1268 1300 10546
f 1271 10547 1302
f 1274 1303 10547
f 868 9733 10602
f 10523 10548 1304
f 1275 907 9755
f 10525 10549 10548
f 10524 9755 9757
f 10527 10550 10549
f 10526 9757 9759
f 10529 10551 10550
f 10528 9759 9761
f 10531 10552 10551
f 10530 9761 9763
f 1277 1305 10552
f 10532 9763 908
f 1279 10553 1306
f 1282 909 9734
f 1284 1308 10553
f 10533 1310 1309
f 1287 1313 1310
f 10534 10554 1314
f 1314 10554 9736
f 10535 10555 10554
f 10554 10555 9738
f 10536 10556 10555
f 10555 10556 9740
f 10537 10557 10556
f 10556 10557 9742
f 10538 10558 10557
f 10557 10558 9744
f 1289 1315 10558
f 10558 1315 890
f 10539 1317 1316
f 1292 1319 1317
f 10540 1322 1321
f 1295 1325 1322
f 10541 10559 1326
f 1326 10559 9746
f 10542 10560 10559
f 10559 10560 9748
f 10543 10561 10560
f 10560 10561 9750
f 10544 10562 10561
f 10561 10562 9752
f 10545 10563 10562
f 10562 10563 9754
f 1297 1327 10563
f 10563 1327 900
f 10546 1329 1328
f 1300 1331 1329
f 10547 1334 1333
f 1303 1337 1334
f 10548 10564 1338
f 1338 10564 9756
f 10549 10565 10564
f 10564 10565 9758
f 10550 10566 10565
f 10565 10566 9760
f 10551 10567 10566
f 10566 10567 9762
f 10552 10568 10567
f 10567 10568 9764
f 1305 1339 10568
f 10568 1339 910
f 10553 1341 1340
f 1308 1343 1341
f 1345 10569 1348
f 1345 10570 1349
f 1502 10571 1504
f 1564 10572 1567
f 1661 10573 1670
f 1939 10574 1949
f 1948 10575 1949
f 2159 10576 2162
f 2105 10577 2162
f 2158 10578 2263
f 5978 10579 5979
f 6259 10580 6310
f 6091 10581 6095
f 6144 10582 6472
f 6530 10583 6532
f 6253 10584 6631
f 6633 10585 6634
f 6307 10586 6311
f 8647 10587 6426
f 6474 10588 6476
f 8918 10589 8971
f 6527 10590 6528
f 9512 10591 736
f 9524 10592 742
f 9536 10593 748
f 1028 10594 778
f 1044 10595 788
f 1060 10596 798
f 9644 10597 844
f 9656 10598 850
f 9668 10599 856
f 1244 10600 886
f 1260 10601 896
f 1276 10602 906
f 10569 1347 1348
f 10570 1351 1349
f 10571 1501 1504
f 10572 1566 1567
f 10573 1672 1670
f 10574 1948 1949
f 10575 1960 1949
f 10576 2161 2162
f 10577 2159 2162
f 10578 2264 2263
f 10579 6307 5979
f 10580 5982 6310
f 10581 6423 6095
f 10582 6423 6472
f 10583 6531 6532
f 10584 6633 6631
f 10585 6255 6634
f 10586 6819 6311
f 10587 6422 6426
f 10588 8921 6476
f 10589 8972 8971
f 10590 8972 6528
f 10591 982 736
f 10592 998 742
f 10593 1014 748
f 10594 9597 778
f 10595 9599 788
f 10596 9601 798
f 10597 1198 844
f 10598 1214 850
f 10599 1230 856
f 10600 9729 886
f 10601 9731 896
f 10602 9733 906
# 21200 faces, 0 coords texture

# End of File
